CASEID,PSU,CASENO,CASENUMBER,CATEGORY,VEHNO,VIN,VINLENGTH,MAKE,MODEL,MODELYR,BODYTYPE,BODYCAT,VEHCLASS,SPECUSE,TRANSTAT,DAMPLANE,DAMSEV,CURBWT,CURBSRC,CARGOWT,CARGOSRC,INSPTYPE,TOWSTAT,SPEEDLIMIT,DRPRESENT,PARALCOHOL,ALCTEST,ALCTESTRESULT,ALCTESTSRC,PARDRUG,DRUGTEST,ZIP,RACE,ETHNICITY,RELTOJUNCT,TRAFFLOW,RDLANES,INITLANE,SURFTYPE,SURFCOND,ALIGNMENT,PROFILE,LINERIGHT,LINELEFT,RUMBINIT,RUMBROAD,LIGHTCOND,WEATHER,TRAFDEV,TRAFFUNCT,DISTRACT,PREFHE,PREMOVE,CRITCAT,CRITEVENT,MANEUVER,PRESTAB,PRELOC,CRASHCAT,CRASHCONF,CRASHTYPE,ROLLTYPE,ROLLTURN,ROLLINTRPT,ROLLPREMAN,ROLLINITYP,ROLLINLOC,ROLLOBJ,ROLLTRIP,ROLLDIR,ROLLDIST,DVANGTHIS,DVANGOTH,TOWHITCH,TRAJDOC,TREEPOLE,DVEVENT,DVBASIS,DVTOTAL,DVLONG,DVLAT,DVENERGY,DVSPEED,DVMOMENT,DVBES,DVEST,DVCONF,VAIS,VISS,VINJURED,VTREAT,INITOBJCLASS,HEADANGLECAT,SHLDRWIDTH,STRKLENGTH,STRKWIDTH,STRKHEIGHT,EDGEDISTX,EDGEDISTY,EDGEDISTZ,CASEWGT,PSUSTRAT,VERSION
9113,20,4,1-20-2018-004-03,3,2,5XXGT4L34HG1,17,63,34,2017,4,1,4,0,1,F,2,1463,5,0,1,1,1,72,1,0,0,995,0,0,0,93907,7,9,2,1,3,2,2,1,3,9,3,1,0,0,3,1,1,2,9,0,5,4,62,99,1,1,3,G,51,0,0,0,0,0,0,0,0,0,0,10,160,0,0,0,1,1,29,-25,14,91162,998,106,31,0,1,1,1,0,3,0,995,9.8,998,998,998,99.8,99.8,99.8,309.958434075375,11,3
9113,20,4,1-20-2018-004-03,3,3,KNDJT2A22A70,17,63,37,2010,6,1,2,0,1,F,1,1315,5,0,1,1,1,72,1,0,0,995,0,0,0,93933,4,2,2,1,3,1,2,1,3,9,3,3,0,0,3,1,1,2,1,0,5,4,62,1,1,1,6,M,98,0,0,0,0,0,0,0,0,0,0,10,180,0,0,0,2,1,18,-18,3,9137,998,-30,13,0,1,1,1,0,6,0,995,9.8,998,998,998,99.8,99.8,99.8,309.958434075375,11,3
9114,17,6,1-17-2018-006-09,9,1,1GNEK13T91J2,17,20,421,2001,15,3,15,0,1,L,2,2317,5,0,1,5,1,113,1,8,0,995,0,9,0,60586,1,1,0,1,4,1,2,5,3,1,1,3,2,3,1,3,0,0,1,1,14,1,5,7,9,4,1,A,2,1,4,1,2,1,3,61,1,1,25,997,997,0,0,0,1,6,999,999,999,9999999,999,999,999,7,0,3,9,1,3,3,997,9.9,999,999,999,99.9,99.9,99.9,928.670484328288,4,3
9116,28,3,1-28-2018-003-04,4,1,KMHCU5AE0EU1,17,55,36,2014,5,1,2,0,1,F,1,1195,5,0,1,3,1,113,1,0,0,995,0,0,0,17702,1,2,0,3,2,1,2,1,1,1,1,3,1,3,2,1,0,0,1,0,1,6,87,4,1,1,1,C,13,0,0,0,0,0,0,0,0,0,0,998,998,0,0,0,1,12,999,999,999,9999999,999,999,999,2,0,0,0,0,0,0,998,9.8,998,998,998,99.8,99.8,99.8,187.830872453985,3,3
9117,66,1,1-66-2018-001-06,6,1,1GCHK24U31Z2,17,20,481,2001,34,5,31,0,2,L,1,9999,9,9999,9,4,,,,,,,,,,,,,,,,,,,,,,,,,,,,,,,,,,,,,,,,,,,,,,,,,,,,,,,,,,,,,,,,,,95,95,95,95,,,,,,,,,,274.912120238182,6,3
9117,66,1,1-66-2018-001-06,6,2,1G1PC5SH8C73,17,20,25,2012,4,1,3,0,1,R,2,1407,5,0,1,1,1,40,1,9,1,0,2,9,2,65705,5,9,3,4,2,1,2,2,1,1,0,0,0,0,1,2,0,0,3,1,1,2,13,1,1,4,1,C,11,0,0,0,0,0,0,0,0,0,0,180,180,0,0,0,1,5,999,999,999,9999999,999,999,999,7,0,1,1,0,3,0,995,0.0,120,120,120,6.3,1.7,6.7,274.912120238182,6,3
9121,13,6,1-13-2018-006-10,10,1,2MEFM74W8WX6,17,14,6,1998,4,1,5,0,1,T,1,1722,5,0,1,1,1,72,1,0,0,995,0,0,0,76115,1,9,3,1,2,1,2,5,1,2,0,3,0,0,2,1,0,0,9,1,1,1,6,99,2,4,1,A,2,1,3,2,2,2,4,68,4,2,8,997,997,0,0,0,1,6,999,999,999,9999999,999,999,999,6,0,0,0,0,0,3,997,9.8,998,998,998,99.8,99.8,99.8,13862.4226379394,7,3
9122,59,4,1-59-2018-004-03,3,1,2G1WT58K4892,17,20,2,2008,4,1,4,0,1,F,2,1630,5,9999,9,4,0,48,1,0,0,995,0,0,0,61932,9,9,2,4,5,2,2,1,1,1,3,2,0,0,3,1,1,2,9,0,1,3,51,99,1,1,2,D,24,0,0,0,0,0,0,0,0,0,0,290,260,0,0,0,1,4,25,-25,0,47216,998,0,27,0,4,95,95,95,95,0,995,9.8,998,998,998,99.8,99.8,99.8,79.542999788287,6,3
9122,59,4,1-59-2018-004-03,3,2,3FADP4BJ4FM1,17,12,32,2015,4,1,1,0,1,F,1,1169,5,0,1,1,1,48,1,0,0,995,0,0,0,47834,1,2,2,4,5,2,2,1,1,1,3,2,0,0,3,1,1,2,1,0,2,3,53,98,1,1,2,D,26,0,0,0,0,0,0,0,0,0,0,260,105,0,0,0,2,12,999,999,999,9999999,999,999,999,2,0,1,2,0,4,0,995,9.8,998,998,998,99.8,99.8,99.8,79.542999788287,6,3
9122,59,4,1-59-2018-004-03,3,3,1J4GW58S54C1,17,2,404,2004,14,3,14,0,1,L,1,1857,5,9999,9,4,1,48,1,0,0,995,0,0,0,47804,1,2,2,4,5,3,2,1,1,1,1,2,0,0,3,1,1,2,1,0,1,4,62,1,1,1,6,M,98,0,0,0,0,0,0,0,0,0,0,105,260,0,0,0,2,12,999,999,999,9999999,999,999,999,2,0,1,1,0,4,0,995,9.8,998,998,998,99.8,99.8,99.8,79.542999788287,6,3
9123,16,4,1-16-2018-004-07,7,1,1B3HB28B38D5,17,7,25,2008,5,1,2,0,1,L,9,1345,5,9999,9,0,0,89,1,0,0,995,0,0,0,45176,9,9,1,2,4,2,2,1,1,9,3,3,0,0,1,1,0,0,9,1,15,2,10,99,1,2,2,F,47,0,0,0,0,0,0,0,0,0,0,340,350,0,0,0,1,0,999,999,999,9999999,999,999,999,9,0,95,95,95,95,0,995,9.8,998,998,998,99.8,99.8,99.8,764.334607453308,5,3
9123,16,4,1-16-2018-004-07,7,2,1B3HB48A59D1,17,7,25,2009,5,1,2,0,1,B,1,1345,5,0,1,1,1,89,1,0,0,995,0,0,0,45157,7,9,1,2,4,3,2,1,1,9,3,3,0,0,1,1,0,0,9,0,1,4,61,99,1,1,2,F,45,0,0,0,0,0,0,0,0,0,0,998,998,0,0,0,3,10,999,999,999,9999999,999,999,9,1,0,9,97,0,6,0,998,9.7,120,31,999,19.2,4.1,19.8,764.334607453308,5,3
9131,24,4,1-24-2018-004-09,9,1,JTDBE32K5301,17,49,40,2003,4,1,3,0,1,F,1,1435,5,0,1,2,0,80,1,0,0,995,0,0,0,08234,9,9,2,2,2,1,2,1,1,2,1,3,0,0,1,1,1,2,9,0,1,3,52,2,1,1,2,D,28,0,0,0,0,0,0,0,0,0,0,305,305,0,0,0,1,1,24,-24,0,51442,998,0,30,0,1,95,95,95,95,0,995,9.8,998,998,998,99.8,99.8,99.8,1145.97848108922,1,3
9131,24,4,1-24-2018-004-09,9,2,4T1BE46K27U7,17,49,40,2007,4,1,3,0,1,F,2,1500,5,0,1,1,1,80,1,0,0,995,0,0,0,08244,1,2,2,2,2,1,2,1,1,2,1,3,0,0,1,1,1,2,1,0,2,3,53,2,1,1,2,D,29,0,0,0,0,0,0,0,0,0,0,305,305,0,0,0,2,3,37,-37,0,80110,998,0,35,0,4,1,2,0,4,0,995,9.8,998,998,998,99.8,99.8,99.8,1145.97848108922,1,3
9131,24,4,1-24-2018-004-09,9,3,1D4HB58D04F2,17,7,422,2004,15,3,15,0,1,B,2,2304,5,9999,9,0,0,80,1,0,0,995,0,0,0,08087,9,9,2,2,2,1,2,1,1,2,1,3,0,0,1,1,1,2,9,0,2,3,53,99,1,1,6,M,98,0,0,0,0,0,0,0,0,0,0,305,305,0,0,0,2,3,27,27,0,80344,998,0,29,0,4,95,95,95,95,0,995,9.8,998,998,998,99.8,99.8,99.8,1145.97848108922,1,3
9132,24,5,1-24-2018-005-06,6,1,1G2NW52E42M5,17,22,18,2002,4,1,3,0,1,F,1,1413,5,9999,9,0,0,72,1,0,0,995,0,0,0,08094,9,9,2,4,2,1,2,1,1,1,0,0,0,0,1,1,2,2,3,0,1,4,66,99,1,1,5,L,88,0,0,0,0,0,0,0,0,0,0,225,130,0,0,0,1,3,4,-2,3,738,998,172,2,0,4,95,95,95,95,0,995,9.8,998,998,998,99.8,99.8,99.8,394.729484390776,1,3
9132,24,5,1-24-2018-005-06,6,2,3N1AB61E69L6,17,35,43,2009,4,1,3,0,1,F,2,1296,5,0,1,1,1,72,1,0,0,995,0,0,0,08089,9,9,2,4,2,1,2,1,1,1,0,0,0,0,1,1,0,0,9,0,1,4,66,99,1,1,5,L,89,0,0,0,0,0,0,0,0,0,0,998,998,0,0,1,2,1,25,-25,0,34156,998,-22,25,0,1,99,99,0,0,0,998,0.0,40,40,999,6.1,7.0,9.2,394.729484390776,1,3
9133,24,6,1-24-2018-006-09,9,1,1B4GP25381B2,17,7,442,2001,20,4,20,0,1,F,1,1707,5,0,1,1,1,80,1,0,0,995,0,0,0,08037,1,2,2,4,4,2,2,1,1,1,3,2,0,0,1,8,1,2,1,0,1,4,62,2,1,1,4,J,69,0,0,0,0,0,0,0,0,0,0,130,210,0,0,0,1,1,9,-9,-2,12895,998,-6,13,0,1,1,2,0,4,0,995,9.8,998,998,998,99.8,99.8,99.8,1145.9784807475,1,3
9133,24,6,1-24-2018-006-09,9,2,5XXGN4A75CG0,17,63,34,2012,4,1,4,0,1,R,1,1454,5,0,1,2,0,80,1,0,0,995,0,0,0,08201,9,9,2,4,4,2,2,1,1,1,3,2,0,0,1,8,1,2,9,0,11,2,15,99,1,3,4,J,68,0,0,0,0,0,0,0,0,0,0,210,130,0,1,0,1,1,11,4,-10,11630,998,193,8,0,1,95,95,95,95,0,995,0.0,0,0,0,0.0,0.0,0.0,1145.9784807475,1,3
9134,23,5,1-23-2018-005-04,4,1,1G1JC5SH9F41,17,20,28,2015,4,1,1,0,1,L,1,1245,5,0,1,5,1,89,1,0,0,995,0,0,0,44833,1,2,0,4,2,1,2,3,1,2,0,0,0,0,2,4,0,0,1,1,1,1,5,4,3,4,1,B,7,0,0,0,0,0,0,0,0,0,0,998,998,0,0,1,1,11,999,999,999,9999999,999,999,999,6,0,1,1,0,0,0,998,3.7,5,5,999,18.8,4.8,19.7,1294.75890194952,5,3
9135,23,6,1-23-2018-006-03,3,1,3HGGK5H8XFM7,17,37,39,2015,5,1,1,0,1,F,1,1170,5,0,1,1,1,89,1,0,0,995,0,0,0,43214,1,2,0,2,2,2,2,4,1,4,3,2,0,0,1,1,0,0,1,1,1,1,6,2,4,4,1,B,7,0,0,0,0,0,0,0,0,0,0,998,998,0,0,0,1,1,17,-16,-3,14561,998,-30,17,0,2,0,0,0,0,0,998,3.7,999,999,999,0.0,0.0,0.0,425.181109960956,5,3
9136,23,7,1-23-2018-007-05,5,1,KL1TD6DE5AB0,17,20,39,2010,5,1,1,0,1,F,1,1160,5,0,1,1,1,113,1,1,8,997,8,1,3,43317,1,2,0,2,3,2,2,2,1,1,3,3,0,3,2,8,0,0,1,1,1,2,12,1,9,4,1,B,6,0,0,0,0,0,0,0,0,0,0,998,998,0,0,0,1,10,999,999,999,9999999,999,999,22,2,0,1,1,0,3,0,998,0.0,120,10,999,4.7,0.8,4.7,50.4532248975682,5,3
9137,28,4,1-28-2018-004-03,3,1,3N1AB7AP4EL6,17,35,43,2014,4,1,3,0,1,F,2,1293,5,0,1,1,1,40,1,0,0,995,0,0,0,16101,1,2,0,4,2,1,2,2,1,1,1,2,0,0,1,4,0,0,1,0,1,3,52,3,1,1,2,D,28,0,0,0,0,0,0,0,0,0,0,60,70,0,0,0,1,3,25,-24,-4,32501,998,-13,24,0,4,1,2,0,4,0,995,9.8,998,998,998,99.8,99.8,99.8,238.068958218601,3,3
9137,28,4,1-28-2018-004-03,3,2,1FMCU9H98DUC,17,12,402,2013,14,3,14,0,1,B,1,1693,5,0,1,3,0,40,1,0,0,995,0,0,0,16743,9,9,0,4,2,1,2,2,1,1,1,2,0,0,1,4,0,0,9,0,2,3,53,99,1,1,2,D,29,0,0,0,0,0,0,0,0,0,0,70,60,0,0,0,1,3,21,21,0,33573,998,0,22,0,4,95,95,95,95,0,995,9.8,998,998,998,99.8,99.8,99.8,238.068958218601,3,3
9138,52,2,1-52-2018-002-07,7,1,1HGCP2F79BA0,17,37,32,2011,4,1,4,0,1,F,1,1523,5,0,1,1,1,40,1,8,9,998,8,7,9,59102,1,9,2,4,6,2,2,5,1,1,1,1,0,0,1,1,1,2,1,0,1,3,50,1,1,1,2,D,20,0,0,0,0,0,0,0,0,0,0,350,0,0,0,0,1,3,16,-16,0,14103,998,37,15,0,4,0,0,0,0,0,995,9.8,998,998,998,99.8,99.8,99.8,562.963511185206,12,3
9138,52,2,1-52-2018-002-07,7,2,3C6UR5DJ1FG6,17,7,482,2015,34,5,31,99,1,B,1,3005,5,9999,9,0,0,40,1,8,9,998,8,7,9,59106,9,9,2,4,5,2,2,5,1,1,1,1,0,0,1,1,1,2,1,0,5,3,53,1,1,1,2,D,21,0,0,0,0,0,0,0,0,0,0,0,350,0,0,0,1,3,8,8,-1,10102,998,57,9,0,4,95,95,95,95,0,995,9.8,998,998,998,99.8,99.8,99.8,562.963511185206,12,3
9139,16,5,1-16-2018-005-03,3,1,JTMBK31VX650,17,49,402,2006,14,3,14,0,1,F,1,1658,5,0,1,1,1,56,1,0,0,995,0,0,0,46112,1,2,2,4,4,2,2,3,1,4,3,1,0,0,3,4,1,2,1,1,17,3,54,3,1,2,3,I,64,0,0,0,0,0,0,0,0,0,0,50,250,0,0,0,1,1,9,-9,2,9848,998,-36,12,0,4,0,0,0,0,0,995,9.8,998,998,998,99.8,99.8,99.8,535.890269029215,5,3
9139,16,5,1-16-2018-005-03,3,2,1C4PJLCB0EW1,17,2,404,2014,14,3,14,0,1,R,1,1712,5,0,1,1,1,56,1,0,0,995,0,0,0,45208,9,9,2,4,4,2,2,3,1,2,3,2,0,0,3,4,1,2,9,0,1,4,62,99,1,1,3,I,65,0,0,0,0,0,0,0,0,0,0,998,998,0,0,8,2,10,999,999,999,9999999,999,999,16,2,0,99,99,0,6,0,998,0.0,0,16,12,1.3,0.8,1.4,535.890269029215,5,3
9140,16,6,1-16-2018-006-06,6,1,1G1AD5F58A72,17,20,22,2010,4,1,2,0,1,F,2,1261,5,0,1,1,1,56,1,0,0,995,0,0,0,45232,2,2,0,5,4,2,2,4,1,2,3,2,0,0,1,1,0,0,1,1,1,1,5,8,3,4,1,A,2,0,0,0,0,0,0,0,0,0,0,998,998,0,0,0,1,1,35,-31,18,102379,998,99,35,0,1,0,0,0,0,0,998,0.0,120,120,120,2.4,2.1,2.9,711.290436632953,5,3
9141,59,5,1-59-2018-005-05,5,1,2G1FB3D33D91,17,20,9,2013,1,1,4,0,1,U,9,1806,5,9999,9,0,1,48,1,0,0,995,0,0,0,47879,9,9,2,4,2,1,2,2,1,1,0,0,0,0,1,1,2,2,9,1,10,1,5,99,2,4,1,B,7,0,0,0,0,0,0,0,0,0,0,998,998,0,0,0,1,0,999,999,999,9999999,999,999,999,9,0,0,0,0,4,0,998,0.0,119,18,20,0.0,0.0,0.0,85.0957234059345,6,3
9143,10,7,1-10-2018-007-04,4,1,KM8J23A45HU3,17,55,402,2017,14,3,14,0,1,F,9,1560,5,9999,9,0,1,89,1,1,1,118,1,0,0,45459,9,9,0,1,3,1,2,3,1,1,1,3,0,0,3,4,0,0,1,1,1,1,6,99,9,4,1,A,2,0,0,0,0,0,0,0,0,0,0,998,998,0,0,0,1,0,999,999,999,9999999,999,999,999,9,0,0,0,0,0,0,998,9.9,999,999,999,99.9,99.9,99.9,244.825026119941,4,3
9144,32,5,1-32-2018-005-07,7,1,JTMZF32V49D0,17,49,402,2009,14,3,14,0,1,F,1,1562,5,0,1,1,1,113,1,0,0,995,0,0,0,75208,1,2,1,3,1,1,1,1,1,4,1,1,0,0,3,1,0,0,3,0,1,3,50,1,1,1,2,D,20,0,0,0,0,0,0,0,0,0,0,170,175,0,0,0,1,1,18,-18,0,20090,998,37,17,0,1,0,0,0,0,0,995,9.8,998,998,998,99.8,99.8,99.8,1172.4360813216,7,3
9144,32,5,1-32-2018-005-07,7,2,1GNDT13X44K1,17,20,401,2004,14,3,14,0,1,B,1,1912,5,0,1,2,0,113,1,0,0,995,0,0,0,75249,9,9,1,3,1,1,1,1,1,4,1,1,0,0,3,1,0,0,1,0,5,3,53,1,1,1,2,D,21,0,0,0,0,0,0,0,0,0,0,175,170,0,0,0,1,1,15,14,-3,19888,998,43,15,0,1,95,95,95,95,0,995,9.8,998,998,998,99.8,99.8,99.8,1172.4360813216,7,3
9145,32,6,1-32-2018-006-08,8,1,1G1JC52F4571,17,20,16,2005,4,1,2,0,1,T,2,1214,5,0,1,1,1,113,1,0,1,0,2,0,1,76114,2,2,1,2,5,99,1,1,1,2,9,9,0,0,4,8,0,0,3,1,1,2,13,1,1,4,1,A,1,1,6,2,2,1,3,61,1,2,999,997,997,0,0,0,1,6,999,999,999,9999999,999,999,999,7,0,2,9,0,3,3,997,9.8,998,998,998,99.8,99.8,99.8,133.013918892584,7,3
9147,10,6,1-10-2018-006-04,4,1,1G6DP5773601,17,19,18,2006,4,1,4,0,1,F,9,1620,5,9999,9,0,0,56,1,0,0,995,0,0,0,45656,9,9,2,4,4,2,2,1,1,1,1,1,0,0,3,1,1,2,3,0,1,3,50,2,1,1,2,D,20,0,0,0,0,0,0,0,0,0,0,65,65,0,0,0,1,0,999,999,999,9999999,999,999,999,9,0,95,95,95,95,0,995,9.8,998,998,998,99.8,99.8,99.8,244.825026119941,4,3
9147,10,6,1-10-2018-006-04,4,2,2T1BURHE8EC0,17,49,32,2014,4,1,3,0,1,B,9,1290,5,9999,9,0,1,56,1,0,0,995,0,0,0,45656,1,2,2,4,4,2,2,1,1,1,1,1,0,0,3,1,1,2,1,0,5,3,52,2,1,1,2,D,21,0,0,0,0,0,0,0,0,0,0,65,65,0,0,0,1,0,999,999,999,9999999,999,999,999,9,0,99,99,0,99,0,995,9.8,998,998,998,99.8,99.8,99.8,244.825026119941,4,3
9147,10,6,1-10-2018-006-04,4,3,JN8AS5MV2FW2,17,35,51,2015,6,1,3,0,1,B,9,1610,5,9999,9,0,0,56,1,0,0,995,0,0,0,45401,9,9,2,4,4,2,2,1,1,1,1,1,0,0,3,1,1,2,9,0,5,3,53,99,1,1,6,M,98,0,0,0,0,0,0,0,0,0,0,65,65,0,0,0,2,0,999,999,999,9999999,999,999,999,9,0,95,95,95,95,0,995,9.8,998,998,998,99.8,99.8,99.8,244.825026119941,4,3
9148,26,2,1-26-2018-002-03,3,1,JM1BK3446817,17,41,51,2008,5,1,2,0,1,R,2,1271,5,9999,9,4,1,40,1,0,0,995,0,0,0,95828,1,2,2,4,2,1,2,2,1,1,0,2,0,0,3,2,2,2,9,0,1,4,66,99,1,1,5,L,87,0,0,0,0,0,0,0,0,0,0,340,260,0,0,0,1,3,27,-9,-26,69814,998,55,34,0,4,99,99,0,99,0,995,9.8,998,998,998,99.8,99.8,99.8,126.794856045418,10,3
9148,26,2,1-26-2018-002-03,3,2,VNKKTUD31FA0,17,49,51,2015,5,1,1,0,1,F,2,1085,5,0,1,1,1,40,1,0,0,995,0,0,0,95814,1,2,2,4,4,2,2,2,1,1,3,2,0,0,3,2,0,0,9,0,1,4,66,99,1,1,5,L,86,0,0,0,0,0,0,0,0,0,0,260,340,0,0,0,1,3,32,-27,16,29386,998,56,23,0,4,1,1,0,4,0,995,9.8,998,998,998,99.8,99.8,99.8,126.794856045418,10,3
9150,26,4,1-26-2018-004-05,5,1,1G1PC5SH7C74,17,20,25,2012,4,1,3,0,1,F,1,1407,5,0,1,1,1,56,1,0,1,0,2,0,2,95757,2,2,0,5,5,2,2,1,1,4,3,4,0,0,1,1,0,0,9,1,1,2,12,99,1,4,1,B,6,0,0,0,0,0,0,0,0,0,0,998,998,0,1,0,2,10,999,999,999,9999999,999,999,999,6,0,0,0,0,3,0,998,1.5,120,5,120,19.2,4.1,19.6,21.7452889756947,10,3
9151,66,2,1-66-2018-002-07,7,1,1GCRKSEA2CZ2,17,20,481,2012,34,5,31,0,1,F,1,2408,5,0,1,1,1,113,1,0,0,995,0,7,0,64834,1,2,0,2,2,2,2,1,1,1,3,2,1,3,1,1,0,0,1,1,1,1,6,8,1,4,1,B,7,0,0,0,0,0,0,0,0,0,0,998,998,0,0,0,1,10,999,999,999,9999999,999,999,23,2,0,0,0,0,0,0,998,1.2,120,44,75,17.0,0.0,17.3,2876.38317019404,6,3
9152,76,1,1-76-2018-001-10,10,1,4S3BE635X372,17,48,34,2003,4,1,3,0,1,F,2,1501,5,0,2,1,1,64,1,9,9,998,8,9,9,12414,1,2,0,4,2,1,2,1,1,1,1,2,0,0,1,1,0,0,3,1,1,2,13,1,1,4,1,A,1,0,0,0,0,0,0,0,0,0,0,998,998,0,0,2,2,10,999,999,999,9999999,999,999,32,3,0,1,1,0,7,0,998,9.9,23,23,38,99.9,99.9,99.9,701.421574034204,3,3
9155,12,4,1-12-2018-004-07,7,1,3GCEC14X66G2,17,20,481,2006,34,5,31,0,1,L,1,1836,5,9999,9,0,0,105,1,0,0,995,0,0,0,73086,9,9,2,4,2,1,2,1,1,1,1,2,2,3,1,1,2,2,3,0,11,2,15,1,1,1,4,K,82,0,0,0,0,0,0,0,0,0,0,40,175,0,0,0,1,3,14,-12,7,29871,998,-93,17,0,4,95,95,95,95,0,995,9.8,998,998,998,99.8,99.8,99.8,955.139938897715,9,3
9155,12,4,1-12-2018-004-07,7,2,1N4AL2AP3BN4,17,35,47,2011,4,1,4,0,1,F,1,1437,5,0,1,1,1,105,1,0,0,995,0,0,0,74820,3,2,2,4,2,1,2,1,1,1,1,2,0,0,1,1,0,0,1,0,1,4,67,2,1,1,4,K,83,0,0,0,0,0,0,0,0,0,0,175,40,0,0,0,1,3,16,-16,-3,11398,998,-91,11,0,4,1,1,0,6,0,995,9.8,998,998,998,99.8,99.8,99.8,955.139938897715,9,3
9157,14,3,1-14-2018-003-04,4,1,KNMAT2MV5GP7,17,35,51,2016,6,1,3,0,1,L,1,1610,5,0,2,5,1,89,1,0,0,995,0,0,0,60625,2,2,2,4,2,1,2,1,1,1,1,1,0,0,1,8,1,2,1,0,1,6,87,4,3,1,1,C,13,0,0,0,0,0,0,0,0,0,0,998,998,0,0,0,1,10,999,999,999,9999999,999,999,999,6,0,0,0,0,0,0,998,9.8,998,998,998,99.8,99.8,99.8,3554.80909318991,8,3
9158,29,5,1-29-2018-005-09,9,1,2T1BR32E77C7,17,49,32,2007,4,1,2,0,1,F,1,1135,5,0,1,1,1,56,1,0,0,995,0,0,0,02771,1,2,0,1,2,1,2,1,1,1,1,4,0,0,1,1,0,0,3,1,1,2,11,1,1,4,1,A,1,0,0,0,0,0,0,0,0,0,0,998,998,0,0,1,1,1,12,-12,0,8108,998,-55,12,0,4,3,14,1,3,0,998,1.2,37,37,120,8.0,1.4,8.0,1116.97548539866,2,3
9159,29,6,1-29-2018-006-09,9,1,JTDAT1232202,17,49,45,2002,2,1,1,0,1,T,2,923,5,0,2,1,1,89,1,0,0,995,0,0,0,02721,1,2,0,2,2,2,2,2,1,9,3,2,0,2,2,1,0,0,9,1,1,1,6,2,2,4,6,M,98,1,6,2,9,1,1,61,1,1,999,997,997,0,0,0,1,6,999,999,999,9999999,999,999,999,7,0,99,99,0,8,3,997,9.8,998,998,998,99.8,99.8,99.8,1116.97548541876,2,3
9160,31,2,1-31-2018-002-10,10,1,1GCEC14K8RE1,17,20,481,1994,34,5,31,0,1,F,1,1754,5,0,2,1,1,72,1,0,0,995,0,0,0,62869,1,2,2,4,4,2,2,2,1,1,1,1,0,0,3,99,1,2,3,0,1,3,50,4,1,1,2,D,20,0,0,0,0,0,0,0,0,0,0,270,265,0,0,0,1,1,13,-13,0,25232,998,-69,17,0,4,0,0,0,0,0,995,9.8,998,998,998,99.8,99.8,99.8,1996.26853546703,6,3
9160,31,2,1-31-2018-002-10,10,2,1C4NJRBB0GD7,17,2,407,2016,14,3,14,0,1,B,1,1423,5,0,1,2,0,72,1,0,0,995,0,0,0,62821,9,9,2,4,4,2,2,2,1,1,1,1,0,0,3,99,1,2,9,0,5,3,53,1,1,1,2,D,21,0,0,0,0,0,0,0,0,0,0,265,270,0,0,0,1,1,16,16,0,6908,998,-48,10,0,1,95,95,95,95,0,995,9.8,998,998,998,99.8,99.8,99.8,1996.26853546703,6,3
9161,17,7,1-17-2018-007-07,7,1,2D4RN5D18AR4,17,7,442,2010,20,4,20,0,1,L,1,2038,5,0,1,1,1,89,1,0,0,995,0,0,0,61265,1,2,0,4,2,1,2,3,1,1,1,2,0,0,1,1,0,0,1,1,1,1,5,1,2,4,1,A,2,0,0,0,0,0,0,0,0,0,0,998,998,0,0,0,3,10,999,999,999,9999999,999,999,21,2,0,1,2,0,4,0,998,1.2,999,55,999,19.5,1.7,19.6,961.21043381497,4,3
9162,17,8,1-17-2018-008-09,9,1,1FAPP36XXRK1,17,12,15,1994,4,1,2,0,1,F,1,1173,5,0,1,1,1,56,1,9,1,0,2,9,2,61201,1,9,0,4,2,1,2,1,1,1,1,2,0,0,1,1,0,0,1,0,1,3,50,1,1,1,2,D,20,0,0,0,0,0,0,0,0,0,0,110,110,0,0,0,1,3,19,-19,0,9433,998,0,14,0,4,2,4,0,3,0,995,9.8,998,998,998,99.8,99.8,99.8,846.419681868438,4,3
9162,17,8,1-17-2018-008-09,9,2,5GADV23L26D1,17,18,441,2006,20,4,20,0,1,B,1,2008,5,9999,9,0,0,56,1,9,0,995,0,9,0,61265,9,9,0,4,2,1,2,1,1,1,1,2,0,0,1,1,0,0,9,0,5,3,53,99,1,1,2,D,21,0,0,0,0,0,0,0,0,0,0,110,110,0,0,0,1,3,1,1,0,7987,998,0,3,0,4,95,95,95,95,0,995,9.8,998,998,998,99.8,99.8,99.8,846.419681868438,4,3
9163,19,6,1-19-2018-006-04,4,1,JHMCG56772C0,17,37,32,2002,4,1,3,0,1,B,1,1375,5,0,1,1,1,89,1,0,0,995,0,0,0,35906,2,2,4,1,2,2,2,1,1,1,3,2,0,0,1,1,0,0,1,0,1,3,52,2,1,1,2,D,28,0,0,0,0,0,0,0,0,0,0,5,340,0,0,0,2,3,11,11,-2,13784,998,106,13,0,3,1,1,0,0,0,995,9.8,998,998,998,99.8,99.8,99.8,3160.79028217076,9,3
9163,19,6,1-19-2018-006-04,4,2,3GNEC12T14G1,17,20,482,2004,34,5,31,0,1,B,9,2466,5,9999,9,0,0,89,1,0,0,995,0,0,0,35907,9,9,4,1,2,2,2,1,1,1,3,2,0,0,1,1,0,0,9,0,2,3,53,99,1,1,2,D,30,0,0,0,0,0,0,0,0,0,0,300,340,0,0,0,1,0,999,999,999,9999999,999,999,999,9,0,95,95,95,95,0,995,9.8,998,998,998,99.8,99.8,99.8,3160.79028217076,9,3