CASEID,PSU,CASENO,CASENUMBER,CATEGORY,VEHNO,VIN,VINLENGTH,MAKE,MODEL,MODELYR,BODYTYPE,BODYCAT,VEHCLASS,SPECUSE,TRANSTAT,DAMPLANE,DAMSEV,CURBWT,CURBSRC,CARGOWT,CARGOSRC,INSPTYPE,TOWSTAT,SPEEDLIMIT,DRPRESENT,PARALCOHOL,ALCTEST,ALCTESTRESULT,ALCTESTSRC,PARDRUG,DRUGTEST,ZIP,RACE,ETHNICITY,RELTOJUNCT,TRAFFLOW,RDLANES,INITLANE,SURFTYPE,SURFCOND,ALIGNMENT,PROFILE,LINERIGHT,LINELEFT,RUMBINIT,RUMBROAD,LIGHTCOND,WEATHER,TRAFDEV,TRAFFUNCT,DISTRACT,PREFHE,PREMOVE,CRITCAT,CRITEVENT,MANEUVER,PRESTAB,PRELOC,CRASHCAT,CRASHCONF,CRASHTYPE,ROLLTYPE,ROLLTURN,ROLLINTRPT,ROLLPREMAN,ROLLINITYP,ROLLINLOC,ROLLOBJ,ROLLTRIP,ROLLDIR,ROLLDIST,DVANGTHIS,DVANGOTH,TOWHITCH,TRAJDOC,TREEPOLE,DVEVENT,DVBASIS,DVTOTAL,DVLONG,DVLAT,DVENERGY,DVSPEED,DVMOMENT,DVBES,DVEST,DVCONF,VAIS,VISS,VINJURED,VTREAT,INITOBJCLASS,HEADANGLECAT,SHLDRWIDTH,STRKLENGTH,STRKWIDTH,STRKHEIGHT,EDGEDISTX,EDGEDISTY,EDGEDISTZ,CASEWGT,PSUSTRAT,VERSION
9327,24,11,1-24-2018-011-06,6,1,5FNRL5H46EB0,17,37,441,2014,20,4,20,0,1,F,1,2030,5,9999,9,0,0,40,1,0,0,995,0,0,0,08087,9,9,2,4,7,2,2,2,1,1,1,1,0,0,1,2,1,2,9,0,1,4,66,99,1,1,5,L,88,0,0,0,0,0,0,0,0,0,0,70,340,0,0,0,1,3,10,-10,-2,7732,998,-39,10,0,4,95,95,95,95,0,995,9.8,998,998,998,99.8,99.8,99.8,291.212803306012,1,3
9327,24,11,1-24-2018-011-06,6,2,1HGCP2F72AA0,17,37,32,2010,4,1,4,0,1,L,1,1523,5,0,1,1,1,40,1,0,0,995,0,0,0,08205,2,2,2,3,4,4,2,2,1,1,1,1,0,0,1,2,1,2,1,0,1,2,17,2,1,1,5,L,89,0,0,0,0,0,0,0,0,0,0,340,70,0,0,0,1,3,13,-2,13,18642,998,131,13,0,4,1,3,0,6,0,995,9.8,998,998,998,99.8,99.8,99.8,291.212803306012,1,3
9328,24,12,1-24-2018-012-09,9,1,1N4AL11DX3C1,17,35,47,2003,4,1,4,0,1,F,1,1408,5,0,1,2,0,40,1,0,0,995,0,0,1,08244,9,9,2,1,3,2,2,2,1,1,1,2,0,0,3,2,0,0,9,0,1,4,72,99,1,1,4,K,83,0,0,0,0,0,0,0,0,0,0,180,80,0,0,0,1,1,17,-17,3,9198,998,-11,13,0,1,95,95,95,95,0,995,9.8,998,998,998,99.8,99.8,99.8,845.448894282039,1,3
9328,24,12,1-24-2018-012-09,9,2,1GMDU03E41D1,17,22,441,2001,20,4,20,0,1,L,1,1725,5,0,1,1,1,40,1,0,0,995,0,0,0,08244,2,2,2,4,3,2,2,2,1,2,1,2,0,0,3,2,2,2,2,0,11,2,15,2,1,1,4,K,82,0,0,0,0,0,0,0,0,0,0,80,180,0,0,0,1,1,14,2,14,22046,998,-29,17,0,1,1,1,0,4,0,995,1.3,22,22,70,2.2,2.5,3.7,845.448894282039,1,3
9329,24,13,1-24-2018-013-10,10,1,1B4HS38N72F1,17,7,402,2002,14,3,14,0,1,F,1,2144,5,0,1,1,1,80,1,0,0,995,0,0,0,08234,1,1,0,4,2,1,2,5,2,4,1,2,0,0,2,4,0,0,1,1,14,1,5,99,4,4,1,B,7,0,0,0,0,0,0,0,0,0,0,998,998,0,0,0,1,1,22,-21,-8,51761,998,-70,22,0,4,0,0,0,0,0,998,0.8,120,45,75,0.5,0.8,0.9,5596.43120114642,1,3
9330,23,14,1-23-2018-014-09,9,1,2G1WH52K9394,17,20,2,2003,4,1,4,0,1,R,1,1552,5,0,1,1,1,113,1,1,0,995,0,0,0,43201,9,9,0,1,3,3,2,3,1,1,3,1,1,3,2,4,0,0,9,1,1,1,5,99,4,4,1,B,7,0,0,0,0,0,0,0,0,0,0,998,998,0,0,0,2,1,16,-15,-3,18437,998,80,16,0,1,99,99,0,0,0,998,2.1,3,1,1,10.7,5.0,11.7,642.465933130376,5,3
9331,23,15,1-23-2018-015-04,4,1,4S3BG6856X66,17,48,34,1999,6,1,2,0,1,L,2,1431,5,9999,9,4,1,89,1,0,0,995,0,0,0,43342,9,9,2,4,2,1,2,1,1,1,1,2,0,0,1,1,0,0,9,0,1,4,65,99,1,1,4,K,77,0,0,0,0,0,0,0,0,0,0,170,250,0,0,0,1,3,28,0,28,48799,998,-22,29,0,4,99,99,0,0,0,995,9.8,998,998,998,99.8,99.8,99.8,541.870619959268,5,3
9331,23,15,1-23-2018-015-04,4,2,JTMCY7AJ8H40,17,49,421,2017,15,3,15,0,1,F,1,2614,5,0,1,1,1,89,1,0,0,995,0,0,0,43015,9,9,2,4,2,1,2,1,1,1,1,2,0,0,1,1,2,2,9,0,11,2,15,99,1,1,4,K,76,0,0,0,0,0,0,0,0,0,0,250,170,0,0,0,1,3,15,-15,-3,18449,998,20,13,0,4,0,0,0,0,0,995,9.8,998,998,998,99.8,99.8,99.8,541.870619959268,5,3
9332,23,16,1-23-2018-016-09,9,1,WUARU78E77N9,17,32,43,2007,4,1,3,0,1,9,9,1794,8,9999,9,0,1,89,1,1,1,240,1,0,0,43011,9,1,0,4,2,1,2,1,1,1,1,2,0,0,1,1,0,0,3,1,1,2,13,99,1,4,1,A,1,1,2,2,2,1,4,61,1,1,9,997,997,0,0,0,4,0,999,999,999,9999999,999,999,999,9,0,99,99,0,5,3,997,0.2,12,12,119,9.1,0.8,9.1,642.465933130376,5,3
9333,52,5,1-52-2018-005-09,9,1,2GTEC19T3113,17,23,481,2001,34,5,31,0,1,T,3,1986,5,0,1,1,1,56,1,0,1,133,2,0,0,59102,1,2,0,4,5,1,2,5,1,1,0,3,0,0,1,10,0,0,9,1,1,1,5,1,2,4,1,A,2,1,2,2,1,2,4,58,4,2,4,997,997,0,0,0,4,6,999,999,999,9999999,999,999,999,8,0,1,1,0,4,3,997,0.0,19,19,120,2.2,1.8,3.4,628.42521903097,12,3
9334,10,10,1-10-2018-010-03,3,1,2T3RFREV3EW1,17,49,402,2014,14,3,14,0,1,F,1,1615,5,0,1,1,1,56,1,0,0,995,0,0,0,45417,9,9,2,4,5,2,2,1,1,1,1,2,0,0,1,1,1,2,9,0,1,4,67,3,1,9,4,K,83,0,0,0,0,0,0,0,0,0,0,155,45,0,0,0,1,3,17,-17,-3,13333,998,32,14,0,4,99,99,0,8,0,995,9.8,998,998,998,99.8,99.8,99.8,135.242694957323,4,3
9334,10,10,1-10-2018-010-03,3,2,2T1BURHE8GC6,17,49,32,2016,4,1,3,0,1,L,1,1265,5,9999,9,0,1,56,1,0,0,995,0,0,0,45405,9,9,2,4,2,1,2,1,1,1,0,2,0,0,1,1,1,2,9,0,11,2,15,99,1,1,4,K,82,0,0,0,0,0,0,0,0,0,0,45,155,0,0,0,1,3,21,-11,18,35151,998,-70,23,0,4,99,99,0,99,0,995,9.8,998,998,998,99.8,99.8,99.8,135.242694957323,4,3
9335,59,10,1-59-2018-010-05,5,1,1GNKVJED4CJ2,17,20,24,2012,6,1,5,0,1,F,1,2234,5,0,1,1,1,48,1,0,0,995,0,0,0,47803,1,2,2,4,2,1,2,5,1,1,0,2,0,0,1,1,0,0,1,1,1,1,5,2,2,4,1,A,2,1,5,2,2,2,4,42,4,2,9,998,998,0,0,1,1,1,15,-15,0,20963,998,-46,15,0,1,1,2,0,4,3,998,0.8,65,65,120,13.3,5.6,14.6,62.0292182713193,6,3
9337,12,9,1-12-2018-009-04,4,1,5NPD84LF3JH2,17,55,35,2018,4,1,3,0,1,L,2,1275,8,0,1,1,1,56,1,0,0,995,0,0,0,73401,9,9,2,1,2,1,2,1,1,1,0,1,0,0,1,1,1,2,9,0,1,4,66,99,1,1,5,L,89,0,0,0,0,0,0,0,0,0,0,300,5,0,0,0,1,5,999,999,999,9999999,999,999,25,3,0,0,0,0,0,0,995,9.8,998,998,998,99.8,99.8,99.8,1693.75206000956,9,3
9337,12,9,1-12-2018-009-04,4,2,1FDWE3FS0DDA,17,12,461,2013,28,4,28,6,1,F,9,9999,9,9999,9,0,0,56,1,0,0,995,0,0,0,73401,9,9,2,4,2,1,2,1,1,1,0,2,0,0,1,1,1,2,1,0,1,4,66,99,1,1,5,L,88,0,0,0,0,0,0,0,0,0,0,5,300,0,0,0,1,0,999,999,999,9999999,999,999,999,9,0,95,95,95,95,0,995,9.8,998,998,998,99.8,99.8,99.8,1693.75206000956,9,3
9339,32,18,1-32-2018-018-02,2,1,1FAFP55243A1,17,12,17,2003,4,1,3,0,1,F,1,1521,5,0,1,1,1,64,1,0,0,995,0,0,0,75088,1,2,2,1,4,1,1,1,1,1,0,0,0,0,1,1,1,2,9,0,11,2,15,99,1,1,4,J,68,0,0,0,0,0,0,0,0,0,0,340,210,0,0,0,1,1,15,-10,-12,32261,998,-122,18,0,4,0,0,0,5,0,995,9.8,998,998,998,99.8,99.8,99.8,46.1119484697094,7,3
9339,32,18,1-32-2018-018-02,2,2,5NPD84LF1HH0,17,55,35,2017,4,1,3,0,1,F,1,1275,5,0,1,1,1,64,1,0,0,995,0,0,0,75040,1,2,2,1,4,1,1,1,1,4,0,5,0,0,1,1,1,2,1,0,1,4,62,2,1,1,4,J,69,0,0,0,0,0,0,0,0,0,0,210,340,0,0,0,1,1,17,-17,0,10758,998,-63,13,0,4,2,5,0,4,0,995,9.8,998,998,998,99.8,99.8,99.8,46.1119484697094,7,3
9340,32,19,1-32-2018-019-01,1,1,5GADS13S0423,17,18,402,2004,14,3,14,0,1,F,1,2099,5,0,1,1,1,64,1,1,1,0,3,1,2,75238,2,2,1,3,1,1,1,1,2,4,1,2,0,0,3,1,3,2,9,1,14,2,12,8,4,4,1,B,7,1,1,2,2,1,4,48,1,1,999,998,998,0,0,0,1,1,16,-16,0,22175,998,0,16,0,1,1,1,0,2,3,998,2.3,50,50,80,12.8,2.6,13.1,84.6163488929365,7,3
9342,14,6,1-14-2018-006-05,5,1,JN1BY1AP5CM3,17,58,38,2012,4,1,4,0,1,F,9,1750,5,0,2,3,1,72,1,0,0,995,0,0,0,78130,1,1,3,3,4,4,2,1,1,1,1,0,0,0,1,1,5,2,9,0,1,4,71,99,1,1,4,K,79,0,0,0,0,0,0,0,0,0,0,210,155,0,0,0,1,12,999,999,999,9999999,999,999,999,9,0,1,1,0,4,0,995,9.8,998,998,998,99.8,99.8,99.8,569.96703965737,8,3
9342,14,6,1-14-2018-006-05,5,2,1D7HA18228S6,17,7,482,2008,34,5,31,0,1,L,9,2208,5,9999,9,0,0,72,1,0,0,995,0,0,0,78132,9,9,3,4,2,1,2,1,1,4,0,0,0,0,1,1,0,0,9,0,10,2,16,99,1,1,4,K,78,0,0,0,0,0,0,0,0,0,0,155,210,0,0,0,1,0,999,999,999,9999999,999,999,999,9,0,95,95,95,95,0,995,9.8,998,998,998,99.8,99.8,99.8,569.96703965737,8,3
9342,14,6,1-14-2018-006-05,5,3,5NPET46C29H5,17,55,33,2009,4,1,3,0,1,B,9,1476,5,9999,9,0,0,72,1,0,0,995,0,0,0,78640,9,9,3,3,4,4,2,1,1,1,1,0,0,0,1,1,5,2,9,0,1,4,61,99,1,1,6,M,98,0,0,0,0,0,0,0,0,0,0,210,165,0,0,0,2,0,999,999,999,9999999,999,999,999,9,0,95,95,95,95,0,995,9.8,998,998,998,99.8,99.8,99.8,569.96703965737,8,3
9343,25,7,1-25-2018-007-07,7,1,3VWDZ7AJ7BM3,17,30,40,2011,4,1,3,0,1,F,9,1381,5,0,1,4,1,56,1,0,0,995,0,0,0,04010,1,2,0,4,2,1,2,1,1,1,1,2,0,0,1,1,0,0,3,0,1,3,50,2,1,1,2,D,20,0,0,0,0,0,0,0,0,0,0,110,110,0,0,0,1,12,999,999,999,9999999,999,999,999,9,0,0,0,0,0,0,995,9.8,998,998,998,99.8,99.8,99.8,1979.19034701911,2,3
9343,25,7,1-25-2018-007-07,7,2,4S4BT61C6371,17,48,44,2003,10,2,3,0,1,B,9,1581,5,9999,9,4,1,56,1,0,0,995,0,0,0,04074,9,9,0,4,2,1,2,1,1,1,1,2,0,0,1,1,0,0,9,0,5,3,52,2,1,1,2,D,21,0,0,0,0,0,0,0,0,0,0,110,110,0,0,0,1,12,999,999,999,9999999,999,999,999,9,0,0,0,0,0,0,995,9.8,998,998,998,99.8,99.8,99.8,1979.19034701911,2,3
9344,19,14,1-19-2018-014-05,5,1,1N4AA51E09C8,17,35,39,2009,4,1,4,0,1,T,2,1630,5,0,1,1,1,56,1,0,0,995,0,9,0,35904,2,2,0,5,5,1,2,1,1,4,0,3,0,0,1,1,0,0,9,1,1,2,13,99,1,4,1,A,1,1,6,2,1,1,4,61,1,2,25,997,997,0,1,0,2,6,999,999,999,9999999,999,999,999,7,0,1,1,0,4,3,997,0.0,23,23,120,20.5,1.2,20.6,177.770197070683,9,3
9345,66,5,1-66-2018-005-01,1,1,3VWRX7AJ9AM0,17,30,40,2010,4,1,2,0,1,F,2,1465,5,48,1,1,1,89,1,0,0,995,0,7,0,65723,9,9,0,4,2,1,2,1,1,1,1,2,3,3,1,8,0,0,9,1,1,2,10,1,1,2,3,G,50,0,0,0,0,0,0,0,0,0,0,110,310,0,0,0,1,5,999,999,999,9999999,999,999,999,7,0,9,97,0,1,0,995,9.8,998,998,998,99.8,99.8,99.8,397.68735285329,6,3
9345,66,5,1-66-2018-005-01,1,2,1HTMGABM42A9,17,84,882,2002,60,8,60,0,1,F,9,,,,,,1,89,1,0,9,998,8,7,9,65723,9,9,0,4,2,1,2,1,1,1,1,4,3,3,1,8,0,0,1,0,1,4,62,4,1,1,3,G,51,,,,,,,,,,,,,,,,,,,,,,,,,,,95,95,95,95,,,9.8,998,998,998,99.8,99.8,99.8,397.68735285329,6,3
9346,16,12,1-16-2018-012-03,3,1,KMHDU4AD6AU9,17,55,35,2010,4,1,3,0,1,R,1,1246,5,0,1,1,1,40,1,0,0,995,0,0,0,45202,2,2,2,4,2,1,2,1,1,1,0,0,0,0,1,1,2,2,1,0,11,2,15,1,1,1,4,K,76,0,0,0,0,0,0,0,0,0,0,220,180,0,0,0,1,1,23,11,-20,39349,998,-36,27,0,1,0,0,0,6,0,995,9.8,998,998,998,99.8,99.8,99.8,103.633391977495,5,3
9346,16,12,1-16-2018-012-03,3,2,1G1PG5SB2E74,17,20,25,2014,4,1,3,0,1,F,1,1407,5,0,1,1,1,48,1,0,0,995,0,0,0,45106,9,9,2,4,4,1,2,1,1,2,0,3,0,0,1,1,0,0,9,0,1,4,65,99,1,1,4,K,77,0,0,0,0,0,0,0,0,0,0,180,220,0,0,0,1,1,20,-19,7,14511,998,36,15,0,1,9,97,0,99,0,995,9.8,998,998,998,99.8,99.8,99.8,103.633391977495,5,3
9347,16,13,1-16-2018-013-08,8,1,1LNLM81W5RY6,17,13,1,1994,4,1,5,0,1,B,1,1830,5,0,1,2,0,40,0,7,7,887,6,8,8,99998,9,9,1,3,1,1,2,1,1,2,1,2,1,1,3,1,0,0,0,8,0,3,53,0,0,0,2,D,32,0,0,0,0,0,0,0,0,0,0,0,340,0,0,0,1,1,22,21,-4,39300,998,9,24,0,4,95,95,95,95,0,995,9.8,998,998,998,99.8,99.8,99.8,58.4702887305281,5,3
9347,16,13,1-16-2018-013-08,8,2,2HGES16592H5,17,37,31,2002,4,1,2,0,1,F,2,1134,5,0,1,1,1,40,1,0,0,995,0,0,0,41075,1,2,1,3,1,1,2,1,1,2,1,2,1,1,3,1,0,0,1,0,1,3,50,1,1,1,2,D,32,0,0,0,0,0,0,0,0,0,0,340,0,0,0,0,1,1,33,-33,-6,46266,998,-22,31,0,4,0,0,0,4,0,995,9.8,998,998,998,99.8,99.8,99.8,58.4702887305281,5,3
9349,13,16,1-13-2018-016-06,6,1,1G1AF5F53A72,17,20,22,2010,4,1,2,0,1,R,1,1261,5,0,1,1,1,72,1,0,0,995,0,0,0,76010,1,1,2,1,3,2,1,1,1,1,1,1,0,0,1,1,1,2,9,0,1,2,17,99,1,1,5,L,87,0,0,0,0,0,0,0,0,0,0,320,240,0,0,0,1,1,20,-3,-20,23552,998,3,21,0,1,0,0,0,4,0,995,9.8,998,998,998,99.8,99.8,99.8,1560.41119453373,7,3
9349,13,16,1-13-2018-016-06,6,2,2C3CA5CV5AH1,17,6,51,2010,4,1,5,0,1,F,1,1706,5,0,1,5,1,72,1,0,0,995,0,0,0,76010,9,1,2,4,6,1,1,1,1,1,0,3,0,0,1,1,1,2,9,0,1,4,66,2,1,1,5,L,86,0,0,0,0,0,0,0,0,0,0,240,320,0,0,0,1,1,15,-15,3,12630,998,39,13,0,1,0,0,0,0,0,995,9.8,998,998,998,99.8,99.8,99.8,1560.41119453373,7,3
9350,13,17,1-13-2018-017-06,6,1,4JGDF7CE3DA2,17,42,421,2013,15,3,15,0,1,L,2,2480,5,0,1,1,1,999,1,0,0,995,0,0,0,76109,1,9,0,1,2,1,2,1,1,1,0,5,0,0,1,1,0,0,9,1,1,2,13,99,1,4,1,A,1,1,1,2,4,1,1,61,1,2,8,997,997,0,0,0,2,6,999,999,999,9999999,999,999,999,7,0,0,0,0,3,3,997,0.0,17,17,120,5.0,0.7,5.0,1560.41119453373,7,3
9351,13,18,1-13-2018-018-06,6,1,1FTSW2BR4AEA,17,12,481,2010,34,5,31,0,1,T,2,2728,5,0,1,5,1,64,1,0,0,995,0,0,0,76016,1,9,2,1,3,3,2,2,3,1,3,0,0,0,3,2,0,0,9,1,14,1,6,99,4,4,1,B,7,1,4,2,1,1,4,63,1,1,20,997,997,0,0,0,1,6,999,999,999,9999999,999,999,999,7,0,1,1,0,4,3,997,9.8,998,998,998,99.8,99.8,99.8,1560.41119453373,7,3
9354,26,12,1-26-2018-012-04,4,1,4T1BF1FK4GU2,17,49,40,2016,4,1,4,0,1,F,1,1467,5,0,1,1,1,40,1,9,9,998,8,9,9,99999,9,9,2,4,2,1,2,1,1,1,0,0,0,0,3,1,0,0,9,0,1,3,50,99,1,4,2,D,20,0,0,0,0,0,0,0,0,0,0,250,250,0,0,0,1,8,999,999,999,9999999,999,999,999,6,0,0,0,0,0,0,995,9.8,998,998,998,99.8,99.8,99.8,648.257826825658,10,3
9354,26,12,1-26-2018-012-04,4,2,5N1AR18U15C7,17,35,401,2005,14,3,14,0,2,B,9,2068,5,9999,9,0,,,,,,,,,,,,,,,,,,,,,,,,,,,,,,,,,,,,,,,,,,,,,,,,,,,,,,,,,,,,,,,,,,95,95,95,95,,,,,,,,,,648.257826825658,10,3
9355,28,7,1-28-2018-007-06,6,1,999999999999,99,12,401,2007,14,3,14,0,1,B,1,2100,4,9999,9,0,0,64,1,0,0,995,0,0,0,14733,9,9,2,4,2,1,2,2,2,1,1,2,0,0,1,1,0,0,9,0,13,2,20,99,1,1,6,M,92,0,0,0,0,0,0,0,0,0,0,10,10,0,0,0,1,3,13,13,0,16145,998,0,14,0,4,95,95,95,95,0,995,9.8,998,998,998,99.8,99.8,99.8,191.640029207882,3,3
9355,28,7,1-28-2018-007-06,6,2,2A4RR5DG8BR7,17,6,441,2011,20,4,20,0,1,F,1,2046,5,0,1,1,1,64,1,0,0,995,0,0,0,16950,1,2,2,4,2,1,2,2,2,1,1,2,0,0,1,1,0,0,1,0,14,3,54,2,1,1,6,M,93,0,0,0,0,0,0,0,0,0,0,10,10,0,0,0,1,3,13,-13,0,12648,998,-10,12,0,4,1,1,0,4,0,995,9.8,998,998,998,99.8,99.8,99.8,191.640029207882,3,3
9356,28,8,1-28-2018-008-06,6,1,2GNFLEEK0D62,17,20,404,2013,14,3,14,0,1,F,2,1782,5,0,1,1,1,89,1,0,0,995,0,0,0,16948,1,2,0,4,2,1,2,4,2,1,1,2,0,1,1,4,0,0,3,1,14,2,10,1,1,2,3,I,64,0,0,0,0,0,0,0,0,0,0,240,70,0,0,0,1,8,999,999,999,9999999,999,999,999,7,0,1,2,0,4,0,995,9.9,999,999,999,99.9,99.9,99.9,191.640029191139,3,3
9356,28,8,1-28-2018-008-06,6,2,2D4GP44L75R2,17,7,442,2005,20,4,20,0,1,L,2,1752,5,0,1,1,1,89,1,0,0,995,0,0,0,16948,1,2,0,4,2,1,2,4,2,1,1,2,2,2,1,4,0,0,1,0,14,3,54,1,1,1,3,I,65,0,0,0,0,0,0,0,0,0,0,70,240,0,0,0,1,8,999,999,999,9999999,999,999,999,7,0,1,3,0,4,0,995,9.8,998,998,998,99.8,99.8,99.8,191.640029191139,3,3
9357,27,7,1-27-2018-007-03,3,1,1C4RJFAG0EC3,17,2,422,2014,15,3,15,0,1,F,1,2121,5,0,1,1,1,48,1,8,0,995,0,7,9,01247,1,2,0,4,2,1,2,5,1,4,0,0,0,0,1,9,0,0,1,1,1,1,5,5,2,4,1,A,2,0,0,0,0,0,0,0,0,0,0,998,998,0,0,1,1,1,16,-15,-3,21209,998,30,16,0,4,1,2,0,4,0,998,0.0,25,25,112,32.6,2.2,32.8,74.9833943279252,3,3
9357,27,7,1-27-2018-007-03,3,2,5TBBT44131S2,17,49,482,2001,34,5,31,0,1,F,1,2060,5,0,1,2,0,48,1,8,0,995,0,7,9,01256,9,9,0,4,2,1,2,5,1,2,0,0,0,0,1,9,0,0,1,0,1,4,62,2,1,1,6,M,98,0,0,0,0,0,0,0,0,0,0,270,260,0,0,0,2,1,14,-14,2,23630,998,11,17,0,1,95,95,95,95,0,995,9.8,998,998,998,99.8,99.8,99.8,74.9833943279252,3,3
9358,27,8,1-27-2018-008-03,3,1,3VWRZ7AJ6AM0,17,30,40,2010,4,1,2,0,1,F,1,1465,5,0,1,1,1,56,1,0,0,995,0,0,0,01201,1,2,2,4,2,1,2,1,1,1,1,2,0,0,1,1,0,0,1,1,1,4,67,3,1,1,3,H,58,0,0,0,0,0,0,0,0,0,0,240,85,0,0,0,1,1,16,-16,3,12214,998,89,12,0,4,0,0,0,0,0,995,9.8,998,998,998,99.8,99.8,99.8,74.9833943425392,3,3
9358,27,8,1-27-2018-008-03,3,2,2T1BURHE0EC0,17,49,32,2014,4,1,3,0,1,F,1,1290,5,0,1,1,1,56,1,0,0,995,0,0,0,01201,2,2,2,4,2,1,2,1,1,1,1,2,0,0,1,1,0,0,1,0,1,4,62,4,1,1,3,H,59,0,0,0,0,0,0,0,0,0,0,85,240,0,0,0,1,1,17,-15,8,27949,998,62,20,0,1,1,1,0,4,0,995,9.8,998,998,998,99.8,99.8,99.8,74.9833943425392,3,3
9360,17,14,1-17-2018-014-10,10,1,4T1BG22K31U1,17,49,40,2001,4,1,3,0,1,F,1,1345,5,0,1,1,1,48,1,9,0,995,0,9,0,61244,2,2,0,4,2,1,1,3,3,4,0,2,0,0,2,4,0,0,1,1,14,1,5,3,4,4,1,A,2,0,0,0,0,0,0,0,0,0,0,998,998,0,0,1,1,1,13,-13,2,10192,998,-18,13,0,4,0,0,0,0,0,998,0.0,999,37,36,16.0,8.0,18.0,3075.38866874239,4,3
9361,17,15,1-17-2018-015-10,10,1,2G1WC58R3791,17,20,2,2007,4,1,4,0,1,L,1,1630,5,0,1,1,1,48,1,9,9,998,8,9,9,99999,2,2,0,4,5,2,2,1,1,1,3,2,0,0,2,1,0,0,9,1,1,2,11,99,2,4,1,A,1,0,0,0,0,0,0,0,0,0,0,998,998,0,0,0,3,10,999,999,999,9999999,999,999,23,2,0,99,99,0,99,0,998,0.0,90,41,70,0.0,0.0,0.0,3075.38866874239,4,3
9362,17,16,1-17-2018-016-08,8,1,1GKFK63857J2,17,23,421,2007,15,3,15,0,1,T,2,2556,5,0,1,1,1,89,1,9,1,239,2,9,2,61242,1,2,0,4,2,1,2,3,3,1,1,2,0,0,2,1,6,2,1,1,14,1,6,99,4,4,1,A,2,1,4,2,2,1,3,61,1,1,20,997,997,0,0,0,3,6,999,999,999,9999999,999,999,999,7,0,1,1,0,4,3,997,0.0,8,8,119,7.0,3.0,8.0,71.1003718534564,4,3
9363,29,9,1-29-2018-009-09,9,1,2HGFG12867H5,17,37,31,2007,2,1,3,0,1,F,1,1227,5,0,2,1,1,48,1,0,0,995,0,0,0,02703,1,2,2,4,2,1,2,3,1,1,1,2,0,0,1,4,2,2,1,1,1,1,6,4,2,4,1,A,2,0,0,0,0,0,0,0,0,0,0,998,998,0,0,0,1,1,20,-20,0,23579,998,57,20,0,1,1,3,0,4,0,998,0.5,120,27,30,1.0,2.0,3.0,2327.82760682904,2,3
9364,31,5,1-31-2018-005-02,2,1,2GCEC19TX311,17,20,481,2003,34,5,30,0,1,R,2,2106,5,9999,9,0,1,89,1,0,0,995,0,0,0,62954,9,9,2,4,2,1,2,1,1,1,1,4,0,0,1,1,0,0,9,0,11,2,15,99,1,1,4,J,68,0,0,0,0,0,0,0,0,0,0,230,100,0,0,0,1,3,36,-33,-12,178018,998,100,40,0,4,9,97,0,8,0,995,9.8,998,998,998,99.8,99.8,99.8,251.201707166377,6,3
9364,31,5,1-31-2018-005-02,2,2,3C6UR5CL7EG2,17,7,482,2014,34,5,31,0,1,F,1,3008,5,0,1,1,1,89,1,0,0,995,0,0,0,62984,1,2,2,4,2,1,2,1,2,1,1,4,0,0,1,1,0,0,1,0,14,4,62,4,2,1,4,J,69,1,4,2,2,1,3,61,1,2,21,100,230,0,0,0,1,3,23,-20,12,66634,998,133,18,0,4,2,6,0,4,3,995,9.8,998,998,998,99.8,99.8,99.8,251.201707166377,6,3
9366,30,11,1-30-2018-011-06,6,1,5NPET4AC1AH6,17,55,33,2010,4,1,3,0,1,F,1,1493,5,0,1,1,1,105,1,0,9,998,8,0,9,85258,1,2,0,2,6,2,2,1,1,1,3,3,0,0,1,1,0,0,3,0,1,3,50,2,1,1,2,D,20,0,0,0,0,0,0,0,0,0,0,20,20,0,0,0,1,1,14,-14,0,16493,998,-23,16,0,4,2,5,0,3,0,995,9.8,998,998,998,99.8,99.8,99.8,1156.68515954863,10,3
9366,30,11,1-30-2018-011-06,6,2,SJKCH5CP8HA0,17,58,47,2017,5,1,3,0,1,B,1,1491,5,0,1,2,0,105,1,0,0,995,0,0,0,85255,9,9,0,2,6,2,2,1,1,1,3,3,0,0,1,1,0,0,1,0,5,3,53,1,1,1,2,D,21,0,0,0,0,0,0,0,0,0,0,20,20,0,0,0,1,1,15,15,0,7771,998,0,12,0,4,95,95,95,95,0,995,9.8,998,998,998,99.8,99.8,99.8,1156.68515954863,10,3
9366,30,11,1-30-2018-011-06,6,3,2T3ZF4DVXBW1,17,49,402,2011,14,3,14,0,1,B,1,1558,5,9999,9,0,0,105,1,0,0,995,0,0,0,85051,9,9,0,2,6,2,2,1,1,1,3,3,0,0,1,1,0,0,1,0,5,3,53,1,1,1,6,M,98,0,0,0,0,0,0,0,0,0,0,20,20,0,0,0,2,3,12,12,0,8151,998,0,12,0,4,95,95,95,95,0,995,9.8,998,998,998,99.8,99.8,99.8,1156.68515954863,10,3
9367,22,8,1-22-2018-008-03,3,1,3GCUKRECXEG3,17,20,481,2014,34,5,31,0,1,F,2,2378,5,240,1,1,1,105,1,0,0,995,0,0,0,83539,1,2,0,4,2,1,2,1,1,1,1,4,2,3,1,8,0,0,1,1,1,2,13,3,1,4,1,A,1,0,0,0,0,0,0,0,0,0,0,998,998,0,0,5,1,10,999,999,999,9999999,999,999,31,3,0,2,5,0,4,0,998,1.4,26,26,120,20.9,6.5,21.9,169.417956648543,12,3