CASEID,PSU,CASENO,CASENUMBER,CATEGORY,VEHNO,VIN,VINLENGTH,MAKE,MODEL,MODELYR,BODYTYPE,BODYCAT,VEHCLASS,SPECUSE,TRANSTAT,DAMPLANE,DAMSEV,CURBWT,CURBSRC,CARGOWT,CARGOSRC,INSPTYPE,TOWSTAT,SPEEDLIMIT,DRPRESENT,PARALCOHOL,ALCTEST,ALCTESTRESULT,ALCTESTSRC,PARDRUG,DRUGTEST,ZIP,RACE,ETHNICITY,RELTOJUNCT,TRAFFLOW,RDLANES,INITLANE,SURFTYPE,SURFCOND,ALIGNMENT,PROFILE,LINERIGHT,LINELEFT,RUMBINIT,RUMBROAD,LIGHTCOND,WEATHER,TRAFDEV,TRAFFUNCT,DISTRACT,PREFHE,PREMOVE,CRITCAT,CRITEVENT,MANEUVER,PRESTAB,PRELOC,CRASHCAT,CRASHCONF,CRASHTYPE,ROLLTYPE,ROLLTURN,ROLLINTRPT,ROLLPREMAN,ROLLINITYP,ROLLINLOC,ROLLOBJ,ROLLTRIP,ROLLDIR,ROLLDIST,DVANGTHIS,DVANGOTH,TOWHITCH,TRAJDOC,TREEPOLE,DVEVENT,DVBASIS,DVTOTAL,DVLONG,DVLAT,DVENERGY,DVSPEED,DVMOMENT,DVBES,DVEST,DVCONF,VAIS,VISS,VINJURED,VTREAT,INITOBJCLASS,HEADANGLECAT,SHLDRWIDTH,STRKLENGTH,STRKWIDTH,STRKHEIGHT,EDGEDISTX,EDGEDISTY,EDGEDISTZ,CASEWGT,PSUSTRAT,VERSION
9368,18,8,1-18-2018-008-02,2,1,3N1AB7APXGY2,17,35,43,2016,4,1,3,0,1,R,2,1306,5,0,1,1,1,56,1,0,0,995,0,0,0,54701,1,1,2,4,3,2,1,1,1,1,1,2,0,0,1,8,1,2,9,0,11,2,15,99,1,1,4,K,76,0,0,0,0,0,0,0,0,0,0,350,275,0,0,0,1,1,26,-16,-20,11137,998,-23,14,0,3,4,34,1,1,0,995,0.0,20,20,120,1.5,0.7,1.7,55.3672538353833,6,3
9368,18,8,1-18-2018-008-02,2,2,1GCHK23U14F1,17,20,481,2004,34,5,31,0,1,F,1,2668,5,110,4,5,1,72,1,0,0,995,0,0,0,54742,1,2,2,1,3,3,1,1,2,1,3,0,0,0,1,8,1,2,1,0,14,4,65,2,1,1,4,K,77,0,0,0,0,0,0,0,0,0,0,275,350,0,0,0,1,1,13,-8,10,55859,998,150,18,0,3,1,1,0,6,0,995,9.8,998,998,998,99.8,99.8,99.8,55.3672538353833,6,3
9369,33,12,1-33-2018-012-05,5,1,JT2BF22K3X02,17,49,40,1999,4,1,3,0,1,F,1,1475,5,0,1,1,1,56,1,1,9,998,8,0,0,95969,1,9,2,4,5,2,2,1,1,1,3,1,0,0,1,1,1,2,9,1,15,2,17,1,1,2,5,L,88,0,0,0,0,0,0,0,0,0,0,115,15,0,0,0,1,1,19,-18,-3,37548,998,-35,24,0,4,0,0,0,0,0,995,9.8,998,998,998,99.8,99.8,99.8,28.9441844864407,12,3
9369,33,12,1-33-2018-012-05,5,2,2C4RDGDG0CR2,17,7,442,2012,20,4,20,0,1,L,1,1960,5,0,1,5,1,40,1,0,0,995,0,0,0,96092,1,1,2,4,2,1,2,1,1,1,0,2,0,0,1,1,1,2,9,0,1,4,66,99,1,1,5,L,89,0,0,0,0,0,0,0,0,0,0,15,115,0,0,0,1,1,14,-5,13,9851,998,123,9,0,4,1,3,0,4,0,995,9.8,998,998,998,99.8,99.8,99.8,28.9441844864407,12,3
9370,33,13,1-33-2018-013-09,9,1,1G4HP53L9NH5,17,18,2,1992,4,1,4,0,1,F,9,1568,5,9999,9,0,1,56,1,0,1,0,2,1,2,95926,1,2,2,4,5,1,2,1,1,1,1,3,0,0,1,1,1,2,9,1,3,2,13,1,1,4,1,A,1,0,0,0,0,0,0,0,0,0,0,998,998,0,0,0,99,0,999,999,999,9999999,999,999,999,9,0,1,3,0,3,0,998,1.7,18,18,120,4.8,1.6,5.0,220.210910698904,12,3
9373,15,13,1-15-2018-013-03,3,1,19UDE2F3XHA0,17,54,41,2017,4,1,3,0,1,R,9,1415,5,0,2,4,1,56,1,0,0,995,0,0,0,11552,1,1,2,4,4,2,2,1,2,4,1,2,0,0,3,1,0,0,9,0,11,2,15,99,1,1,4,J,68,0,0,0,0,0,0,0,0,0,0,10,260,0,0,0,1,12,999,999,999,9999999,999,999,999,9,0,0,0,0,4,0,995,9.8,998,998,998,99.8,99.8,99.8,222.871267210449,1,3
9373,15,13,1-15-2018-013-03,3,2,19XFC2F59GE2,17,37,31,2016,4,1,3,0,1,F,9,1244,5,0,2,0,1,56,1,0,0,995,0,0,0,11692,2,2,2,4,4,2,2,1,3,1,1,3,0,0,3,1,0,0,1,0,14,4,62,2,1,1,4,J,69,0,0,0,0,0,0,0,0,0,0,260,10,0,0,0,1,0,999,999,999,9999999,999,999,999,9,0,0,0,0,4,0,995,9.8,998,998,998,99.8,99.8,99.8,222.871267210449,1,3
9374,15,14,1-15-2018-014-03,3,1,JN8AS5MV7BW6,17,35,51,2011,6,1,3,0,1,R,1,1574,5,0,1,1,1,48,1,0,0,995,0,0,0,11550,7,2,2,4,4,2,2,1,1,1,3,2,0,0,1,1,1,2,1,0,11,2,15,1,1,1,4,J,68,1,1,2,5,7,1,2,2,2,999,10,270,0,0,0,1,3,9,-2,-9,7906,998,-23,11,0,4,1,1,0,0,1,995,9.8,998,998,998,99.8,99.8,99.8,222.871267210449,1,3
9374,15,14,1-15-2018-014-03,3,2,2HGFC2F58HH5,17,37,31,2017,4,1,3,0,1,F,1,1244,5,9999,9,4,1,48,1,0,0,995,0,0,0,11553,9,9,2,4,4,2,2,1,1,1,3,2,0,0,1,1,1,2,9,0,1,4,62,99,1,1,4,J,69,0,0,0,0,0,0,0,0,0,0,270,10,0,0,0,1,3,11,-11,0,4890,998,-62,9,0,4,0,0,0,4,0,995,9.8,998,998,998,99.8,99.8,99.8,222.871267210449,1,3
9375,30,12,1-30-2018-012-02,2,1,KNDJF7231773,17,63,401,2007,14,3,14,0,1,F,3,1520,5,9999,9,4,1,105,1,0,0,995,0,0,0,85282,9,9,1,2,7,1,2,1,1,1,1,3,0,0,1,1,0,0,9,0,1,3,52,99,1,1,2,D,28,0,0,0,0,0,0,0,0,0,0,90,90,0,0,0,1,3,57,-57,0,237648,998,0,62,0,4,9,97,0,99,0,995,9.8,998,998,998,99.8,99.8,99.8,33.4228472085741,10,3
9375,30,12,1-30-2018-012-02,2,2,JN8AF5MR9ET4,17,35,403,2014,14,3,14,0,1,B,3,1348,5,0,1,1,1,105,1,0,0,995,0,0,0,85018,1,9,1,2,7,1,2,1,1,1,1,3,0,0,1,1,0,0,1,0,2,3,53,99,1,1,2,D,29,0,0,0,0,0,0,0,0,0,0,90,90,0,0,0,1,3,64,64,0,204118,998,-34,59,0,4,1,2,0,4,0,995,9.8,998,998,998,99.8,99.8,99.8,33.4228472085741,10,3
9376,20,13,1-20-2018-013-02,2,1,1HGCR2F36EA2,17,37,32,2014,4,1,4,0,1,F,1,1496,5,0,1,1,1,105,1,1,8,997,8,0,0,93906,7,9,0,2,2,2,2,1,1,9,3,2,1,3,2,1,0,0,9,1,1,2,12,99,1,4,1,B,6,1,4,2,2,1,4,61,1,2,22,998,998,0,0,0,1,1,12,-11,4,10058,998,30,12,0,4,2,4,0,3,3,998,4.8,999,999,999,99.9,99.9,99.9,26.8025465982331,11,3
9376,20,13,1-20-2018-013-02,2,2,4S3BH6653176,17,48,34,2001,5,1,3,0,1,F,9,1551,5,9999,9,0,0,105,1,0,0,995,0,0,0,94546,9,9,0,2,2,1,2,1,1,9,1,3,2,3,2,1,0,0,9,0,1,4,60,99,1,1,6,M,98,0,0,0,0,0,0,0,0,0,0,240,10,0,0,0,2,0,999,999,999,9999999,999,999,999,9,0,95,95,95,95,0,995,9.8,998,998,998,99.8,99.8,99.8,26.8025465982331,11,3
9377,20,14,1-20-2018-014-09,9,1,KNAFE1210754,17,63,33,2007,4,1,2,0,1,T,9,1225,5,9999,9,0,1,105,1,1,1,14,2,0,1,93906,3,9,0,2,2,1,2,1,1,9,1,3,0,0,1,1,0,0,9,1,1,2,13,99,1,4,1,A,1,1,99,9,2,2,4,44,4,2,999,997,997,0,0,0,1,0,999,999,999,9999999,999,999,999,9,0,1,2,0,4,3,997,9.8,998,998,998,99.8,99.8,99.8,1628.09823393908,11,3
9378,20,15,1-20-2018-015-01,1,1,JT2AE94K5L33,17,49,32,1990,6,1,1,0,1,F,3,1075,5,0,1,1,1,89,1,9,1,0,4,9,1,95076,9,1,0,4,2,1,2,99,1,1,4,1,0,0,2,99,0,0,9,1,1,2,10,99,1,2,3,G,50,0,0,0,0,0,0,0,0,0,0,85,265,0,0,0,1,1,55,-55,0,185302,998,-51,60,0,4,3,17,1,1,0,995,9.8,998,998,998,99.8,99.8,99.8,36.3646221338123,11,3
9378,20,15,1-20-2018-015-01,1,2,4T1BK1EB7EU1,17,49,43,2014,4,1,4,0,1,F,2,1620,5,0,2,1,1,89,1,9,1,15,2,9,1,95076,7,1,0,4,2,1,2,99,1,1,4,1,0,0,2,99,0,0,1,0,1,4,62,1,1,4,3,G,51,0,0,0,0,0,0,0,0,0,0,265,85,0,0,0,1,1,37,-37,0,67806,998,-22,31,0,4,2,6,0,3,0,995,9.8,998,998,998,99.8,99.8,99.8,36.3646221338123,11,3
9379,33,14,1-33-2018-014-10,10,1,JHMEJ8647YS0,17,37,31,2000,4,1,2,0,1,R,1,1067,5,0,1,1,1,40,1,1,9,998,8,0,0,95926,1,2,2,3,2,1,2,2,1,1,0,4,0,0,3,2,2,2,2,0,1,2,17,1,1,1,5,L,87,0,0,0,0,0,0,0,0,0,0,150,60,0,0,0,1,3,10,-8,-7,12461,998,154,11,0,4,0,0,0,0,0,995,9.8,998,998,998,99.8,99.8,99.8,1260.53870886491,12,3
9379,33,14,1-33-2018-014-10,10,2,JTNBE46K6730,17,49,40,2007,4,1,3,0,1,F,1,1500,5,0,2,0,1,40,1,0,0,995,0,0,0,95928,1,1,2,3,2,2,2,2,1,1,0,1,0,0,3,2,0,0,1,0,1,4,66,2,1,1,5,L,86,0,0,0,0,0,0,0,0,0,0,60,150,0,0,0,1,3,7,-5,6,5371,998,156,6,0,4,0,0,0,0,0,995,9.8,998,998,998,99.8,99.8,99.8,1260.53870886491,12,3
9380,21,11,1-21-2018-011-02,2,1,5YFBURHE7GP4,17,49,32,2016,4,1,3,0,1,F,3,1265,5,46,1,1,1,105,1,8,8,997,8,1,3,92404,9,1,0,2,4,2,2,1,1,9,3,3,0,0,1,1,5,2,9,1,6,2,10,99,9,2,2,F,45,1,6,1,5,1,1,61,1,2,105,260,225,0,0,0,2,5,999,999,999,9999999,999,999,43,4,0,2,9,0,3,3,995,3.0,999,999,999,0.0,0.0,0.0,11.470238003013,11,3
9380,21,11,1-21-2018-011-02,2,2,5TBET38114S4,17,49,482,2004,34,5,31,0,1,R,1,2150,5,9999,9,4,1,105,1,0,8,997,8,0,3,92504,9,1,0,2,4,3,2,1,1,9,3,3,0,0,1,1,5,2,9,0,1,4,61,1,1,1,2,F,44,0,0,0,0,0,0,0,0,0,0,225,205,0,0,0,1,12,999,999,999,9999999,999,999,999,2,0,0,0,0,4,0,995,9.8,998,998,998,99.8,99.8,99.8,11.470238003013,11,3
9380,21,11,1-21-2018-011-02,2,3,1XPHD49XXCD1,17,87,881,2012,66,8,68,0,1,L,9,,,,,,0,105,1,0,0,995,0,0,0,92562,9,9,0,2,4,1,2,1,1,9,1,3,0,0,1,1,5,2,9,0,1,4,60,1,1,1,6,M,98,,,,,,,,,,,,,,,,,,,,,,,,,,,95,95,95,95,,,9.8,998,998,998,99.8,99.8,99.8,11.470238003013,11,3
9381,21,12,1-21-2018-012-03,3,1,1HGCP2F64CA0,17,37,32,2012,4,1,4,0,1,F,1,1468,5,0,1,1,1,72,1,0,0,995,0,0,0,92320,9,9,2,4,5,2,2,1,1,1,3,1,0,0,1,1,1,2,9,0,1,2,17,99,1,1,5,L,86,0,0,0,0,0,0,0,0,0,0,350,80,0,0,0,1,3,17,-13,11,13750,998,100,13,0,4,3,9,1,3,0,995,9.8,998,998,998,99.8,99.8,99.8,274.792034669927,11,3
9381,21,12,1-21-2018-012-03,3,2,1HGCR3F98HA0,17,37,32,2017,4,1,4,0,1,R,1,1615,5,9999,9,0,1,48,1,0,0,995,0,0,0,92324,9,9,2,4,2,1,2,1,1,2,0,2,0,0,1,1,1,2,9,0,1,4,66,99,1,1,5,L,87,0,0,0,0,0,0,0,0,0,0,80,350,0,0,0,1,3,15,-10,-12,31899,998,85,19,0,4,99,99,0,99,0,995,9.8,998,998,998,99.8,99.8,99.8,274.792034669927,11,3
9381,21,12,1-21-2018-012-03,3,3,2C3CA5CV4AH2,17,6,51,2010,4,1,5,0,1,L,9,1706,5,9999,9,0,0,40,1,0,0,995,0,0,0,92324,9,9,2,4,2,1,2,1,1,2,0,2,0,0,1,1,1,2,9,0,1,4,62,99,1,1,6,M,98,0,0,0,0,0,0,0,0,0,0,260,55,0,0,0,2,0,999,999,999,9999999,999,999,999,9,0,95,95,95,95,0,995,9.8,998,998,998,99.8,99.8,99.8,274.792034669927,11,3
9382,21,13,1-21-2018-013-03,3,1,5N1AN08U95C6,17,35,402,2005,14,3,14,0,1,F,1,1973,5,9999,9,0,0,56,1,9,0,995,0,9,0,99999,9,9,2,1,5,2,2,1,1,1,1,1,0,0,1,1,1,2,9,0,1,2,17,99,1,1,4,J,69,0,0,0,0,0,0,0,0,0,0,195,320,0,0,0,1,3,7,-7,1,2441,998,34,5,0,4,95,95,95,95,0,995,9.8,998,998,998,99.8,99.8,99.8,274.792034805683,11,3
9382,21,13,1-21-2018-013-03,3,2,1G1BC5SM9G72,17,20,25,2016,4,1,3,0,1,R,1,1399,5,0,1,1,1,56,1,0,0,995,0,0,0,92407,9,9,2,1,6,4,1,1,1,1,1,0,0,0,1,1,1,2,9,0,11,4,63,99,1,1,4,J,68,0,0,0,0,0,0,0,0,0,0,320,195,0,0,0,1,3,9,-7,-6,6457,998,-1,11,0,4,99,99,0,99,0,995,9.8,998,998,998,99.8,99.8,99.8,274.792034805683,11,3
9383,59,12,1-59-2018-012-08,8,1,KNDJD7333655,17,63,402,2006,14,3,14,0,1,L,1,1971,5,0,1,1,1,48,1,0,0,995,0,0,0,62423,1,2,2,4,2,1,2,5,1,2,0,0,0,0,1,1,2,2,1,1,1,1,6,98,2,4,1,B,7,1,1,2,2,5,4,31,1,2,2,997,997,0,0,0,1,6,999,999,999,9999999,999,999,999,6,0,2,5,0,3,2,997,9.8,998,998,998,99.8,99.8,99.8,315.289178152673,6,3
9384,15,15,1-15-2018-015-04,4,1,1N4AL3AP8EC2,17,35,47,2014,4,1,4,0,1,F,9,1451,5,9999,9,0,0,48,1,0,0,995,0,0,0,11803,9,9,2,4,2,1,2,3,1,1,1,2,0,0,1,4,0,0,9,0,1,3,52,99,1,1,2,D,28,0,0,0,0,0,0,0,0,0,0,95,95,0,0,0,1,0,999,999,999,9999999,999,999,999,9,0,95,95,95,95,0,995,9.8,998,998,998,99.8,99.8,99.8,672.145813398061,1,3
9384,15,15,1-15-2018-015-04,4,2,JTHBA30G7651,17,59,31,2006,4,1,3,0,1,B,9,1570,5,9999,9,0,0,48,1,0,0,995,0,0,0,11560,9,9,2,4,2,1,2,3,1,1,1,2,0,0,1,4,0,0,9,0,2,3,53,99,1,1,2,D,29,0,0,0,0,0,0,0,0,0,0,95,95,0,0,0,1,0,999,999,999,9999999,999,999,999,9,0,95,95,95,95,0,995,9.8,998,998,998,99.8,99.8,99.8,672.145813398061,1,3
9384,15,15,1-15-2018-015-04,4,3,5N1AT2MV8GC8,17,35,51,2016,6,1,3,0,1,F,9,1610,5,9999,9,0,1,48,1,0,0,995,0,0,0,11735,9,9,2,4,2,1,2,3,1,1,1,2,0,0,1,4,0,0,9,0,1,4,62,99,1,1,6,M,98,0,0,0,0,0,0,0,0,0,0,275,80,0,0,0,2,0,999,999,999,9999999,999,999,999,9,0,0,0,0,0,0,995,9.8,998,998,998,99.8,99.8,99.8,672.145813398061,1,3
9386,32,20,1-32-2018-020-06,6,1,JHMGE88419S0,17,37,39,2009,5,1,1,0,1,F,1,1121,5,0,1,5,1,113,1,0,0,995,0,0,0,75098,1,9,1,3,2,2,1,1,2,2,3,2,0,0,1,8,0,0,9,1,14,2,12,99,1,4,1,B,6,0,0,0,0,0,0,0,0,0,0,998,998,0,0,0,1,1,18,-17,3,14287,998,-18,18,0,4,9,97,0,0,0,998,1.4,120,999,999,0.0,0.0,0.0,1439.06900916195,7,3
9387,16,15,1-16-2018-015-07,7,1,JTDKB20U2833,17,49,46,2008,5,1,3,99,1,F,1,1335,5,9999,9,0,0,40,1,0,0,995,0,0,0,43016,9,9,2,4,4,2,2,2,1,1,3,2,0,0,1,8,1,2,9,0,1,2,17,99,1,1,4,K,83,0,0,0,0,0,0,0,0,0,0,195,90,0,0,0,1,3,8,-7,-3,3732,998,-67,7,0,4,95,95,95,95,0,995,9.8,998,998,998,99.8,99.8,99.8,469.866263372512,5,3
9387,16,15,1-16-2018-015-07,7,2,2G1WC5E3XC12,17,20,2,2012,4,1,4,0,1,L,1,1658,5,0,1,1,1,40,1,0,0,995,0,0,0,45205,2,2,2,4,3,2,2,2,1,1,1,2,0,0,1,8,1,2,1,0,11,3,55,2,1,2,4,K,82,0,0,0,0,0,0,0,0,0,0,90,195,0,0,0,1,3,6,-3,5,9229,998,-259,6,0,4,1,1,0,6,0,995,0.0,42,31,60,1.6,2.3,2.6,469.866263372512,5,3
9391,11,2,1-11-2018-002-07,7,1,19XFB2F88DE2,17,37,31,2013,4,1,3,0,1,F,2,1251,5,0,1,1,1,56,1,0,0,995,0,0,0,23831,9,9,2,4,2,1,2,2,1,1,1,2,0,0,1,2,0,0,9,0,1,3,50,99,9,1,2,D,20,0,0,0,0,0,0,0,0,0,0,40,40,0,0,0,1,3,37,-37,0,51587,998,0,29,0,4,0,0,0,0,0,995,9.8,998,998,998,99.8,99.8,99.8,13920.9589573646,8,3
9391,11,2,1-11-2018-002-07,7,2,1HGCD5639TA0,17,37,32,1996,4,1,3,0,1,B,2,1305,5,9999,9,0,0,56,1,0,0,995,0,0,0,23831,9,9,2,4,2,1,2,2,1,1,1,2,0,0,1,2,0,0,9,0,5,3,53,99,1,1,2,D,21,0,0,0,0,0,0,0,0,0,0,40,40,0,0,0,1,3,35,35,0,87456,998,0,42,0,4,95,95,95,95,0,995,9.8,998,998,998,99.8,99.8,99.8,13920.9589573646,8,3
9392,10,11,1-10-2018-011-08,8,1,1G3WS52H52F2,17,21,23,2002,4,1,3,0,1,F,1,1557,5,0,1,1,1,40,1,1,8,997,8,1,3,45405,9,9,0,4,2,1,2,1,1,1,0,0,0,0,3,1,0,0,9,1,1,2,11,99,1,4,1,C,11,0,0,0,0,0,0,0,0,0,0,340,355,0,0,0,2,3,19,-19,3,24926,998,72,18,0,4,9,97,0,8,0,995,9.8,998,998,998,99.8,99.8,99.8,101.771009265431,4,3
9392,10,11,1-10-2018-011-08,8,2,1G4HP57287U1,17,18,23,2007,4,1,5,0,2,L,1,1707,5,9999,9,5,,,,,,,,,,,,,,,,,,,,,,,,,,,,,,,,,,,,,,,,,,,,,,,,,,,,,,,,,,,,,,,,,,95,95,95,95,,,,,,,,,,101.771009265431,4,3
9392,10,11,1-10-2018-011-08,8,3,1GCCS1944XK1,17,20,471,1999,34,5,30,0,2,B,1,1425,5,9999,9,5,,,,,,,,,,,,,,,,,,,,,,,,,,,,,,,,,,,,,,,,,,,,,,,,,,,,,,,,,,,,,,,,,,95,95,95,95,,,,,,,,,,101.771009265431,4,3
9392,10,11,1-10-2018-011-08,8,4,1G1ND52F24M7,17,20,37,2004,4,1,3,0,2,F,9,1495,5,9999,9,0,,,,,,,,,,,,,,,,,,,,,,,,,,,,,,,,,,,,,,,,,,,,,,,,,,,,,,,,,,,,,,,,,,95,95,95,95,,,,,,,,,,101.771009265431,4,3
9393,23,17,1-23-2018-017-09,9,1,1HGCP36858A0,17,37,32,2008,4,1,4,0,1,F,2,1621,5,0,1,1,1,89,1,0,0,995,0,0,0,43040,1,2,2,4,3,1,2,1,1,1,1,2,0,0,1,1,1,2,1,0,1,4,66,2,1,1,5,L,86,0,0,0,0,0,0,0,0,0,0,40,175,0,0,0,1,1,29,-27,10,91162,998,66,34,0,1,2,4,0,4,0,995,9.8,998,998,998,99.8,99.8,99.8,819.341503720161,5,3
9393,23,17,1-23-2018-017-09,9,2,2HKYF18683H5,17,37,421,2003,15,3,15,0,1,R,1,2007,5,0,1,1,1,72,1,0,0,995,0,0,0,43061,9,9,2,4,2,1,2,1,1,1,1,2,0,0,1,1,1,2,9,0,1,2,17,99,1,1,5,L,87,0,0,0,0,0,0,0,0,0,0,175,40,0,0,0,1,1,24,-20,-12,21731,998,44,16,0,1,9,97,0,8,0,995,2.4,50,999,999,2.5,3.2,4.0,819.341503720161,5,3
9394,23,18,1-23-2018-018-06,6,1,4T1BE46K49U7,17,49,40,2009,4,1,4,0,1,F,1,1500,5,0,1,1,1,97,1,0,0,995,0,0,0,43015,1,2,3,1,2,1,2,2,1,1,1,3,0,0,1,2,0,0,1,0,1,3,51,3,1,1,2,D,24,0,0,0,0,0,0,0,0,0,0,110,115,0,0,0,1,4,17,-16,3,19801,998,70,16,0,4,0,0,0,0,0,995,9.8,998,998,998,99.8,99.8,99.8,301.208074069348,5,3
9394,23,18,1-23-2018-018-06,6,2,2G4WY52M4X14,17,18,7,1999,4,1,3,0,1,B,1,1516,5,0,1,2,0,97,1,0,0,995,0,0,0,43074,9,9,3,1,2,1,2,2,1,1,1,3,0,0,1,2,0,0,2,0,4,3,53,1,1,1,2,D,25,0,0,0,0,0,0,0,0,0,0,115,110,0,0,0,1,4,18,17,-3,21330,998,49,18,0,4,95,95,95,95,0,995,9.8,998,998,998,99.8,99.8,99.8,301.208074069348,5,3
9395,28,9,1-28-2018-009-07,7,1,5N1AR2MM4DC6,17,35,401,2013,14,3,14,0,1,F,1,1987,5,0,1,1,1,64,1,0,0,995,0,0,0,16901,1,2,0,4,2,1,2,1,3,1,1,2,0,0,4,1,0,0,3,1,14,2,13,1,1,4,1,A,1,0,0,0,0,0,0,0,0,0,0,998,998,0,0,2,1,10,999,999,999,9999999,999,999,22,2,0,1,2,0,4,0,998,1.0,30,30,120,18.5,1.6,18.4,623.245805105024,3,3
9396,52,6,1-52-2018-006-05,5,1,1FMCU9EG6AKC,17,12,402,2010,14,3,14,0,1,F,3,1609,5,0,2,5,1,105,1,1,8,997,8,9,3,82414,1,2,0,4,2,1,2,1,1,1,1,4,1,1,2,1,0,0,1,1,1,2,12,3,9,4,1,B,6,0,0,0,0,0,0,0,0,0,0,998,998,0,0,1,1,1,74,-74,0,361647,998,20,74,0,1,3,10,1,3,0,998,1.8,120,120,90,11.7,4.8,12.6,36.0082424564887,12,3
9397,32,21,1-32-2018-021-07,7,1,3N1CN7AP8DL8,17,35,50,2013,4,1,2,0,1,F,2,1079,5,0,1,1,1,113,1,0,0,995,0,0,0,75219,2,2,0,2,5,4,1,2,1,3,3,1,0,0,1,2,0,0,9,0,1,3,52,1,1,1,2,D,28,0,0,0,0,0,0,0,0,0,0,310,310,0,0,0,1,9,999,999,999,9999999,999,999,999,7,0,0,0,0,0,0,995,9.8,998,998,998,99.8,99.8,99.8,8208.41048104978,7,3
9397,32,21,1-32-2018-021-07,7,2,KNMAT2MT0GP7,17,35,51,2016,6,1,3,0,1,B,9,1550,5,9999,9,0,0,113,1,0,0,995,0,0,0,75181,9,9,0,2,5,4,1,2,1,3,3,1,0,0,1,2,0,0,9,0,2,3,53,1,1,1,2,D,29,0,0,0,0,0,0,0,0,0,0,310,310,0,0,0,1,0,999,999,999,9999999,999,999,999,9,0,95,95,95,95,0,995,9.8,998,998,998,99.8,99.8,99.8,8208.41048104978,7,3
9398,32,22,1-32-2018-022-05,5,1,2G1FB1EDXB91,17,20,9,2011,2,1,4,0,1,F,3,1700,5,0,1,1,1,48,1,1,1,218,2,1,1,75104,1,1,0,4,2,1,2,1,3,1,0,0,0,0,3,1,0,0,9,1,14,2,13,1,1,4,1,A,1,0,0,0,0,0,0,0,0,0,0,998,998,0,0,1,1,1,62,-62,0,277334,998,15,62,0,1,3,22,1,3,0,998,0.0,90,90,120,26.1,8.1,28.0,107.343122144498,7,3
9399,32,23,1-32-2018-023-02,2,1,5YFBURHE7FP2,17,49,32,2015,4,1,3,0,1,F,1,1265,5,0,1,1,1,64,1,0,0,995,0,0,0,75051,1,1,2,1,3,3,2,1,1,1,1,2,0,0,1,1,1,2,9,0,11,2,15,99,1,1,4,J,68,0,0,0,0,0,0,0,0,0,0,105,335,0,0,0,1,1,20,-16,-13,56932,998,-136,23,0,1,1,1,0,4,0,995,9.8,998,998,998,99.8,99.8,99.8,70.1995626457919,7,3
9399,32,23,1-32-2018-023-02,2,2,KNDJP3A54H74,17,63,37,2017,6,1,2,0,1,F,1,1231,5,0,1,1,1,64,1,0,1,0,2,0,1,75050,1,2,2,1,4,2,2,1,1,1,1,1,0,0,1,1,1,2,9,0,1,4,62,99,1,1,4,J,69,0,0,0,0,0,0,0,0,0,0,335,105,0,0,0,1,1,22,-21,4,10766,998,-5,15,0,1,2,5,0,3,0,995,9.8,998,998,998,99.8,99.8,99.8,70.1995626457919,7,3
9400,25,8,1-25-2018-008-03,3,1,YV1RS58D6120,17,51,47,2001,4,1,3,0,1,F,1,1465,5,0,2,3,1,56,1,0,0,995,0,0,0,04103,1,2,2,4,2,1,2,1,1,2,1,2,0,0,1,1,1,2,1,0,11,2,15,1,1,1,4,J,68,0,0,0,0,0,0,0,0,0,0,230,80,0,0,0,1,3,15,-15,0,13541,998,0,15,0,4,0,0,0,0,0,995,9.8,998,998,998,99.8,99.8,99.8,1430.27220504206,2,3
9400,25,8,1-25-2018-008-03,3,2,1G11B5SL2FF1,17,20,37,2015,4,1,3,0,1,F,1,1625,5,0,1,1,1,56,1,0,0,995,0,0,0,04092,9,9,2,4,2,1,2,1,1,1,1,2,0,0,1,1,1,2,1,0,1,4,62,1,1,1,4,J,69,0,0,0,0,0,0,0,0,0,0,80,230,0,1,0,1,3,14,-12,7,13541,998,52,14,0,4,9,97,0,0,0,995,9.8,998,998,998,99.8,99.8,99.8,1430.27220504206,2,3
9401,59,13,1-59-2018-013-02,2,1,1J4GL48K05W7,17,2,405,2005,14,3,14,0,1,F,2,1735,5,0,1,1,1,80,1,0,0,995,0,0,0,47803,9,9,2,1,4,3,2,1,1,1,3,1,0,0,2,1,1,2,9,0,1,2,17,99,1,1,5,L,88,0,0,0,0,0,0,0,0,0,0,160,70,0,0,0,1,1,36,-34,-12,136102,998,-63,39,0,1,99,99,0,5,0,995,9.8,998,998,998,99.8,99.8,99.8,125.153836180568,6,3
9401,59,13,1-59-2018-013-02,2,2,5FNRL5H49GB1,17,37,441,2016,20,4,20,0,1,L,2,1996,5,0,1,1,1,48,1,0,0,995,0,0,0,47805,9,9,2,4,2,1,2,1,2,1,1,1,0,0,2,1,1,2,9,0,14,2,17,99,1,1,5,L,89,0,0,0,0,0,0,0,0,0,0,70,160,0,0,0,1,1,29,-10,28,75167,998,89,26,0,1,9,97,0,8,0,995,9.8,998,998,998,99.8,99.8,99.8,125.153836180568,6,3
9402,26,14,1-26-2018-014-09,9,1,9BWGT21J0140,17,30,42,2001,5,1,1,0,1,L,1,1299,5,0,1,1,1,0,1,1,8,997,8,0,0,95824,1,1,3,4,2,1,4,1,1,2,0,0,0,0,3,1,0,0,9,0,10,2,11,99,1,2,4,K,78,0,0,0,0,0,0,0,0,0,0,100,160,0,1,0,1,1,15,3,15,19902,998,143,13,0,1,0,0,0,0,0,995,9.8,998,998,998,99.8,99.8,99.8,1355.23664822498,10,3