CASEID,PSU,CASENO,CASENUMBER,CATEGORY,VEHNO,VIN,VINLENGTH,MAKE,MODEL,MODELYR,BODYTYPE,BODYCAT,VEHCLASS,SPECUSE,TRANSTAT,DAMPLANE,DAMSEV,CURBWT,CURBSRC,CARGOWT,CARGOSRC,INSPTYPE,TOWSTAT,SPEEDLIMIT,DRPRESENT,PARALCOHOL,ALCTEST,ALCTESTRESULT,ALCTESTSRC,PARDRUG,DRUGTEST,ZIP,RACE,ETHNICITY,RELTOJUNCT,TRAFFLOW,RDLANES,INITLANE,SURFTYPE,SURFCOND,ALIGNMENT,PROFILE,LINERIGHT,LINELEFT,RUMBINIT,RUMBROAD,LIGHTCOND,WEATHER,TRAFDEV,TRAFFUNCT,DISTRACT,PREFHE,PREMOVE,CRITCAT,CRITEVENT,MANEUVER,PRESTAB,PRELOC,CRASHCAT,CRASHCONF,CRASHTYPE,ROLLTYPE,ROLLTURN,ROLLINTRPT,ROLLPREMAN,ROLLINITYP,ROLLINLOC,ROLLOBJ,ROLLTRIP,ROLLDIR,ROLLDIST,DVANGTHIS,DVANGOTH,TOWHITCH,TRAJDOC,TREEPOLE,DVEVENT,DVBASIS,DVTOTAL,DVLONG,DVLAT,DVENERGY,DVSPEED,DVMOMENT,DVBES,DVEST,DVCONF,VAIS,VISS,VINJURED,VTREAT,INITOBJCLASS,HEADANGLECAT,SHLDRWIDTH,STRKLENGTH,STRKWIDTH,STRKHEIGHT,EDGEDISTX,EDGEDISTY,EDGEDISTZ,CASEWGT,PSUSTRAT,VERSION
9402,26,14,1-26-2018-014-09,9,2,2C3AA63HX5H6,17,6,51,2005,4,1,5,0,1,F,1,1836,5,0,1,1,1,64,1,0,0,995,0,0,0,95827,2,2,3,1,2,2,2,1,1,1,3,0,0,0,3,1,0,0,9,0,1,4,70,99,1,1,4,K,79,0,0,0,0,0,0,0,0,0,0,160,100,0,1,0,1,1,11,-10,-4,16585,998,-26,15,0,1,9,97,0,5,0,995,9.8,998,998,998,99.8,99.8,99.8,1355.23664822498,10,3
9403,26,15,1-26-2018-015-01,1,1,1GNEK13T11J1,17,20,421,2001,15,3,15,0,1,T,2,2317,5,0,1,1,1,72,1,9,0,995,0,9,0,95838,1,2,0,1,2,1,2,1,3,1,1,2,0,0,1,1,0,0,9,1,14,2,12,99,2,4,1,B,6,1,13,2,2,1,4,61,1,2,38,997,997,0,1,0,2,6,999,999,999,9999999,999,999,999,7,0,1,1,0,1,3,997,1.4,9,9,120,7.9,1.2,8.0,22.1817837710222,10,3
9405,16,16,1-16-2018-016-04,4,1,4T3BK11A79U0,17,49,53,2009,5,1,4,0,1,F,1,1790,5,0,1,3,1,40,1,0,0,995,0,0,0,43230,9,9,2,4,5,2,2,1,1,1,3,3,0,0,1,8,1,2,3,0,1,2,17,1,1,1,5,L,88,0,0,0,0,0,0,0,0,0,0,200,110,0,0,0,1,4,3,-2,-2,667,998,-138,2,0,4,0,0,0,0,0,995,9.8,998,998,998,99.8,99.8,99.8,701.986376043106,5,3
9405,16,16,1-16-2018-016-04,4,2,1HGCR2F5XFA0,17,37,32,2015,4,1,4,0,1,L,1,1496,5,0,1,1,1,40,1,0,0,995,0,0,0,45217,1,2,2,4,4,2,2,1,1,4,1,3,0,0,1,8,1,2,9,0,1,2,17,1,1,1,5,L,89,0,0,0,0,0,0,0,0,0,0,110,200,0,0,0,1,4,4,-2,3,1548,998,65,5,0,4,0,0,0,0,0,995,9.8,998,998,998,99.8,99.8,99.8,701.986376043106,5,3
9406,16,17,1-16-2018-017-03,3,1,5XYKTDA20BG1,17,63,402,2011,14,3,14,0,1,L,1,1837,5,0,1,1,1,89,1,0,9,998,8,9,9,45223,9,9,1,3,1,1,2,1,2,2,1,2,0,0,3,1,0,0,9,1,14,1,6,99,9,4,1,B,7,0,0,0,0,0,0,0,0,0,0,998,998,0,0,0,1,1,15,-15,0,25501,998,-91,15,0,4,99,99,0,8,0,998,1.0,120,5,75,0.0,0.0,0.0,207.755385887674,5,3
9407,24,14,1-24-2018-014-04,4,1,4UZABRDU0JCJ,17,82,981,2018,50,7,50,2,1,F,9,,,,,,0,80,1,0,0,995,0,0,0,08215,9,9,2,4,3,2,2,2,1,1,1,2,0,0,1,2,2,2,9,0,3,4,66,99,1,1,5,L,86,,,,,,,,,,,,,,,,,,,,,,,,,,,95,95,95,95,,,9.8,998,998,998,99.8,99.8,99.8,1271.19146541087,1,3
9407,24,14,1-24-2018-014-04,4,2,5J6RM4H72FL0,17,37,402,2015,14,3,14,0,1,R,1,1586,9,0,1,1,1,80,1,0,0,995,0,0,0,08215,1,2,2,4,3,2,2,2,1,1,0,2,0,0,1,2,2,2,1,0,1,2,17,2,1,1,5,L,87,0,0,0,0,0,0,0,0,0,0,210,110,0,0,0,1,5,999,999,999,9999999,999,999,6,1,0,0,0,0,0,0,995,9.8,998,998,998,99.8,99.8,99.8,1271.19146541087,1,3
9408,19,15,1-19-2018-015-08,8,1,1FTPX12564NB,17,12,481,2004,34,5,31,0,1,F,3,2320,5,0,1,1,1,89,1,0,0,995,0,0,0,35980,1,2,3,4,2,1,2,1,1,1,1,2,0,0,1,1,0,0,1,1,1,3,51,7,1,2,4,J,73,0,0,0,0,0,0,0,0,0,0,998,998,0,1,1,3,1,47,-47,0,204868,998,14,47,0,1,3,14,1,3,0,998,0.4,120,120,-36,6.2,3.7,7.6,516.939822954601,9,3
9408,19,15,1-19-2018-015-08,8,2,1FAFP40433F3,17,12,3,2003,2,1,2,0,1,L,9,1531,5,0,2,0,1,89,1,0,0,995,0,0,0,35952,1,2,3,4,2,1,2,1,1,1,1,2,0,0,1,1,0,0,1,0,11,3,53,1,1,1,4,J,72,0,0,0,0,0,0,0,0,0,0,90,120,0,1,0,1,0,999,999,999,9999999,999,999,999,9,0,0,0,0,0,0,995,9.8,998,998,998,99.8,99.8,99.8,516.939822954601,9,3
9409,19,16,1-19-2018-016-05,5,1,1G1PG5S95B71,17,20,25,2011,4,1,3,0,1,F,1,1407,5,0,1,1,1,40,1,0,0,995,0,0,0,35903,1,2,0,4,2,1,2,2,3,2,1,2,0,0,1,8,0,0,3,1,14,2,13,1,1,4,1,A,1,0,0,0,0,0,0,0,0,0,0,998,998,0,1,2,1,10,999,999,999,9999999,999,999,12,2,0,0,0,0,4,0,998,0.0,7,7,120,9.3,3.8,10.0,103.719045040326,9,3
9410,12,10,1-12-2018-010-08,8,1,2T1KY32E03C0,17,49,47,2003,6,1,2,0,1,B,3,1211,5,0,1,1,1,72,1,0,0,995,0,0,0,73573,9,9,0,4,2,1,2,2,3,1,1,2,0,0,1,1,0,0,9,1,14,1,6,99,4,4,1,B,7,0,0,0,0,0,0,0,0,0,0,998,998,0,0,6,1,10,999,999,999,9999999,999,-6,75,5,0,5,27,1,3,0,998,0.0,999,999,999,8.0,4.0,9.0,459.29263138485,9,3
9411,12,11,1-12-2018-011-03,3,1,3FRNX75F96V3,17,12,880,2006,67,8,60,0,1,F,9,,,,,,0,56,1,0,0,995,0,0,0,74467,9,9,2,4,4,2,2,1,1,1,3,2,0,0,1,8,0,0,9,0,1,3,50,1,1,1,2,D,20,,,,,,,,,,,,,,,,,,,,,,,,,,,95,95,95,95,,,9.8,998,998,998,99.8,99.8,99.8,622.157266365896,9,3
9411,12,11,1-12-2018-011-03,3,2,5TDKKRFH9FS0,17,49,403,2015,14,3,14,0,1,B,1,1925,5,0,1,1,1,56,1,0,0,995,0,0,0,73401,1,2,2,4,4,2,2,1,1,1,3,2,0,0,1,8,0,0,1,0,5,3,53,1,1,1,2,D,22,0,0,0,0,0,0,0,0,0,0,80,60,0,0,0,1,5,999,999,999,9999999,999,999,12,2,0,1,1,0,4,0,995,9.8,998,998,998,99.8,99.8,99.8,622.157266365896,9,3
9412,76,4,1-76-2018-004-04,4,1,JF2SJADC0FH4,17,48,401,2015,14,3,14,0,1,F,9,1498,5,0,2,0,1,999,1,0,0,995,0,0,0,12492,1,2,0,4,2,1,2,1,1,1,1,2,0,0,1,1,0,0,3,0,1,3,50,4,1,1,2,D,20,0,0,0,0,0,0,0,0,0,0,230,230,0,0,0,1,0,999,999,999,9999999,999,999,999,9,0,1,1,0,0,0,995,9.8,998,998,998,99.8,99.8,99.8,724.930157473888,3,3
9412,76,4,1-76-2018-004-04,4,2,999999999999,99,35,399,2006,9,1,9,0,1,B,9,9999,9,9999,9,0,0,999,1,0,0,995,0,0,0,12414,9,9,0,4,2,1,2,1,1,1,1,2,0,0,1,1,0,0,9,0,5,3,52,99,1,1,2,D,22,0,0,0,0,0,0,0,0,0,0,230,230,0,0,0,1,0,999,999,999,9999999,999,999,999,9,0,95,95,95,95,0,995,9.8,998,998,998,99.8,99.8,99.8,724.930157473888,3,3
9413,26,16,1-26-2018-016-04,4,1,5NPDH4AEXGH7,17,55,35,2016,4,1,3,0,1,F,1,1305,5,0,1,1,1,105,1,0,0,995,0,0,0,93711,1,9,0,2,4,2,2,1,2,1,3,3,0,0,1,1,0,0,9,0,14,3,52,99,1,1,2,D,28,0,0,0,0,0,0,0,0,0,0,310,310,0,0,0,1,5,999,999,999,9999999,999,999,15,2,0,0,0,0,0,0,995,9.8,998,998,998,99.8,99.8,99.8,893.802223685328,10,3
9413,26,16,1-26-2018-016-04,4,2,3HSCUAPR1AN2,17,84,881,2010,66,8,68,0,1,B,9,,,,,,0,105,1,0,0,995,0,0,0,95624,9,9,0,2,4,2,2,1,2,1,3,3,0,0,1,1,0,0,1,0,2,3,53,1,1,1,2,D,29,,,,,,,,,,,,,,,,,,,,,,,,,,,95,95,95,95,,,9.8,998,998,998,99.8,99.8,99.8,893.802223685328,10,3
9414,27,9,1-27-2018-009-03,3,1,1J4GL48K25W5,17,2,405,2005,14,3,14,0,1,F,1,1735,5,0,1,1,1,64,1,0,0,995,0,0,0,01034,1,2,2,4,5,2,2,1,1,1,1,1,0,0,3,1,1,2,1,0,1,4,62,3,1,1,4,J,69,0,0,0,0,0,0,0,0,0,0,10,120,0,0,0,1,1,23,-23,4,72126,998,40,30,0,1,1,1,0,4,0,995,9.8,998,998,998,99.8,99.8,99.8,102.269638947071,3,3
9414,27,9,1-27-2018-009-03,3,2,JF1VA2S69F98,17,48,47,2015,4,1,3,0,1,R,2,1527,5,0,1,1,1,64,1,0,1,0,2,0,3,12123,1,1,2,5,5,3,2,1,1,1,1,2,0,0,3,1,1,2,2,0,11,2,15,2,1,1,4,J,68,0,0,0,0,0,0,0,0,0,0,120,10,0,0,0,1,1,27,-14,-24,17849,998,-16,17,0,1,1,3,0,6,0,995,9.8,998,998,998,99.8,99.8,99.8,102.269638947071,3,3
9415,17,17,1-17-2018-017-09,9,1,KMHDU46D58U5,17,55,35,2008,4,1,3,0,1,L,3,1313,5,0,1,1,1,89,1,0,0,995,0,0,0,61265,1,2,0,4,2,1,2,2,1,1,1,4,0,0,1,5,0,0,9,1,1,2,13,8,2,4,1,B,7,0,0,0,0,0,0,0,0,0,0,998,998,0,0,1,1,8,999,999,999,9999999,999,999,999,8,0,9,97,0,0,0,998,0.0,13,27,75,36.9,12.7,39.0,1241.36942571851,4,3
9416,17,18,1-17-2018-018-04,4,1,JN8AS5MT3EW6,17,35,51,2014,6,1,3,0,1,F,1,1567,5,0,1,1,1,0,1,9,0,995,0,9,0,61201,1,2,2,4,2,1,1,1,1,1,0,0,0,0,1,1,0,0,9,0,11,2,15,1,1,2,4,J,68,0,0,0,0,0,0,0,0,0,0,230,80,0,0,0,1,1,21,-21,0,26619,998,-45,19,0,4,0,0,0,0,0,995,9.8,998,998,998,99.8,99.8,99.8,1063.8281650274,4,3
9416,17,18,1-17-2018-018-04,4,2,1GCEC14X29Z1,17,20,481,2009,34,5,30,0,1,F,1,2155,5,191,1,1,1,0,1,0,0,995,0,0,0,61264,1,2,2,4,2,1,1,1,2,1,0,0,0,0,1,1,0,0,9,0,14,3,54,1,1,1,4,J,69,0,0,0,0,0,0,0,0,0,0,80,230,0,0,0,1,1,14,-12,7,24439,998,57,15,0,1,0,0,0,0,0,995,9.8,998,998,998,99.8,99.8,99.8,1063.8281650274,4,3
9417,31,6,1-31-2018-006-09,9,1,1GKDT13S0223,17,23,401,2002,14,3,14,0,1,F,1,2099,5,9999,9,1,1,89,1,0,0,995,0,0,0,62837,1,2,0,4,2,1,2,2,1,1,0,0,0,0,2,1,0,0,1,1,1,1,5,99,2,4,1,A,2,0,0,0,0,0,0,0,0,0,0,998,998,0,0,0,1,1,17,-16,-3,24719,998,21,17,0,4,1,1,0,4,0,998,0.0,120,120,30,0.0,0.0,0.0,1540.94427673327,6,3
9418,29,10,1-29-2018-010-03,3,1,1GCDT1999782,17,20,473,2007,34,5,30,0,1,L,1,1725,5,0,2,1,1,56,1,0,0,995,0,0,0,01588,1,2,2,4,2,1,2,2,1,1,1,2,0,0,1,8,2,2,2,0,11,2,15,7,1,1,4,K,82,0,0,0,0,0,0,0,0,0,0,250,10,0,0,0,1,1,15,-10,12,7117,998,-139,8,0,4,0,0,0,0,0,995,9.8,998,998,998,99.8,99.8,99.8,1217.10501205317,2,3
9418,29,10,1-29-2018-010-03,3,2,1N4AL3AP9EC1,17,35,47,2014,4,1,4,0,1,F,1,1451,5,0,2,1,1,56,1,0,0,995,0,0,0,02703,1,2,2,4,2,1,2,2,1,1,1,2,0,0,1,8,0,0,1,0,1,4,67,4,1,1,4,K,83,0,0,0,0,0,0,0,0,0,0,10,250,0,0,0,1,1,17,-17,-3,44148,998,-66,24,0,4,1,3,0,4,0,995,9.8,998,998,998,99.8,99.8,99.8,1217.10501205317,2,3
9419,14,7,1-14-2018-007-09,9,1,JA4LS21H31P0,17,52,401,2001,14,3,14,0,1,L,1,1743,5,0,1,1,1,89,1,0,0,995,0,0,0,78130,1,1,2,2,2,2,2,2,1,2,1,2,0,0,3,2,1,2,9,0,11,3,55,99,1,1,4,K,82,0,0,0,0,0,0,0,0,0,0,190,320,0,0,0,1,1,15,-7,13,11974,998,-103,10,0,1,1,1,0,4,0,995,3.0,30,30,120,99.9,4.5,99.9,3169.0522580201,8,3
9419,14,7,1-14-2018-007-09,9,2,1FT7W2BT3CEA,17,12,481,2012,34,5,31,0,1,F,1,3053,5,9999,9,2,0,89,1,0,0,995,0,1,9,78163,9,9,2,4,3,1,2,2,1,2,1,3,0,0,3,2,1,2,9,0,1,4,66,99,1,1,4,K,83,0,0,0,0,0,0,0,0,0,0,320,190,0,0,0,1,1,9,-9,2,21580,998,103,13,0,1,95,95,95,95,0,995,9.8,998,998,998,99.8,99.8,99.8,3169.0522580201,8,3
9420,14,8,1-14-2018-008-09,9,1,1FTPW14575KD,17,12,481,2005,34,5,31,0,1,F,9,2495,5,9999,9,0,0,113,1,0,0,995,0,0,0,78132,9,9,0,3,3,2,2,1,1,9,3,3,0,3,2,1,0,0,9,1,15,2,11,99,1,2,2,F,48,0,0,0,0,0,0,0,0,0,0,110,30,0,0,0,1,0,999,999,999,9999999,999,999,999,9,0,95,95,95,95,0,995,9.8,998,998,998,99.8,99.8,99.8,3169.0522580201,8,3
9420,14,8,1-14-2018-008-09,9,2,JA4LX31F64U0,17,52,47,2004,5,1,2,0,1,L,9,1470,5,9999,9,4,1,113,1,0,0,995,0,0,0,78666,1,9,0,3,3,2,2,1,1,9,3,3,0,3,2,1,0,0,9,0,1,4,60,99,1,1,2,F,48,1,1,9,2,1,3,61,1,1,999,30,110,0,0,0,1,12,999,999,999,9999999,999,999,999,9,0,1,2,0,4,3,995,9.8,998,998,998,99.8,99.8,99.8,3169.0522580201,8,3
9421,13,19,1-13-2018-019-06,6,1,WBAVA37547NL,17,34,34,2007,4,1,3,0,1,F,1,1490,5,9999,9,0,1,72,1,0,0,995,0,0,0,76051,9,9,2,1,4,1,1,1,1,2,1,3,0,0,1,1,1,2,9,0,1,4,62,99,1,1,4,J,69,0,0,0,0,0,0,0,0,0,0,60,170,0,0,0,1,3,9,-9,2,3859,998,37,8,0,4,0,0,0,0,0,995,9.8,998,998,998,99.8,99.8,99.8,1200.87556038888,7,3
9421,13,19,1-13-2018-019-06,6,2,JN1DV6AR8CM7,17,58,37,2012,4,1,4,0,1,R,1,1681,5,55,1,1,1,72,1,0,0,995,0,0,0,76180,1,2,2,4,7,4,1,1,1,4,1,2,0,0,1,1,1,2,9,0,11,2,15,99,1,1,4,J,68,0,0,0,0,0,0,0,0,0,0,170,60,0,0,0,1,3,8,-1,-8,9543,998,123,9,0,4,1,1,0,4,0,995,9.8,998,998,998,99.8,99.8,99.8,1200.87556038888,7,3
9422,13,20,1-13-2018-020-05,5,1,JTMBF35V5950,17,49,402,2009,14,3,14,0,1,R,1,1562,5,0,1,1,1,64,1,0,0,995,0,0,0,16124,1,9,3,5,6,3,2,1,1,1,4,4,0,0,1,1,0,0,9,0,11,2,15,99,1,1,4,J,68,0,0,0,0,0,0,0,0,0,0,310,220,0,0,0,1,1,11,-2,-11,3169,998,207,4,0,1,1,1,0,4,0,995,9.8,998,998,998,99.8,99.8,99.8,58.8395951709553,7,3
9422,13,20,1-13-2018-020-05,5,2,19UUA8F58BA0,17,54,35,2011,4,1,4,0,1,F,1,1682,5,0,1,1,1,64,1,0,0,995,0,0,0,76051,1,2,3,5,6,1,2,1,1,1,1,3,0,0,1,1,0,0,9,0,1,4,62,99,1,1,4,J,69,0,0,0,0,0,0,0,0,0,0,220,310,0,0,0,1,1,11,-11,2,31584,998,34,21,0,1,1,1,0,4,0,995,9.8,998,998,998,99.8,99.8,99.8,58.8395951709553,7,3
9423,13,21,1-13-2018-021-03,3,1,ZFBCFABH5EZ0,17,36,401,2014,14,3,14,0,1,F,1,1476,5,0,1,1,1,72,1,0,0,995,0,0,0,76049,1,2,0,1,2,2,2,1,1,1,5,5,0,0,1,8,0,0,9,0,1,3,52,2,1,1,2,D,28,0,0,0,0,0,0,0,0,0,0,30,30,0,0,0,1,3,14,-14,0,9009,998,-13,12,0,4,1,2,0,4,0,995,9.8,998,998,998,99.8,99.8,99.8,904.74649185898,7,3
9423,13,21,1-13-2018-021-03,3,2,3GYFNDEY3AS5,17,19,20,2010,6,1,4,0,1,B,1,1981,5,9999,9,0,0,72,1,0,0,995,0,0,0,76135,9,9,0,1,2,2,2,1,1,1,5,5,0,0,1,8,0,0,9,0,2,3,53,99,1,1,2,D,29,0,0,0,0,0,0,0,0,0,0,30,30,0,0,0,1,3,11,10,-2,12541,998,46,12,0,4,95,95,95,95,0,995,9.8,998,998,998,99.8,99.8,99.8,904.74649185898,7,3
9423,13,21,1-13-2018-021-03,3,3,5N1AR2MN2GC6,17,35,401,2016,14,3,14,0,1,B,9,1939,5,9999,9,0,0,72,1,0,0,995,0,0,0,76179,9,9,0,1,2,2,2,1,1,1,5,5,0,0,1,8,0,0,9,0,2,3,53,99,1,1,6,M,98,0,0,0,0,0,0,0,0,0,0,30,30,0,0,0,2,0,999,999,999,9999999,999,999,999,9,0,95,95,95,95,0,995,9.8,998,998,998,99.8,99.8,99.8,904.74649185898,7,3
9425,18,9,1-18-2018-009-04,4,1,1C3CDFEB5GD5,17,7,29,2016,4,1,3,0,1,F,2,1445,5,0,1,1,1,89,1,1,8,997,8,0,0,54732,1,2,2,4,2,1,2,1,2,1,1,2,0,0,2,8,0,0,3,1,14,2,13,1,1,4,1,A,1,0,0,0,0,0,0,0,0,0,0,998,998,0,0,0,1,1,36,-36,0,76703,998,14,36,0,1,0,0,0,0,0,998,2.6,120,48,80,4.6,0.8,4.7,479.314677821442,6,3
9426,18,10,1-18-2018-010-10,10,1,4UZABRDK5BCA,17,82,983,2011,50,7,50,2,1,F,9,,,,,,0,40,1,0,0,995,0,0,0,54729,9,9,2,4,2,1,2,1,1,1,0,0,0,0,1,1,2,2,9,0,1,2,17,99,1,1,5,L,88,,,,,,,,,,,,,,,,,,,,,,,,,,,95,95,95,95,,,9.8,998,998,998,99.8,99.8,99.8,3291.83408266806,6,3
9426,18,10,1-18-2018-010-10,10,2,1GKET12S9461,17,23,401,2004,14,3,14,0,1,L,1,2243,5,0,1,1,1,40,1,0,0,995,0,0,0,54729,9,9,2,4,2,1,2,1,1,1,0,0,0,0,1,1,0,0,9,0,1,4,66,99,1,1,5,L,89,0,0,0,0,0,0,0,0,0,0,0,90,0,0,0,1,5,999,999,999,9999999,999,999,11,2,0,99,99,0,99,0,995,9.8,998,998,998,99.8,99.8,99.8,3291.83408266806,6,3
9427,66,6,1-66-2018-006-09,9,1,1FAHP35N58W2,17,12,37,2008,4,1,2,0,1,F,1,1189,5,0,1,1,1,64,1,0,9,998,8,9,9,65708,9,9,0,4,2,1,2,5,1,1,0,0,0,0,2,98,0,0,9,1,1,3,50,2,2,4,1,A,3,0,0,0,0,0,0,0,0,0,0,998,998,0,0,0,1,1,11,-11,0,7919,998,60,11,0,4,1,1,0,4,0,998,0.0,0,38,35,99.9,1.3,99.9,321.544095258929,6,3
9428,33,15,1-33-2018-015-10,10,1,1FAFP40491F2,17,12,3,2001,2,1,2,0,1,L,3,1456,5,0,1,5,1,56,1,0,0,995,0,0,0,95965,3,2,0,4,2,1,2,1,1,4,0,2,0,0,1,1,0,0,1,1,1,2,13,7,4,4,1,B,7,0,0,0,0,0,0,0,0,0,0,998,998,0,1,5,1,12,999,999,999,9999999,999,999,999,4,0,0,0,0,4,0,998,0.0,60,60,120,16.6,5.7,17.8,948.128972205441,12,3
9429,33,16,1-33-2018-016-08,8,1,1FMZU72X5YZB,17,12,401,2000,14,3,14,0,1,F,3,1631,5,0,1,1,1,56,1,1,1,264,2,0,2,95968,1,9,2,4,2,1,2,1,1,1,1,2,0,0,1,1,2,2,3,0,1,2,17,99,1,1,5,L,87,0,0,0,0,0,0,0,0,0,0,200,90,0,0,0,2,5,999,999,999,9999999,999,999,52,4,0,2,5,0,3,0,995,9.8,998,998,998,99.8,99.8,99.8,37.3602028410233,12,3
9429,33,16,1-33-2018-016-08,8,2,F25YRN86894,11,12,481,1972,34,5,30,0,1,F,1,9999,9,9999,9,0,0,56,1,0,0,995,0,0,0,95968,9,9,2,4,2,1,2,1,1,1,1,2,0,0,1,1,2,2,9,0,1,4,66,2,1,1,5,L,86,0,0,0,0,0,0,0,0,0,0,90,180,0,0,0,1,3,9,-9,-2,8456,998,-42,10,0,4,95,95,95,95,0,995,9.8,998,998,998,99.8,99.8,99.8,37.3602028410233,12,3
9429,33,16,1-33-2018-016-08,8,3,3AKJGEDV3JSJ,17,82,881,2018,66,8,68,0,2,F,9,,,,,,,,,,,,,,,,,,,,,,,,,,,,,,,,,,,,,,,,,,,,,,,,,,,,,,,,,,,,,,,,,,,,,,,95,95,95,95,,,,,,,,,,37.3602028410233,12,3
9430,33,17,1-33-2018-017-06,6,1,3VWDP7AJ6CM3,17,30,40,2012,4,1,3,0,1,F,2,1381,5,0,1,1,1,56,1,0,1,0,2,0,1,95928,1,1,2,1,3,3,1,1,1,1,1,0,0,0,1,1,1,2,9,0,11,2,15,99,1,1,4,J,68,0,0,0,0,0,0,0,0,0,0,35,300,0,0,0,1,4,26,-22,-13,12156,998,-96,13,0,4,1,2,0,3,0,995,9.8,998,998,998,99.8,99.8,99.8,50.6800005272939,12,3
9430,33,17,1-33-2018-017-06,6,2,5J6RM3H35DL0,17,37,402,2013,14,3,14,0,1,F,1,1500,5,0,1,1,1,56,1,0,0,995,0,0,0,95926,1,2,2,2,2,2,2,1,1,1,3,0,0,0,1,1,1,2,1,0,1,4,66,4,1,1,4,J,69,0,0,0,0,0,0,0,0,0,0,300,35,0,0,0,1,4,24,-12,21,117574,998,143,30,0,4,1,2,0,6,0,995,9.8,998,998,998,99.8,99.8,99.8,50.6800005272939,12,3
9431,22,9,1-22-2018-009-02,2,1,1C4RJFAG4EC5,17,2,422,2014,15,3,15,0,1,R,2,2121,5,54,2,1,1,97,1,0,0,995,0,0,0,83669,1,2,0,4,2,1,2,3,3,4,1,4,0,0,1,9,0,0,1,1,14,1,5,98,4,2,3,I,64,0,0,0,0,0,0,0,0,0,0,80,340,0,0,0,1,1,30,-15,-26,125024,998,-12,37,0,1,1,1,0,4,0,995,9.8,998,998,998,99.8,99.8,99.8,31.5989924128813,12,3
9431,22,9,1-22-2018-009-02,2,2,1FMDU34E2XZB,17,12,401,1999,14,3,14,0,1,F,3,1631,5,0,1,1,1,97,1,0,0,995,0,0,0,83832,1,2,0,4,2,1,2,3,2,2,1,2,0,0,1,9,0,0,1,0,14,4,62,2,1,1,3,I,65,0,0,0,0,0,0,0,0,0,0,340,80,0,0,0,1,1,40,-38,14,95499,998,74,34,0,4,1,2,0,4,0,995,9.8,998,998,998,99.8,99.8,99.8,31.5989924128813,12,3
9432,22,10,1-22-2018-010-01,1,1,2S2AB21H8166,17,53,31,2001,3,1,1,0,1,L,3,860,5,59,1,1,1,97,1,8,1,0,3,7,1,99206,7,1,0,4,2,1,2,1,2,1,1,2,1,1,1,8,0,0,9,1,14,2,13,7,2,6,3,I,64,0,0,0,0,0,0,0,0,0,0,305,120,0,0,0,1,5,999,999,999,9999999,999,999,999,8,0,5,66,2,1,0,995,9.8,998,998,998,99.8,99.8,99.8,69.2240445695726,12,3
9432,22,10,1-22-2018-010-01,1,2,1XKDD49X37R1,17,85,881,2007,66,8,68,0,1,F,9,,,,,,1,97,1,0,0,995,0,0,0,99111,9,9,0,4,2,1,2,1,3,1,1,2,1,1,1,8,0,0,9,0,14,4,62,4,1,1,3,I,65,,,,,,,,,,,,,,,,,,,,,,,,,,,95,95,95,95,,,9.8,998,998,998,99.8,99.8,99.8,69.2240445695726,12,3
9433,15,16,1-15-2018-016-09,9,1,4T1BE46K27U0,17,49,40,2007,4,1,3,0,1,F,2,1500,5,0,1,1,1,48,1,0,0,995,0,0,0,11590,2,2,0,4,2,1,2,1,1,1,0,0,0,0,1,1,0,0,1,1,6,1,3,1,1,4,1,C,11,0,0,0,0,0,0,0,0,0,0,185,180,0,0,0,1,3,26,-26,0,21078,998,39,18,0,4,0,0,0,4,0,995,9.8,998,998,998,99.8,99.8,99.8,620.528730962512,1,3
9433,15,16,1-15-2018-016-09,9,2,WBANA535X4B1,17,34,35,2004,4,1,4,0,2,B,2,1565,5,9999,9,4,,,,,,,,,,,,,,,,,,,,,,,,,,,,,,,,,,,,,,,,,,,,,,,,,,,,,,,,,,,,,,,,,,95,95,95,95,,,,,,,,,,620.528730962512,1,3
9434,15,17,1-15-2018-017-06,6,1,1C4BJWDG2GL2,17,2,403,2016,14,3,14,0,1,F,1,1860,5,9999,9,4,0,64,1,0,0,995,0,0,0,11714,9,9,2,4,5,3,2,1,1,1,1,2,0,0,3,8,1,2,9,0,11,2,15,99,9,1,4,J,68,0,0,0,0,0,0,0,0,0,0,140,350,0,0,0,1,3,12,-12,-2,9665,998,-38,11,0,4,95,95,95,95,0,995,9.8,998,998,998,99.8,99.8,99.8,225.524208654809,1,3
9434,15,17,1-15-2018-017-06,6,2,WBAXH5C52CDW,17,34,35,2012,4,1,5,0,1,F,1,1815,5,0,1,1,1,64,1,0,0,995,0,0,0,11722,2,2,2,4,5,1,2,1,1,1,1,3,0,0,3,8,1,2,1,0,1,4,62,99,1,1,4,J,69,0,0,0,0,0,0,0,0,0,0,350,140,0,0,0,1,3,11,-11,4,10974,998,25,12,0,4,1,1,0,6,0,995,9.8,998,998,998,99.8,99.8,99.8,225.524208654809,1,3