CASEID,PSU,CASENO,CASENUMBER,CATEGORY,VEHNO,VIN,VINLENGTH,MAKE,MODEL,MODELYR,BODYTYPE,BODYCAT,VEHCLASS,SPECUSE,TRANSTAT,DAMPLANE,DAMSEV,CURBWT,CURBSRC,CARGOWT,CARGOSRC,INSPTYPE,TOWSTAT,SPEEDLIMIT,DRPRESENT,PARALCOHOL,ALCTEST,ALCTESTRESULT,ALCTESTSRC,PARDRUG,DRUGTEST,ZIP,RACE,ETHNICITY,RELTOJUNCT,TRAFFLOW,RDLANES,INITLANE,SURFTYPE,SURFCOND,ALIGNMENT,PROFILE,LINERIGHT,LINELEFT,RUMBINIT,RUMBROAD,LIGHTCOND,WEATHER,TRAFDEV,TRAFFUNCT,DISTRACT,PREFHE,PREMOVE,CRITCAT,CRITEVENT,MANEUVER,PRESTAB,PRELOC,CRASHCAT,CRASHCONF,CRASHTYPE,ROLLTYPE,ROLLTURN,ROLLINTRPT,ROLLPREMAN,ROLLINITYP,ROLLINLOC,ROLLOBJ,ROLLTRIP,ROLLDIR,ROLLDIST,DVANGTHIS,DVANGOTH,TOWHITCH,TRAJDOC,TREEPOLE,DVEVENT,DVBASIS,DVTOTAL,DVLONG,DVLAT,DVENERGY,DVSPEED,DVMOMENT,DVBES,DVEST,DVCONF,VAIS,VISS,VINJURED,VTREAT,INITOBJCLASS,HEADANGLECAT,SHLDRWIDTH,STRKLENGTH,STRKWIDTH,STRKHEIGHT,EDGEDISTX,EDGEDISTY,EDGEDISTZ,CASEWGT,PSUSTRAT,VERSION
9476,30,15,1-30-2018-015-02,2,1,KL8CB6S96FC8,17,20,29,2015,5,1,1,0,1,F,2,1029,5,0,1,1,1,72,1,0,1,0,2,0,1,85340,1,1,0,5,5,1,2,1,1,1,1,3,0,0,1,1,0,0,3,0,1,1,8,1,1,1,2,D,32,0,0,0,0,0,0,0,0,0,0,998,998,0,0,1,4,1,26,-26,0,33405,998,-40,26,0,4,2,5,0,3,0,998,0.0,15,30,15,13.7,6.3,14.8,119.535318299964,10,3
9476,30,15,1-30-2018-015-02,2,2,1GTDS1365581,17,23,472,2005,34,5,30,0,1,B,1,1702,5,0,1,2,0,72,1,0,0,995,0,0,0,85353,9,9,0,5,5,1,2,1,1,1,1,3,0,0,1,1,0,0,1,0,5,3,53,1,1,1,2,D,32,0,0,0,0,0,0,0,0,0,0,180,175,0,0,0,1,3,9,9,-2,8637,998,96,10,0,4,95,95,95,95,0,995,9.8,998,998,998,99.8,99.8,99.8,119.535318299964,10,3
9477,22,11,1-22-2018-011-09,9,1,KMHCG35C54U3,17,55,36,2004,3,1,1,0,1,R,1,992,5,0,1,2,0,56,1,1,1,112,1,0,0,83501,9,9,2,4,3,2,2,1,1,1,1,2,0,0,3,8,2,2,9,0,11,2,15,99,1,1,4,K,76,0,0,0,0,0,0,0,0,0,0,220,170,0,0,0,1,5,999,999,999,9999999,999,999,15,2,0,95,95,95,95,0,995,9.8,998,998,998,99.8,99.8,99.8,944.407880207053,12,3
9477,22,11,1-22-2018-011-09,9,2,3D7KS28A98G1,17,7,482,2008,34,5,31,0,1,F,1,2764,5,50,1,5,1,56,1,0,0,995,0,0,0,99403,1,2,2,4,3,2,2,1,1,1,1,2,0,0,3,8,0,0,1,0,1,4,66,4,1,1,4,K,77,0,0,0,0,0,0,0,0,0,0,170,220,0,0,0,1,5,999,999,999,9999999,999,999,5,1,0,1,1,0,6,0,995,9.8,998,998,998,99.8,99.8,99.8,944.407880207053,12,3
9478,13,22,1-13-2018-022-09,9,1,JT2BG22K3Y04,17,49,40,2000,4,1,3,0,1,F,9,1360,5,9999,9,0,1,0,1,1,8,997,8,0,0,76117,9,1,2,1,1,1,2,1,1,1,0,0,0,0,3,1,5,2,9,0,10,2,16,99,1,1,4,J,74,0,0,0,0,0,0,0,0,0,0,310,220,0,0,0,1,0,999,999,999,9999999,999,999,999,9,0,99,99,0,99,0,995,9.8,998,998,998,99.8,99.8,99.8,4597.13613307622,7,3
9478,13,22,1-13-2018-022-09,9,2,JN1BZ34E78M7,17,35,48,2008,2,1,3,0,1,L,9,1534,5,9999,9,0,0,0,1,0,0,995,0,0,0,76115,9,9,2,1,1,1,2,1,1,1,0,0,0,0,3,1,2,2,9,0,11,2,15,99,1,1,4,J,74,0,0,0,0,0,0,0,0,0,0,220,310,0,0,0,1,0,999,999,999,9999999,999,999,999,9,0,95,95,95,95,0,995,9.8,998,998,998,99.8,99.8,99.8,4597.13613307622,7,3
9479,13,23,1-13-2018-023-02,2,1,1G11H5SL7EF2,17,20,37,2014,4,1,3,0,1,F,1,1620,5,0,1,5,1,64,1,0,0,995,0,0,0,76164,1,1,2,4,4,1,2,1,3,2,0,1,0,0,1,8,1,2,3,0,14,3,50,2,1,1,2,D,20,0,0,0,0,0,0,0,0,0,0,310,310,0,0,0,1,12,999,999,999,9999999,999,999,999,2,0,0,0,0,0,0,995,9.8,998,998,998,99.8,99.8,99.8,44.6473233383673,7,3
9479,13,23,1-13-2018-023-02,2,2,KNDJT2A66C77,17,63,37,2012,6,1,2,0,1,B,9,1260,5,9999,9,0,0,64,1,0,0,995,0,0,0,76135,9,9,2,4,4,1,2,1,3,2,0,1,0,0,1,8,1,2,9,0,5,3,53,1,1,1,2,D,21,0,0,0,0,0,0,0,0,0,0,310,310,0,0,0,1,0,999,999,999,9999999,999,999,999,9,0,95,95,95,95,0,995,9.8,998,998,998,99.8,99.8,99.8,44.6473233383673,7,3
9479,13,23,1-13-2018-023-02,2,3,1N4AL3AP2FN8,17,35,47,2015,4,1,4,0,1,B,9,1416,5,9999,9,0,0,64,1,0,0,995,0,0,0,76107,9,9,2,4,4,1,2,1,3,2,0,1,0,0,1,8,1,2,9,0,5,3,53,1,1,1,6,M,98,0,0,0,0,0,0,0,0,0,0,310,310,0,0,0,2,0,999,999,999,9999999,999,999,999,9,0,95,95,95,95,0,995,9.8,998,998,998,99.8,99.8,99.8,44.6473233383673,7,3
9481,33,18,1-33-2018-018-01,1,1,1GNEC13T33J3,17,20,421,2003,15,3,15,0,1,R,2,2211,5,0,2,1,1,40,1,1,1,105,2,0,0,95966,2,2,2,4,3,1,2,1,3,2,1,1,0,0,3,1,1,2,9,0,14,2,17,99,1,1,5,L,87,0,0,0,0,0,0,0,0,0,0,75,355,0,1,0,1,12,999,999,999,9999999,999,999,999,7,0,1,1,0,4,0,995,0.0,20,18,18,0.0,0.0,0.0,43.9613018556608,12,3
9481,33,18,1-33-2018-018-01,1,2,5TFNX4CN5DX0,17,49,472,2013,34,5,30,0,1,F,2,1483,8,0,1,1,1,56,1,9,1,80,3,9,0,95966,1,9,2,4,3,1,2,1,1,1,1,1,0,0,3,1,1,2,9,0,1,4,66,2,1,1,5,L,86,0,0,0,0,0,0,0,0,0,0,355,75,0,0,0,1,12,999,999,999,9999999,999,999,999,7,0,3,10,1,1,0,995,9.8,998,998,998,99.8,99.8,99.8,43.9613018556608,12,3
9482,33,19,1-33-2018-019-10,10,1,1FTZR15VXYPB,17,12,471,2000,34,5,30,0,1,9,1,1664,5,9999,9,4,0,24,1,0,0,995,0,0,0,95948,9,9,3,5,2,1,2,1,1,1,0,1,0,0,1,1,0,0,9,0,11,2,15,99,1,1,4,K,82,0,0,0,0,0,0,0,0,0,0,70,180,0,0,0,1,12,999,999,999,9999999,999,999,999,1,0,95,95,95,95,0,995,9.8,998,998,998,99.8,99.8,99.8,1144.66296077526,12,3
9482,33,19,1-33-2018-019-10,10,2,1G1JC12FX371,17,20,16,2003,2,1,2,0,1,R,9,1214,5,9999,9,0,1,56,1,0,0,995,0,0,0,95965,1,2,3,5,5,2,2,1,1,1,3,1,0,0,1,1,0,0,1,0,1,4,72,3,1,1,4,K,83,0,0,0,0,0,0,0,0,0,0,180,70,0,0,0,1,0,999,999,999,9999999,999,999,999,9,0,0,0,0,0,0,995,9.8,998,998,998,99.8,99.8,99.8,1144.66296077526,12,3
9483,18,11,1-18-2018-011-09,9,1,4T1BF28B32U2,17,49,43,2002,4,1,3,0,1,L,1,1560,5,0,1,1,1,105,1,0,0,995,0,0,0,54701,7,1,0,1,4,4,1,4,1,1,3,2,0,0,1,8,0,0,3,1,17,4,61,2,3,4,1,A,2,0,0,0,0,0,0,0,0,0,0,998,998,0,0,6,1,10,999,999,999,9999999,999,999,17,2,0,1,1,0,0,0,998,1.9,27,27,120,4.4,3.1,5.3,1283.96761893805,6,3
9484,26,17,1-26-2018-017-03,3,1,2C3CDXBG2EH2,17,7,24,2014,4,1,5,0,1,F,2,1797,5,0,1,1,1,64,1,0,0,995,0,0,0,95610,1,9,2,1,5,3,2,1,1,1,1,3,0,0,3,1,1,2,9,0,11,2,15,2,1,1,4,J,68,0,0,0,0,0,0,0,0,0,0,300,160,0,0,0,1,1,32,-30,-11,146219,998,-64,41,0,1,2,4,0,4,0,995,9.8,998,998,998,99.8,99.8,99.8,390.075329061332,10,3
9484,26,17,1-26-2018-017-03,3,2,JF2GPALC9GH3,17,48,403,2016,14,3,14,0,1,F,2,1455,5,0,1,1,1,64,1,0,0,995,0,0,0,95660,1,9,2,1,3,2,2,1,1,1,3,1,0,0,3,1,1,2,9,0,1,4,62,99,1,1,4,J,69,0,0,0,0,0,0,0,0,0,0,160,300,0,0,0,1,1,38,-36,13,51598,998,59,26,0,1,99,99,0,99,0,995,9.8,998,998,998,99.8,99.8,99.8,390.075329061332,10,3
9486,26,19,1-26-2018-019-03,3,1,19XFB2F80DE2,17,37,31,2013,4,1,3,0,1,R,2,1236,5,0,2,4,1,89,1,0,1,0,2,0,1,95823,1,2,2,4,2,1,2,1,1,1,0,2,0,0,1,1,2,2,2,0,1,2,17,7,1,1,5,L,87,0,0,0,0,0,0,0,0,0,0,250,160,0,0,0,1,3,34,-6,-33,69655,998,30,36,0,4,1,1,0,4,0,995,9.8,998,998,998,99.8,99.8,99.8,390.075329061332,10,3
9486,26,19,1-26-2018-019-03,3,2,1GCPTDE1XJ11,17,20,473,2018,34,5,30,0,1,F,1,2001,5,0,1,1,1,89,1,0,1,0,2,0,0,95690,1,2,2,4,2,1,2,1,1,1,1,2,0,0,1,1,0,0,1,0,1,4,66,1,1,1,5,L,86,0,0,0,0,0,0,0,0,0,0,160,250,0,0,0,1,3,21,-21,4,29453,998,42,19,0,4,2,5,0,4,0,995,9.8,998,998,998,99.8,99.8,99.8,390.075329061332,10,3
9487,52,8,1-52-2018-008-08,8,1,1GNEK13V34J2,17,20,421,2004,15,3,15,0,1,T,2,2387,8,68,1,1,1,80,1,1,0,995,0,9,0,59101,9,9,0,4,2,1,2,5,2,1,0,2,0,0,2,1,0,0,9,1,14,2,12,5,9,4,1,B,7,1,2,2,2,1,4,61,1,2,999,997,997,0,0,0,1,6,999,999,999,9999999,999,999,999,7,0,3,10,1,6,3,997,9.8,998,998,998,99.8,99.8,99.8,211.390414604368,12,3
9488,15,19,1-15-2018-019-02,2,1,2HKRM4H73GH7,17,37,402,2016,14,3,14,0,1,T,1,1586,5,0,1,1,1,48,1,0,1,0,2,0,0,11753,7,2,0,4,2,1,2,1,1,1,0,0,0,0,3,8,0,0,1,1,1,2,10,1,1,4,1,C,11,1,3,2,5,7,1,2,2,1,20,997,997,0,0,0,2,6,999,999,999,9999999,999,999,999,6,0,2,5,0,3,1,997,9.8,998,998,998,99.8,99.8,99.8,16.8922870962494,1,3
9488,15,19,1-15-2018-019-02,2,2,1J4RR4GG5BC5,17,2,404,2011,14,3,14,0,2,L,1,2114,5,9999,9,0,,,,,,,,,,,,,,,,,,,,,,,,,,,,,,,,,,,,,,,,,,,,,,,,,,,,,,,,,,,,,,,,,,95,95,95,95,,,,,,,,,,16.8922870962494,1,3
9489,15,20,1-15-2018-020-05,5,1,2C4RDGBGXCR2,17,7,442,2012,20,4,20,1,1,L,1,1960,5,0,2,0,1,48,1,0,0,995,0,0,0,11435,2,2,0,4,2,1,2,1,1,1,0,3,0,0,5,1,0,0,1,1,8,8,98,1,1,7,2,F,49,0,0,0,0,0,0,0,0,0,0,340,0,0,0,0,1,3,14,12,7,27928,998,80,17,0,4,1,1,0,4,0,995,9.8,998,998,998,99.8,99.8,99.8,24.8776298666348,1,3
9489,15,20,1-15-2018-020-05,5,2,2T3BK4DV0BW0,17,49,402,2011,14,3,14,0,1,F,1,1658,5,0,1,1,1,48,1,0,0,995,0,0,0,11733,1,2,0,4,2,1,2,1,1,1,3,2,0,0,5,1,0,0,9,0,1,4,64,99,1,1,2,F,49,0,0,0,0,0,0,0,0,0,0,0,340,0,0,0,1,3,17,-17,-3,11060,998,27,13,0,4,1,2,0,4,0,995,9.8,998,998,998,99.8,99.8,99.8,24.8776298666348,1,3
9490,15,21,1-15-2018-021-09,9,1,1HGCM56347A1,17,37,32,2007,4,1,3,0,1,F,9,1440,5,0,2,4,1,48,1,0,0,995,0,0,0,11003,1,2,0,4,2,1,2,1,1,1,0,0,0,0,3,1,0,0,1,1,1,2,10,1,1,4,1,C,11,0,0,0,0,0,0,0,0,0,0,10,210,0,0,0,1,12,999,999,999,9999999,999,999,999,9,0,2,5,0,3,0,995,9.8,998,998,998,99.8,99.8,99.8,1397.03105201342,1,3
9490,15,21,1-15-2018-021-09,9,2,1GYFK638X8R1,17,19,421,2008,15,3,15,0,2,L,9,2570,5,9999,9,0,,,,,,,,,,,,,,,,,,,,,,,,,,,,,,,,,,,,,,,,,,,,,,,,,,,,,,,,,,,,,,,,,,95,95,95,95,,,,,,,,,,1397.03105201342,1,3
9491,21,15,1-21-2018-015-03,3,1,JN1EV7AP3HM7,17,58,41,2017,4,1,4,0,1,T,2,1638,5,0,1,1,1,113,1,0,0,995,0,0,0,89108,2,9,0,2,2,1,2,1,1,1,1,3,0,1,2,98,0,0,9,1,1,2,13,99,9,4,1,A,1,1,4,2,2,5,4,31,1,1,25,997,997,0,0,0,3,6,999,999,999,9999999,999,999,999,7,0,9,97,0,99,2,997,2.5,120,999,999,45.0,0.0,0.0,927.078637589312,11,3
9492,21,16,1-21-2018-016-05,5,1,1FMDK02125GA,17,12,22,2005,6,1,4,0,1,F,1,1796,5,0,1,1,1,105,1,0,0,995,0,0,0,92301,9,1,0,2,5,5,2,1,1,9,3,2,0,0,3,1,0,0,1,0,1,3,50,2,1,1,3,G,52,0,0,0,0,0,0,0,0,0,0,215,40,0,0,0,1,12,999,999,999,9999999,999,999,999,2,0,1,1,0,4,0,995,9.8,998,998,998,99.8,99.8,99.8,72.1413355306494,11,3
9492,21,16,1-21-2018-016-05,5,2,2HGFB6E52CH7,17,37,31,2012,4,1,3,0,1,F,9,1311,5,9999,9,0,1,105,1,0,0,995,0,0,0,92879,9,9,0,2,5,5,2,1,1,1,1,3,0,0,3,1,0,0,9,1,7,9,99,1,1,9,3,G,52,0,0,0,0,0,0,0,0,0,0,40,215,0,0,0,1,0,999,999,999,9999999,999,999,999,9,0,5,50,1,3,0,995,9.8,998,998,998,99.8,99.8,99.8,72.1413355306494,11,3
9493,20,20,1-20-2018-020-09,9,1,1B4HR28N21F5,17,7,402,2001,14,3,14,0,1,F,9,1619,5,9999,9,0,1,40,1,0,0,995,0,0,0,93638,9,1,2,4,2,1,2,1,1,1,0,2,0,0,3,1,2,2,9,1,11,2,13,99,1,4,1,C,14,0,0,0,0,0,0,0,0,0,0,998,998,0,0,1,1,0,999,999,999,9999999,999,999,999,9,0,1,1,0,4,0,998,0.0,23,21,27,0.6,0.0,0.6,208.080467255866,11,3
9495,20,22,1-20-2018-022-03,3,1,5J6RE48397L0,17,37,402,2007,14,3,14,0,1,R,3,1604,5,9999,9,5,1,64,1,0,0,995,0,0,0,93955,9,1,2,4,6,1,2,1,1,1,1,2,0,0,3,1,0,0,9,0,11,2,15,99,1,1,4,J,68,0,0,0,0,0,0,0,0,0,0,155,40,0,0,0,1,3,44,-15,-41,209879,998,41,54,0,4,1,2,0,4,0,995,0.0,999,999,999,2.3,1.4,2.7,76.1075682456566,11,3
9495,20,22,1-20-2018-022-03,3,2,3N1CN7AP9EL8,17,35,50,2014,4,1,2,0,1,F,3,1132,5,0,1,1,1,64,1,0,0,995,0,0,0,93933,9,1,2,4,6,2,2,1,1,1,3,3,0,0,3,1,0,0,9,0,1,4,62,7,1,1,4,J,69,0,0,0,0,0,0,0,0,0,0,40,155,0,0,0,1,3,64,-64,0,116113,998,0,50,0,4,99,99,0,0,0,995,0.0,999,999,999,2.7,0.7,2.8,76.1075682456566,11,3
9496,20,23,1-20-2018-023-10,10,1,1B4HR28Y1XF6,17,7,402,1999,14,3,14,0,1,F,1,1932,5,50,3,1,1,40,1,9,0,995,0,9,0,99999,9,9,2,4,2,1,2,1,1,1,0,0,0,0,3,1,0,0,9,1,1,2,12,99,1,4,1,B,6,0,0,0,0,0,0,0,0,0,0,998,998,0,0,1,1,1,23,-22,0,50887,998,-61,23,0,4,99,99,0,99,0,998,0.0,92,45,114,0.9,0.8,1.3,1150.76214501447,11,3
9496,20,23,1-20-2018-023-10,10,2,1N6DD26S3YC3,17,35,472,2000,34,5,30,0,2,F,9,1429,5,9999,9,0,,,,,,,,,,,,,,,,,,,,,,,,,,,,,,,,,,,,,,,,,,,,,,,,,,,,,,,,,,,,,,,,,,95,95,95,95,,,,,,,,,,1150.76214501447,11,3
9497,26,20,1-26-2018-020-09,9,1,1GCCS13E6781,17,20,473,2007,34,5,30,0,1,F,1,1702,5,0,1,1,1,105,1,0,1,0,2,0,2,95827,1,2,0,2,2,1,2,1,1,9,1,3,2,3,1,1,0,0,9,1,1,3,52,8,4,4,1,A,3,0,0,0,0,0,0,0,0,0,0,998,998,0,0,0,1,10,999,999,999,9999999,999,-27,17,2,0,1,2,0,4,0,998,3.3,999,999,999,99.9,3.3,99.9,1455.35551504907,10,3
9498,13,25,1-13-2018-025-01,1,1,1G1YY12S0251,17,20,4,2002,2,1,3,0,1,L,3,1469,5,0,1,1,1,105,1,0,1,0,3,0,1,76022,1,2,1,2,5,1,1,1,2,1,1,3,0,0,1,8,0,0,9,1,14,1,9,99,4,4,1,B,7,1,6,1,1,4,4,54,4,1,38,997,997,0,0,0,3,6,999,999,999,9999999,999,999,999,8,0,2,5,0,1,3,997,0.7,120,25,999,99.9,99.9,99.9,84.6237942688939,7,3
9498,13,25,1-13-2018-025-01,1,2,1D3HB13P79S7,17,7,482,2009,34,5,31,0,1,T,9,2295,5,9999,9,0,0,105,1,0,0,995,0,0,0,73523,9,9,1,2,3,3,1,1,3,1,3,2,0,0,1,8,0,0,9,0,14,6,91,99,1,1,6,M,98,0,0,0,0,0,0,0,0,0,0,998,998,0,0,0,5,0,999,999,999,9999999,999,999,999,9,0,95,95,95,95,0,998,9.8,998,998,998,99.8,99.8,99.8,84.6237942688939,7,3
9498,13,25,1-13-2018-025-01,1,3,3GCEC13C28G3,17,20,481,2008,34,5,31,0,1,L,9,2329,5,9999,9,0,0,105,1,0,0,995,0,0,0,76040,9,9,1,2,3,2,1,1,3,1,3,3,0,0,1,8,0,0,9,0,14,6,91,99,1,1,6,M,98,0,0,0,0,0,0,0,0,0,0,998,998,0,0,0,6,0,999,999,999,9999999,999,999,999,9,0,95,95,95,95,0,998,9.8,998,998,998,99.8,99.8,99.8,84.6237942688939,7,3
9510,24,17,1-24-2018-017-09,9,1,1HGCM72674A0,17,37,32,2004,2,1,3,0,1,F,1,1365,5,0,1,1,1,80,1,0,0,995,0,0,0,08232,2,2,0,2,2,1,2,1,2,1,1,3,0,0,1,1,0,0,9,1,14,1,9,99,3,4,1,A,2,1,6,2,6,1,4,61,1,2,999,998,998,0,0,6,1,8,999,999,999,9999999,999,999,999,6,0,1,1,0,4,3,998,3.6,999,999,120,3.0,1.7,3.8,1558.04266533105,1,3
9511,16,21,1-16-2018-021-06,6,1,2T1BU40E09C0,17,49,32,2009,4,1,2,0,1,F,1,1279,5,0,1,1,1,40,1,0,0,995,0,0,0,45238,1,2,2,4,2,1,2,2,1,1,0,0,0,0,1,2,2,2,1,0,1,2,17,1,1,1,5,L,88,0,0,0,0,0,0,0,0,0,0,0,260,0,0,0,1,1,15,-14,-5,9249,998,-24,13,0,4,1,1,0,6,0,995,9.8,998,998,998,99.8,99.8,99.8,629.066475165459,5,3
9511,16,21,1-16-2018-021-06,6,2,2HNYD18716H5,17,54,421,2006,15,3,15,0,1,L,1,1992,5,0,1,1,1,40,1,0,0,995,0,0,0,45233,9,9,2,4,2,1,2,2,1,2,0,2,0,0,1,2,0,0,9,0,1,4,66,1,1,1,5,L,89,0,0,0,0,0,0,0,0,0,0,260,0,0,0,0,1,1,10,-5,8,11503,998,75,11,0,4,0,0,0,0,0,995,9.8,998,998,998,99.8,99.8,99.8,629.066475165459,5,3
9512,16,22,1-16-2018-022-08,8,1,JH4DC4355XS0,17,54,31,1999,3,1,2,0,1,R,3,1197,5,0,1,5,1,56,1,0,0,995,0,0,0,45231,9,9,0,4,6,3,1,2,1,1,3,2,0,0,3,1,0,0,9,1,11,2,15,99,1,2,4,J,68,0,0,0,0,0,0,0,0,0,0,10,260,0,0,0,1,3,86,-29,-81,523405,998,-66,92,0,4,9,97,0,8,0,995,9.8,998,998,998,99.8,99.8,99.8,267.399731997795,5,3
9512,16,22,1-16-2018-022-08,8,2,1MEFM40175G6,17,14,20,2005,4,1,4,0,1,F,3,1669,5,0,1,1,1,56,1,0,0,995,0,0,0,45205,1,2,0,4,6,3,1,2,1,1,3,1,0,0,3,1,0,0,1,0,1,4,62,1,1,1,4,J,69,0,0,0,0,0,0,0,0,0,0,260,10,0,0,0,1,3,63,-63,0,198740,998,0,54,0,4,1,1,0,5,0,995,9.8,998,998,998,99.8,99.8,99.8,267.399731997795,5,3
9513,23,22,1-23-2018-022-10,10,1,4M2CU87148KJ,17,14,402,2008,14,3,14,0,1,F,1,1534,8,0,1,1,1,89,1,0,0,995,0,0,0,43334,1,2,0,4,2,1,2,1,1,1,1,2,0,0,2,1,0,0,1,0,1,6,87,2,1,1,1,C,13,0,0,0,0,0,0,0,0,0,0,998,998,0,0,0,1,10,999,999,999,9999999,999,999,14,2,0,0,0,0,0,0,998,9.8,998,998,998,99.8,99.8,99.8,2692.97754858124,5,3
9514,23,23,1-23-2018-023-04,4,1,JN1CV7AR2GM2,17,58,41,2016,4,1,4,0,1,B,3,1718,5,0,1,1,1,89,1,1,0,995,0,0,0,43065,9,9,0,4,2,1,2,1,2,1,1,2,0,0,2,1,0,0,9,1,14,1,6,99,4,4,1,B,7,0,0,0,0,0,0,0,0,0,0,998,998,0,0,1,2,1,45,45,0,133150,998,0,45,0,1,0,0,0,0,0,998,9.9,999,999,999,99.9,99.9,99.9,392.53016855049,5,3
9515,23,24,1-23-2018-024-03,3,1,1FMCU0G9XEUB,17,12,402,2014,14,3,14,0,1,F,9,1635,5,9999,9,0,1,56,1,0,0,995,0,0,0,43015,9,9,0,4,2,1,2,1,1,1,1,2,0,0,1,1,0,0,9,1,1,2,12,99,2,4,1,B,6,0,0,0,0,0,0,0,0,0,0,998,998,0,0,1,1,0,999,999,999,9999999,999,999,999,9,0,9,97,0,99,0,998,0.3,30,30,119,44.4,4.9,44.5,128.901537194424,5,3
9516,59,16,1-59-2018-016-05,5,1,1GKDT13W9122,17,23,401,2001,14,3,14,0,1,F,1,1889,5,9999,9,0,1,97,1,0,0,995,0,0,0,47869,9,9,2,1,3,2,2,2,1,1,3,1,0,0,1,2,0,0,9,1,1,2,12,99,1,6,4,J,73,0,0,0,0,0,0,0,0,0,0,150,120,0,0,0,1,3,11,-9,-5,7492,998,-109,8,0,4,99,99,0,99,0,995,9.8,998,998,998,99.8,99.8,99.8,97.2625459876156,6,3
9516,59,16,1-59-2018-016-05,5,2,5FNYF4H4XDB0,17,37,421,2013,15,3,15,0,1,L,1,2058,5,0,1,1,1,97,1,0,1,0,2,0,3,26280,5,2,2,1,3,3,2,2,1,1,1,2,0,0,1,2,0,0,1,0,11,2,15,1,1,1,4,J,72,0,0,0,0,0,0,0,0,0,0,120,150,0,0,0,1,3,9,4,8,13810,998,8,12,0,4,1,2,0,4,0,995,9.8,998,998,998,99.8,99.8,99.8,97.2625459876156,6,3
9517,28,12,1-28-2018-012-09,9,1,JF1SG65665H7,17,48,401,2005,14,3,14,0,1,F,1,1400,5,136,1,1,1,72,1,0,0,995,0,0,0,16933,1,2,0,4,2,1,2,2,1,1,1,2,0,0,1,2,0,0,3,1,1,2,13,99,1,4,1,A,1,0,0,0,0,0,0,0,0,0,0,998,998,0,1,0,1,12,999,999,999,9999999,999,999,999,1,0,1,1,0,4,0,998,0.0,999,999,999,13.3,4.0,13.6,462.305554393888,3,3
9518,52,9,1-52-2018-009-04,4,1,1C4PJMCSXHD2,17,2,404,2017,14,3,14,0,1,T,1,1788,5,0,2,1,1,97,1,0,0,995,0,0,0,59102,1,2,0,4,2,1,2,5,1,1,1,4,3,3,4,8,0,0,1,1,6,1,6,4,3,4,1,B,7,1,6,2,2,1,4,61,1,2,28,997,997,0,1,0,2,6,999,999,999,9999999,999,999,999,6,0,0,0,0,0,3,997,9.8,998,998,998,99.8,99.8,99.8,671.040381456286,12,3
9519,32,27,1-32-2018-027-02,2,1,2G1FA1E37E92,17,20,9,2014,2,1,4,0,1,L,3,1700,5,9999,9,5,1,56,1,0,9,998,8,0,9,75249,1,1,0,1,3,3,2,2,1,2,3,0,0,0,1,2,0,0,9,1,1,1,6,1,4,4,1,B,7,0,0,0,0,0,0,0,0,0,0,998,998,0,0,1,3,1,43,33,28,129351,998,26,43,0,4,3,17,1,3,0,998,0.0,115,7,100,9.7,2.7,10.0,65.2595091258562,7,3
9519,32,27,1-32-2018-027-02,2,2,1HGCG32572A0,17,37,32,2002,2,1,3,0,2,R,1,1367,5,0,1,5,,,,,,,,,,,,,,,,,,,,,,,,,,,,,,,,,,,,,,,,,,,,,,,,,,,,,,,,,,,,,,,,,,95,95,95,95,,,,,,,,,,65.2595091258562,7,3
9523,14,10,1-14-2018-010-04,4,1,1GCRCREC5EZ3,17,20,481,2014,34,5,31,0,1,F,1,2250,5,0,1,1,1,113,1,0,0,995,0,0,0,78130,1,1,0,3,3,3,2,2,1,1,3,1,1,3,3,2,0,0,1,1,1,1,5,8,4,4,1,B,7,0,0,0,0,0,0,0,0,0,0,998,998,0,0,0,1,1,18,-17,6,31403,998,50,18,0,4,0,0,0,0,0,998,3.4,999,999,999,99.9,3.4,4.9,3921.83569814854,8,3
9524,14,11,1-14-2018-011-02,2,1,1N4AL3AP2DN5,17,35,47,2013,4,1,4,0,1,F,3,1420,5,0,1,1,1,113,1,0,1,0,2,0,2,78006,1,2,0,2,3,2,2,1,1,9,3,3,0,3,3,1,0,0,9,0,1,3,54,99,1,1,3,G,52,0,0,0,0,0,0,0,0,0,0,30,210,0,0,0,1,1,81,-81,0,393979,998,0,82,0,1,5,50,1,3,0,995,9.8,998,998,998,99.8,99.8,99.8,186.332816064419,8,3
9524,14,11,1-14-2018-011-02,2,2,1FADP3F24EL4,17,12,37,2014,4,1,3,0,1,F,3,1340,5,9999,9,1,1,113,1,0,1,139,2,0,2,78108,1,2,0,2,3,2,2,1,1,9,3,3,0,3,3,1,0,0,9,0,1,3,54,99,1,1,3,G,52,0,0,0,0,0,0,0,0,0,0,210,30,0,0,0,1,1,87,-87,0,396158,998,0,85,0,1,3,22,1,3,0,995,9.8,998,998,998,99.8,99.8,99.8,186.332816064419,8,3