CASEID,PSU,CASENO,CASENUMBER,CATEGORY,VEHNO,VIN,VINLENGTH,MAKE,MODEL,MODELYR,BODYTYPE,BODYCAT,VEHCLASS,SPECUSE,TRANSTAT,DAMPLANE,DAMSEV,CURBWT,CURBSRC,CARGOWT,CARGOSRC,INSPTYPE,TOWSTAT,SPEEDLIMIT,DRPRESENT,PARALCOHOL,ALCTEST,ALCTESTRESULT,ALCTESTSRC,PARDRUG,DRUGTEST,ZIP,RACE,ETHNICITY,RELTOJUNCT,TRAFFLOW,RDLANES,INITLANE,SURFTYPE,SURFCOND,ALIGNMENT,PROFILE,LINERIGHT,LINELEFT,RUMBINIT,RUMBROAD,LIGHTCOND,WEATHER,TRAFDEV,TRAFFUNCT,DISTRACT,PREFHE,PREMOVE,CRITCAT,CRITEVENT,MANEUVER,PRESTAB,PRELOC,CRASHCAT,CRASHCONF,CRASHTYPE,ROLLTYPE,ROLLTURN,ROLLINTRPT,ROLLPREMAN,ROLLINITYP,ROLLINLOC,ROLLOBJ,ROLLTRIP,ROLLDIR,ROLLDIST,DVANGTHIS,DVANGOTH,TOWHITCH,TRAJDOC,TREEPOLE,DVEVENT,DVBASIS,DVTOTAL,DVLONG,DVLAT,DVENERGY,DVSPEED,DVMOMENT,DVBES,DVEST,DVCONF,VAIS,VISS,VINJURED,VTREAT,INITOBJCLASS,HEADANGLECAT,SHLDRWIDTH,STRKLENGTH,STRKWIDTH,STRKHEIGHT,EDGEDISTX,EDGEDISTY,EDGEDISTZ,CASEWGT,PSUSTRAT,VERSION
9563,19,23,1-19-2018-023-10,10,1,JA4LS21R64J0,17,52,401,2004,14,3,14,0,1,F,1,1801,5,0,1,1,1,105,1,0,0,995,0,0,0,35950,1,1,0,1,2,1,2,2,1,4,1,3,0,0,2,1,0,0,3,1,1,2,13,7,2,4,1,A,1,0,0,0,0,0,0,0,0,0,0,998,998,0,1,3,1,10,999,999,999,9999999,999,-157,13,2,0,0,0,0,0,0,998,0.4,15,15,102,6.3,11.8,13.8,5461.0405048006,9,3
9564,19,24,1-19-2018-024-07,7,1,3D6WZ4CL2BG5,17,7,482,2011,34,5,31,0,1,R,9,2830,5,9999,9,0,0,105,1,0,0,995,0,0,0,30117,9,9,0,1,2,2,2,1,3,2,2,3,0,0,1,8,0,0,9,1,15,2,11,99,1,2,2,F,46,0,0,0,0,0,0,0,0,0,0,40,30,1,1,0,1,0,999,999,999,9999999,999,999,999,9,0,95,95,95,95,0,995,9.8,998,998,998,99.8,99.8,99.8,1090.36247267942,9,3
9564,19,24,1-19-2018-024-07,7,2,3N1AB6AP7BL6,17,35,43,2011,4,1,3,0,1,L,1,1296,5,0,1,1,1,105,1,0,0,995,0,0,0,36265,2,2,0,1,2,1,2,1,3,2,1,3,0,0,1,8,0,0,1,0,14,4,60,9,1,1,2,F,45,0,0,0,0,0,0,0,0,0,0,30,40,0,1,0,1,5,999,999,999,9999999,999,999,7,1,0,0,0,0,0,0,995,9.8,998,998,998,99.8,99.8,99.8,1090.36247267942,9,3
9565,19,25,1-19-2018-025-02,2,1,1GNEK18K8RJ3,17,20,421,1994,15,3,15,0,1,F,1,2151,5,9999,9,0,0,56,1,0,0,995,0,0,0,35907,9,9,2,1,4,2,2,2,1,1,3,3,0,0,3,2,1,2,9,0,1,3,52,99,1,1,2,D,28,0,0,0,0,0,0,0,0,0,0,105,105,0,0,0,1,3,8,-8,0,6115,998,0,9,0,4,95,95,95,95,0,995,9.8,998,998,998,99.8,99.8,99.8,46.6814730229856,9,3
9565,19,25,1-19-2018-025-02,2,2,1N4AL3AP0FC4,17,35,47,2015,4,1,4,0,1,B,1,1416,5,0,1,1,1,72,1,0,0,995,0,0,0,35904,1,2,2,1,4,2,2,2,1,1,3,3,0,0,3,2,1,2,1,0,2,3,53,1,1,1,2,D,29,0,0,0,0,0,0,0,0,0,0,105,105,0,0,0,1,3,12,12,0,7947,998,0,12,0,4,1,3,0,4,0,995,9.8,998,998,998,99.8,99.8,99.8,46.6814730229856,9,3
9565,19,25,1-19-2018-025-02,2,3,2C3CDXHG6GH3,17,7,24,2016,4,1,5,0,1,B,9,2314,5,9999,9,0,0,72,1,0,0,995,0,0,0,35903,9,9,2,1,4,2,2,2,1,1,3,3,0,0,3,2,1,2,1,0,5,3,53,1,1,1,6,M,98,0,0,0,0,0,0,0,0,0,0,105,105,0,0,0,2,0,999,999,999,9999999,999,999,999,9,0,95,95,95,95,0,995,9.8,998,998,998,99.8,99.8,99.8,46.6814730229856,9,3
9566,29,13,1-29-2018-013-03,3,1,1GCVKPECXGZ3,17,20,481,2016,34,5,31,0,1,F,2,2394,5,0,1,1,1,56,1,0,0,995,0,0,0,02771,1,2,2,4,2,1,2,1,2,1,1,2,0,0,3,1,2,2,3,1,14,2,10,4,2,2,3,G,50,0,0,0,0,0,0,0,0,0,0,75,245,0,0,0,1,1,31,-31,0,96827,998,-3,32,0,1,1,1,0,0,0,995,9.8,998,998,998,99.8,99.8,99.8,426.516389203271,2,3
9566,29,13,1-29-2018-013-03,3,2,1FM5K8D83HGB,17,12,401,2017,14,3,14,0,1,F,2,2146,5,0,1,1,1,56,1,0,0,995,0,0,0,02769,1,2,2,4,2,1,2,1,1,1,1,2,0,0,3,1,2,2,1,0,1,3,54,2,1,1,3,G,51,0,0,0,0,0,0,0,0,0,0,245,75,0,0,0,1,1,35,-34,-6,107110,998,-44,34,0,1,1,1,0,4,0,995,9.8,998,998,998,99.8,99.8,99.8,426.516389203271,2,3
9567,10,14,1-10-2018-014-04,4,1,5N1AT2MV5GC8,17,35,51,2016,6,1,3,0,1,L,1,1610,5,0,1,1,1,56,1,0,0,995,0,0,0,45068,1,2,2,4,3,2,2,1,2,4,1,2,0,0,1,1,2,2,9,0,11,2,15,9,1,1,4,K,82,0,0,0,0,0,0,0,0,0,0,160,275,0,0,0,1,3,4,-2,3,2900,998,-178,4,0,4,0,0,0,0,0,995,9.8,998,998,998,99.8,99.8,99.8,283.487124096589,4,3
9567,10,14,1-10-2018-014-04,4,2,2G1WB58K5793,17,20,2,2007,4,1,4,0,1,F,1,1630,5,9999,9,0,0,56,1,0,0,995,0,0,0,45305,9,9,2,4,5,2,2,1,1,1,3,2,0,0,1,1,0,0,9,0,1,4,67,1,1,1,4,K,83,0,0,0,0,0,0,0,0,0,0,275,160,0,0,0,1,3,4,-4,-1,1245,998,-41,4,0,4,95,95,95,95,0,995,9.8,998,998,998,99.8,99.8,99.8,283.487124096589,4,3
9570,32,31,1-32-2018-031-03,3,1,3GNFK16Z94G2,17,20,422,2004,15,3,15,0,1,F,1,2244,5,9999,9,0,1,56,1,0,0,995,0,0,0,75211,1,1,2,4,4,2,2,2,1,1,3,2,0,0,1,8,1,2,9,0,1,3,50,3,4,1,2,D,20,0,0,0,0,0,0,0,0,0,0,170,10,0,0,0,2,3,8,-8,0,5625,998,0,8,0,4,0,0,0,0,0,995,9.8,998,998,998,99.8,99.8,99.8,715.189124006466,7,3
9570,32,31,1-32-2018-031-03,3,2,2GNALBEK1E62,17,20,404,2014,14,3,14,0,1,B,9,1706,5,9999,9,0,0,56,1,0,0,995,0,0,0,75060,9,9,2,4,4,2,2,2,1,1,3,2,0,0,1,8,1,2,9,0,5,3,53,1,1,1,2,D,21,0,0,0,0,0,0,0,0,0,0,185,170,0,0,0,1,0,999,999,999,9999999,999,999,999,9,0,95,95,95,95,0,995,9.8,998,998,998,99.8,99.8,99.8,715.189124006466,7,3
9570,32,31,1-32-2018-031-03,3,3,1C4NJCEA8ED7,17,2,1,2014,6,1,2,0,1,L,1,1448,5,0,1,1,1,56,1,0,0,995,0,0,0,75060,1,1,2,4,4,1,2,2,1,1,3,0,0,0,1,8,1,2,9,0,1,4,62,1,1,1,6,M,98,0,0,0,0,0,0,0,0,0,0,10,170,0,0,0,2,3,12,-12,4,14879,998,-98,13,0,4,0,0,0,6,0,995,9.8,998,998,998,99.8,99.8,99.8,715.189124006466,7,3
9571,18,14,1-18-2018-014-04,4,1,KNDJT2A60D75,17,63,37,2013,6,1,2,0,1,L,1,1220,5,9999,9,0,0,40,1,1,8,997,8,0,0,54703,9,9,2,4,5,2,1,1,1,1,3,1,0,0,3,1,1,2,9,0,1,4,66,99,1,1,5,L,89,0,0,0,0,0,0,0,0,0,0,265,0,0,0,0,1,3,21,-13,16,40135,998,-69,24,0,4,95,95,95,95,0,995,9.8,998,998,998,99.8,99.8,99.8,340.419079739698,6,3
9571,18,14,1-18-2018-014-04,4,2,1C3CCCDG8FN6,17,6,18,2015,4,1,3,0,1,F,1,1721,5,0,1,1,1,40,1,0,0,995,0,0,0,54703,9,9,2,4,3,2,1,1,1,1,1,2,0,0,3,1,1,2,9,0,1,4,66,99,1,1,5,L,88,0,0,0,0,0,0,0,0,0,0,0,265,0,0,0,1,3,16,-14,-8,15303,998,-102,12,0,4,0,0,0,0,0,995,9.8,998,998,998,99.8,99.8,99.8,340.419079739698,6,3
9574,30,17,1-30-2018-017-07,7,1,5N1AN08U09C5,17,35,402,2009,14,3,14,0,1,B,1,1973,5,0,1,1,1,89,1,0,0,995,0,0,0,85301,9,9,0,2,5,3,2,1,3,1,3,3,0,0,1,1,0,0,9,0,13,2,20,1,1,1,6,M,92,0,0,0,0,0,0,0,0,0,0,175,175,0,0,0,1,1,10,10,0,6786,998,16,9,0,1,0,0,0,0,0,995,9.8,998,998,998,99.8,99.8,99.8,7518.41224503256,10,3
9574,30,17,1-30-2018-017-07,7,2,1N4AL2EP5DC2,17,35,47,2013,2,1,3,0,1,F,1,1424,5,0,1,2,0,89,1,0,0,995,0,0,0,85303,9,9,0,2,5,3,2,1,3,1,3,3,0,0,1,1,0,0,9,0,5,8,98,1,1,1,6,M,93,0,0,0,0,0,0,0,0,0,0,175,175,0,0,0,1,1,14,-14,0,10754,998,2,14,0,1,95,95,95,95,0,995,9.8,998,998,998,99.8,99.8,99.8,7518.41224503256,10,3
9575,31,9,1-31-2018-009-07,7,1,1GCEK19T8XE1,17,20,481,1999,34,5,31,0,1,R,1,2096,8,9999,9,0,1,40,1,0,0,995,0,0,0,62821,1,2,2,4,2,1,2,1,1,1,0,0,0,0,1,1,2,2,3,0,1,2,17,3,1,1,5,L,87,0,0,0,0,0,0,0,0,0,0,190,100,0,0,0,1,3,14,-9,-11,30998,998,64,18,0,4,0,0,0,0,0,995,0.0,66,14,14,0.0,0.0,0.0,842.282005886445,6,3
9575,31,9,1-31-2018-009-07,7,2,1GKS2CE09BR2,17,23,422,2011,15,3,15,0,1,F,1,2511,5,0,1,1,1,56,1,0,0,995,0,0,0,62821,1,2,2,4,2,1,2,1,1,1,0,4,0,0,1,1,0,0,1,0,1,2,17,2,1,2,5,L,86,0,0,0,0,0,0,0,0,0,0,100,190,0,0,0,1,3,12,-9,8,16817,998,153,9,0,4,0,0,0,0,0,995,9.8,998,998,998,99.8,99.8,99.8,842.282005886445,6,3
9579,26,24,1-26-2018-024-05,5,1,1GKEK63U73J2,17,23,421,2003,15,3,15,0,1,F,2,2506,5,0,1,1,1,80,1,0,1,0,2,0,2,95841,1,2,0,4,2,1,2,1,1,1,1,4,0,0,2,1,0,0,1,1,1,2,10,7,1,2,3,G,50,0,0,0,0,0,0,0,0,0,0,350,180,0,1,0,1,1,33,-32,6,208609,998,-9,46,0,4,3,17,1,3,0,995,9.8,998,998,998,99.8,99.8,99.8,93.1417400750086,10,3
9579,26,24,1-26-2018-024-05,5,2,1GNKVJED6BJ3,17,20,24,2011,6,1,5,0,1,F,2,2234,5,0,1,1,1,80,1,0,0,995,0,0,0,95660,2,9,0,4,2,1,2,1,1,1,1,4,0,0,2,1,0,0,9,0,1,4,62,1,1,1,3,G,51,0,0,0,0,0,0,0,0,0,0,180,350,0,1,0,1,1,34,-32,12,13516,998,17,12,0,4,3,14,1,3,0,995,2.1,13,13,120,7.8,4.7,9.1,93.1417400750086,10,3
9580,26,25,1-26-2018-025-10,10,1,2C8GP74L23R1,17,6,441,2003,20,4,20,0,1,F,1,1935,5,0,1,1,1,40,1,1,9,998,8,0,0,95838,9,9,2,1,1,1,2,2,1,1,3,0,0,0,3,1,2,2,9,0,1,2,14,2,2,4,1,C,14,0,0,0,0,0,0,0,0,0,0,998,998,0,1,0,1,10,999,999,999,9999999,999,0,17,2,0,0,0,0,99,0,998,0.7,999,999,999,0.5,99.9,0.5,21678.5871579188,10,3
9581,66,9,1-66-2018-009-04,4,1,1GTV2UEC6EZ2,17,23,481,2014,34,5,31,0,1,F,1,2360,5,0,1,1,1,80,1,0,0,995,0,0,0,65708,9,9,0,4,2,1,2,2,1,1,0,0,0,0,1,2,0,0,1,1,1,4,62,4,9,4,1,A,3,0,0,0,0,0,0,0,0,0,0,998,998,0,0,2,1,10,999,999,999,9999999,999,-48,15,2,0,99,99,0,0,0,998,0.0,38,38,108,13.5,2.4,13.7,1463.54905215799,6,3
9582,28,13,1-28-2018-013-04,4,1,3MYDLBYV0JY3,17,49,51,2018,4,1,2,0,1,B,1,1095,5,0,1,1,1,113,1,0,0,995,0,0,0,32812,1,1,0,3,2,1,2,5,2,1,1,3,2,3,1,1,0,0,1,1,14,1,5,2,3,4,1,B,7,0,0,0,0,0,0,0,0,0,0,998,998,0,0,0,1,1,12,11,6,13208,998,-120,12,0,4,1,1,0,0,0,998,0.0,119,49,77,0.0,0.0,0.0,101.592042359211,3,3
9583,28,14,1-28-2018-014-07,7,1,2T1BU4EE5DC1,17,49,32,2013,4,1,2,0,1,R,1,1260,5,0,1,1,1,113,1,0,0,995,0,0,0,16933,1,2,0,3,2,2,2,5,2,1,1,3,2,3,1,1,0,0,1,1,6,1,5,3,3,2,2,F,49,0,0,0,0,0,0,0,0,0,0,0,350,0,0,0,1,5,999,999,999,9999999,999,999,11,2,0,0,0,0,0,0,995,9.8,998,998,998,99.8,99.8,99.8,131.245427889193,3,3
9583,28,14,1-28-2018-014-07,7,2,999999999999,99,99,884,9999,78,8,78,99,1,L,9,,,,,,0,113,1,8,0,995,0,7,0,99999,9,9,0,3,2,1,2,5,2,1,1,3,2,3,1,1,0,0,9,0,14,4,60,99,1,1,2,F,49,,,,,,,,,,,,,,,,,,,,,,,,,,,95,95,95,95,,,9.8,998,998,998,99.8,99.8,99.8,131.245427889193,3,3
9584,23,25,1-23-2018-025-09,9,1,1G8AJ55F87Z1,17,24,7,2007,4,1,2,0,1,F,1,1221,5,0,1,1,1,89,1,0,0,995,0,0,0,44907,1,2,0,4,2,1,2,1,1,4,1,2,0,0,1,1,0,0,9,1,1,1,9,1,2,4,1,B,7,0,0,0,0,0,0,0,0,0,0,998,998,0,0,0,1,10,999,999,999,9999999,999,0,13,2,0,1,1,0,0,0,998,0.3,120,100,-110,10.0,4.9,11.0,499.442448008805,5,3
9585,23,26,1-23-2018-026-06,6,1,JN1AZ4EH3DM3,17,35,48,2013,2,1,2,0,1,B,1,1497,5,0,1,1,1,113,1,0,0,995,0,0,0,43315,9,9,0,2,3,3,2,2,1,1,3,2,1,3,2,3,0,0,9,1,1,2,13,99,3,4,1,A,2,0,0,0,0,0,0,0,0,0,0,998,998,0,0,1,3,1,23,22,-8,33509,998,25,23,0,4,9,97,0,5,0,998,1.4,119,119,14,49.4,8.9,50.3,183.606099764467,5,3
9586,23,27,1-23-2018-027-07,7,1,1HGCM56354A1,17,37,32,2004,4,1,3,0,1,F,1,1389,5,0,1,1,1,89,1,0,0,995,0,0,0,43015,1,2,2,1,3,2,2,1,1,1,1,3,0,0,3,1,0,0,1,0,1,4,66,2,1,1,5,L,88,0,0,0,0,0,0,0,0,0,0,175,80,0,0,0,1,1,17,-17,-3,17736,998,-35,17,0,2,0,0,0,0,0,995,9.8,998,998,998,99.8,99.8,99.8,567.176428317551,5,3
9586,23,27,1-23-2018-027-07,7,2,1G4PS5SK0C41,17,18,25,2012,4,1,3,0,1,L,1,1497,5,0,1,1,1,40,1,0,0,995,0,0,0,43015,9,9,2,4,2,1,2,1,1,1,0,0,0,0,3,1,2,2,9,0,1,2,17,99,1,1,5,L,89,0,0,0,0,0,0,0,0,0,0,80,175,0,0,0,1,1,16,-3,16,15610,998,-32,16,0,1,0,0,0,0,0,995,9.8,998,998,998,99.8,99.8,99.8,567.176428317551,5,3
9588,59,18,1-59-2018-018-02,2,1,4A4JN2AS2BE0,17,52,402,2011,14,3,14,0,1,R,1,1850,5,0,1,4,1,48,1,0,0,995,0,0,0,47802,1,9,2,1,4,2,2,1,1,1,3,3,0,0,1,8,1,2,9,0,1,2,17,99,1,1,5,L,87,0,0,0,0,0,0,0,0,0,0,0,270,0,0,0,1,3,15,-10,-11,32948,998,65,19,0,4,1,3,0,4,0,995,9.8,998,998,998,99.8,99.8,99.8,51.3567577406289,6,3
9588,59,18,1-59-2018-018-02,2,2,5XYZUDLB8FG2,17,55,401,2015,14,3,14,0,1,F,1,1640,5,0,1,1,1,48,1,0,0,995,0,0,0,47805,1,2,2,3,2,2,2,1,1,1,1,0,0,0,1,8,1,2,1,0,1,4,66,1,1,1,5,L,86,0,0,0,0,0,0,0,0,0,0,270,0,0,0,0,1,3,16,-12,10,17875,998,121,12,0,4,3,10,1,4,0,995,9.8,998,998,998,99.8,99.8,99.8,51.3567577406289,6,3
9589,52,10,1-52-2018-010-02,2,1,1GNDT13S1223,17,20,401,2002,14,3,14,0,1,F,2,2099,5,0,1,1,1,56,1,1,1,288,2,1,2,59101,9,9,2,1,4,1,2,1,2,2,0,1,0,0,3,1,1,2,9,0,14,2,17,1,1,1,5,L,88,0,0,0,0,0,0,0,0,0,0,340,250,0,0,0,1,3,26,-23,-13,49975,998,-82,21,0,4,2,5,0,3,0,995,9.8,998,998,998,99.8,99.8,99.8,40.9058687424445,12,3
9589,52,10,1-52-2018-010-02,2,2,1HGCR2F87GA1,17,37,32,2016,4,1,4,0,1,L,2,1496,5,9999,9,4,1,56,1,0,1,0,2,0,1,59101,9,9,2,1,3,1,2,1,2,1,0,1,0,0,3,1,1,2,9,0,14,4,66,99,1,1,5,L,89,0,0,0,0,0,0,0,0,0,0,250,340,0,0,0,1,3,36,-18,31,120485,998,70,40,0,4,2,9,0,3,0,995,9.8,998,998,998,99.8,99.8,99.8,40.9058687424445,12,3
9591,32,32,1-32-2018-032-06,6,1,1GKEC13Z12R1,17,23,421,2002,15,3,15,0,1,F,1,2190,5,9999,9,0,1,48,1,1,1,116,1,0,0,75235,1,1,0,3,3,1,2,1,1,1,1,1,0,0,3,1,1,2,9,0,1,3,50,2,1,1,2,D,20,0,0,0,0,0,0,0,0,0,0,85,85,0,0,0,1,3,7,-7,0,4235,998,0,7,0,4,0,0,0,0,0,995,9.8,998,998,998,99.8,99.8,99.8,1368.34322219557,7,3
9591,32,32,1-32-2018-032-06,6,2,5NPEB4ACXDH5,17,55,33,2013,4,1,4,0,1,B,1,1475,5,0,1,1,1,48,1,0,0,995,0,0,0,63120,2,9,0,3,3,1,2,1,1,1,1,1,0,0,3,1,1,2,1,0,5,3,53,99,1,1,2,D,21,0,0,0,0,0,0,0,0,0,0,85,85,0,0,0,1,3,10,10,0,6722,998,17,10,0,4,99,99,0,5,0,995,9.8,998,998,998,99.8,99.8,99.8,1368.34322219557,7,3
9592,32,33,1-32-2018-033-10,10,1,1N6ED26T73C4,17,35,472,2003,34,5,31,0,1,F,1,1788,5,0,1,1,1,113,1,0,0,995,0,0,0,75216,1,1,0,3,4,4,1,1,1,2,3,2,0,0,1,1,0,0,9,0,1,3,50,2,1,1,2,D,20,0,0,0,0,0,0,0,0,0,0,185,185,0,0,0,1,3,21,-21,0,30320,998,14,20,0,4,0,0,0,0,0,995,9.8,998,998,998,99.8,99.8,99.8,22528.2447370606,7,3
9592,32,33,1-32-2018-033-10,10,2,5TDKY5G16ES0,17,49,422,2014,15,3,15,0,1,B,1,2714,5,9999,9,0,0,113,1,0,0,995,0,0,0,76063,9,9,0,3,4,4,1,1,1,2,3,2,0,0,1,1,0,0,9,0,5,3,53,99,1,1,2,D,21,0,0,0,0,0,0,0,0,0,0,185,185,0,0,0,1,3,14,14,0,23361,998,0,15,0,4,95,95,95,95,0,995,9.8,998,998,998,99.8,99.8,99.8,22528.2447370606,7,3
9593,32,34,1-32-2018-034-02,2,1,5YFBURHE9GP5,17,49,32,2016,4,1,3,0,1,R,2,1265,5,0,1,1,1,56,1,0,0,995,0,0,0,75040,2,2,2,1,4,4,1,1,1,4,3,0,0,0,3,1,1,2,9,0,11,2,15,1,1,1,4,J,68,0,0,0,0,0,0,0,0,0,0,345,225,0,0,0,1,1,33,-21,-25,21078,998,-8,19,0,1,2,6,0,3,0,995,9.8,998,998,998,99.8,99.8,99.8,43.8456889381566,7,3
9593,32,34,1-32-2018-034-02,2,2,4T4BF1FKXCR2,17,49,40,2012,4,1,3,0,1,F,2,1441,5,0,1,1,1,56,1,0,0,995,0,0,0,75043,1,1,2,1,4,1,1,1,1,2,0,3,0,0,3,1,0,0,9,0,1,4,62,99,1,1,4,J,69,0,0,0,0,0,0,0,0,0,0,225,345,0,0,0,1,1,29,-29,5,98638,998,35,38,0,1,0,0,0,0,0,995,9.8,998,998,998,99.8,99.8,99.8,43.8456889381566,7,3
9596,24,18,1-24-2018-018-03,3,1,WVWJK73C47E1,17,30,46,2007,4,1,3,0,1,F,1,1499,5,0,1,1,1,80,1,0,0,995,0,0,0,08402,1,2,2,4,3,2,2,1,1,1,1,2,0,0,1,1,1,2,1,0,11,2,15,7,1,1,4,J,68,0,0,0,0,0,0,0,0,0,0,110,330,0,0,0,1,1,23,-20,-12,19123,998,-106,14,0,1,1,1,0,6,0,995,9.8,998,998,998,99.8,99.8,99.8,248.867899062562,1,3
9596,24,18,1-24-2018-018-03,3,2,2GNALCEK5G61,17,20,404,2016,14,3,14,0,1,F,1,1706,5,0,1,1,1,80,1,0,0,995,0,0,0,08234,1,1,2,4,4,2,2,1,1,1,1,1,0,0,1,1,1,2,1,0,1,4,62,2,1,1,4,J,69,0,0,0,0,0,0,0,0,0,0,330,110,0,0,0,1,1,19,-19,3,57986,998,-2,28,0,1,1,1,0,4,0,995,9.8,998,998,998,99.8,99.8,99.8,248.867899062562,1,3
9598,16,23,1-16-2018-023-04,4,1,1FADP3K24EL1,17,12,37,2014,5,1,3,0,1,R,1,1327,5,0,1,1,1,64,1,0,0,995,0,0,0,41011,1,2,2,4,5,3,2,2,1,1,0,4,0,0,1,2,1,2,1,0,11,2,15,1,1,1,4,J,68,0,0,0,0,0,0,0,0,0,0,90,340,0,0,0,1,3,16,-8,-14,17873,998,56,17,0,4,0,0,0,0,0,995,9.8,998,998,998,99.8,99.8,99.8,668.86596906553,5,3
9598,16,23,1-16-2018-023-04,4,2,5TFUM5F18GX0,17,49,482,2016,34,5,30,0,1,F,1,2450,5,9999,9,0,0,56,1,0,0,995,0,0,0,45255,9,9,2,4,5,1,2,2,1,1,0,3,0,0,1,2,1,2,9,0,1,2,17,99,1,1,4,J,69,0,0,0,0,0,0,0,0,0,0,340,90,0,0,0,1,3,9,-9,2,7557,998,43,9,0,4,95,95,95,95,0,995,9.8,998,998,998,99.8,99.8,99.8,668.86596906553,5,3
9599,16,24,1-16-2018-024-09,9,1,2MEFM74W24X6,17,14,6,2004,4,1,5,0,1,R,1,1838,5,0,1,1,1,40,1,0,0,995,0,0,0,45214,2,2,2,4,4,2,2,2,1,2,3,2,0,0,3,2,1,2,1,0,11,2,15,1,1,1,4,J,68,0,0,0,0,0,0,0,0,0,0,170,70,0,0,0,1,1,15,-8,-13,18275,998,-73,14,0,1,1,1,0,0,0,995,9.8,998,998,998,99.8,99.8,99.8,790.322844794853,5,3
9599,16,24,1-16-2018-024-09,9,2,1G6DM57T1601,17,19,18,2006,4,1,4,0,1,F,1,1747,5,0,1,1,1,40,1,0,0,995,0,0,0,45207,7,2,2,4,4,1,2,2,1,2,0,3,0,0,3,2,1,2,9,0,1,4,62,99,1,1,4,J,69,0,0,0,0,0,0,0,0,0,0,70,170,0,0,0,1,1,17,-16,6,28427,998,60,18,0,1,1,1,0,0,0,995,9.8,998,998,998,99.8,99.8,99.8,790.322844794853,5,3
9601,25,11,1-25-2018-011-10,10,1,1G1ZS61836F2,17,20,37,2006,4,1,3,0,1,T,1,1500,5,0,1,1,1,56,1,0,0,995,0,0,0,04260,9,9,0,4,2,1,2,3,3,4,1,2,0,0,2,4,0,0,9,1,14,1,5,3,3,4,1,A,2,1,2,2,2,1,4,61,1,2,9,997,997,0,0,0,1,6,999,999,999,9999999,999,999,999,6,0,0,0,0,0,3,997,9.8,998,998,998,99.8,99.8,99.8,9107.30347215234,2,3
9602,10,15,1-10-2018-015-06,6,1,2G1WB5EK1B11,17,20,2,2011,4,1,4,0,1,F,1,1613,5,0,1,5,1,97,1,0,0,995,0,0,0,45449,9,9,0,1,2,2,2,1,2,1,3,2,0,0,1,8,0,0,9,1,14,2,12,1,1,4,1,B,6,0,0,0,0,0,0,0,0,0,0,998,998,0,0,0,1,98,999,999,999,9999999,999,999,999,6,0,99,99,0,8,0,998,1.5,120,120,-100,99.9,4.0,99.9,99.3984972914798,4,3
9603,27,11,1-27-2018-011-03,3,1,1FTEX1EM5EFC,17,12,481,2014,34,5,31,0,1,F,1,2484,5,0,1,1,1,56,1,0,1,0,2,0,3,01230,1,2,0,4,2,1,2,1,1,5,1,2,0,0,1,1,0,0,3,1,1,2,12,1,1,4,1,B,6,1,4,1,2,1,4,61,1,1,20,998,998,0,0,7,1,10,999,999,999,9999999,999,999,19,2,0,3,10,1,3,3,998,0.3,34,34,120,12.7,1.6,12.8,62.9715810884263,3,3
9604,27,12,1-27-2018-012-04,4,1,5XYKTDA69DG4,17,63,402,2013,14,3,14,0,1,F,2,1730,5,0,1,1,1,32,1,0,1,43,2,0,3,01238,1,2,2,4,2,1,2,1,3,4,1,2,0,0,4,8,0,0,3,1,1,2,13,1,1,4,1,A,1,0,0,0,0,0,0,0,0,0,0,998,998,0,0,0,2,1,30,-30,-5,75186,998,-56,30,0,4,2,5,0,6,0,998,0.5,24,20,20,0.0,0.0,0.0,230.6032473457,3,3
9606,19,20,1-19-2018-020-04,4,1,2C4RDGCG0HR8,17,7,442,2017,20,4,20,0,1,F,1,2050,5,0,1,1,1,40,1,9,0,995,0,9,0,35903,2,2,3,4,2,1,2,1,1,1,0,2,0,0,2,1,0,0,1,1,10,1,6,1,2,4,6,M,98,0,0,0,0,0,0,0,0,0,0,998,998,0,1,0,4,1,12,-12,0,14704,998,-67,12,0,4,0,0,0,0,0,998,0.0,18,12,14,1.7,2.0,2.7,908.135001657534,9,3
9606,19,20,1-19-2018-020-04,4,2,2C3CDXAT8CH1,17,7,24,2012,4,1,5,5,1,F,1,1797,5,91,1,2,0,40,1,0,0,995,0,0,0,35096,9,9,3,4,2,1,2,1,1,1,0,2,0,0,2,1,0,0,9,0,2,3,52,99,1,1,6,M,98,0,0,0,0,0,0,0,0,0,0,45,90,0,0,0,3,1,10,-10,-2,12386,998,-36,12,0,4,95,95,95,95,0,995,9.8,998,998,998,99.8,99.8,99.8,908.135001657534,9,3
9607,19,21,1-19-2018-021-06,6,1,1N4AL2AP7AN5,17,35,47,2010,4,1,4,0,1,L,1,1437,5,9999,9,0,1,56,1,0,1,0,2,0,1,36272,1,2,2,1,2,2,2,1,1,2,1,2,0,0,1,8,1,2,1,0,11,4,66,99,1,1,4,K,82,0,0,0,0,0,0,0,0,0,0,330,95,0,0,0,1,3,23,-17,15,44864,998,-79,24,0,4,3,17,1,3,0,995,9.8,998,998,998,99.8,99.8,99.8,325.077182585513,9,3