CASEID,PSU,CASENO,CASENUMBER,CATEGORY,VEHNO,VIN,VINLENGTH,MAKE,MODEL,MODELYR,BODYTYPE,BODYCAT,VEHCLASS,SPECUSE,TRANSTAT,DAMPLANE,DAMSEV,CURBWT,CURBSRC,CARGOWT,CARGOSRC,INSPTYPE,TOWSTAT,SPEEDLIMIT,DRPRESENT,PARALCOHOL,ALCTEST,ALCTESTRESULT,ALCTESTSRC,PARDRUG,DRUGTEST,ZIP,RACE,ETHNICITY,RELTOJUNCT,TRAFFLOW,RDLANES,INITLANE,SURFTYPE,SURFCOND,ALIGNMENT,PROFILE,LINERIGHT,LINELEFT,RUMBINIT,RUMBROAD,LIGHTCOND,WEATHER,TRAFDEV,TRAFFUNCT,DISTRACT,PREFHE,PREMOVE,CRITCAT,CRITEVENT,MANEUVER,PRESTAB,PRELOC,CRASHCAT,CRASHCONF,CRASHTYPE,ROLLTYPE,ROLLTURN,ROLLINTRPT,ROLLPREMAN,ROLLINITYP,ROLLINLOC,ROLLOBJ,ROLLTRIP,ROLLDIR,ROLLDIST,DVANGTHIS,DVANGOTH,TOWHITCH,TRAJDOC,TREEPOLE,DVEVENT,DVBASIS,DVTOTAL,DVLONG,DVLAT,DVENERGY,DVSPEED,DVMOMENT,DVBES,DVEST,DVCONF,VAIS,VISS,VINJURED,VTREAT,INITOBJCLASS,HEADANGLECAT,SHLDRWIDTH,STRKLENGTH,STRKWIDTH,STRKHEIGHT,EDGEDISTX,EDGEDISTY,EDGEDISTZ,CASEWGT,PSUSTRAT,VERSION
9688,13,33,1-13-2018-033-02,2,3,JTHBF5C24C51,17,59,35,2012,4,1,3,0,1,B,1,1567,5,9999,9,0,0,105,1,0,0,995,0,0,0,76021,9,9,0,2,4,2,2,1,1,1,3,3,0,0,1,1,0,0,9,0,5,3,53,99,1,1,6,M,98,0,0,0,0,0,0,0,0,0,0,90,80,0,0,0,2,3,17,16,-6,27325,998,88,18,0,4,95,95,95,95,0,995,9.8,998,998,998,99.8,99.8,99.8,61.9390650688787,7,3
9689,22,15,1-22-2018-015-10,10,1,2CNDL73F1561,17,20,404,2005,14,3,14,0,1,L,1,1660,5,181,1,1,1,105,1,0,0,995,0,0,0,83537,1,2,0,2,4,1,2,1,1,1,1,3,2,3,1,1,0,0,3,1,1,1,8,3,3,4,1,A,2,0,0,0,0,0,0,0,0,0,0,998,998,1,0,0,1,5,999,999,999,9999999,999,999,999,1,0,0,0,0,0,0,998,3.1,119,119,119,13.1,7.7,15.0,1579.61748311094,12,3
9690,22,16,1-22-2018-016-06,6,1,2C3CA4CG3BH5,17,6,51,2011,4,1,5,0,1,F,1,1937,5,0,1,1,1,56,1,0,0,995,0,0,0,83501,1,2,2,5,6,2,2,2,1,4,1,2,0,0,1,2,1,2,3,0,1,3,50,1,1,1,2,D,20,0,0,0,0,0,0,0,0,0,0,320,320,0,0,0,1,1,16,-16,0,82328,998,9,26,0,4,1,1,0,4,0,995,9.8,998,998,998,99.8,99.8,99.8,78.7168836453916,12,3
9690,22,16,1-22-2018-016-06,6,2,JHMCD5537SC0,17,37,32,1995,4,1,3,0,1,B,2,1275,5,0,1,1,1,56,1,0,0,995,0,0,0,83501,1,2,2,5,6,2,2,2,1,4,1,2,0,0,1,2,1,2,1,0,5,3,53,1,1,1,2,D,21,0,0,0,0,0,0,0,0,0,0,320,320,0,0,0,1,1,37,37,0,25007,998,-24,22,0,4,1,2,0,6,0,995,9.8,998,998,998,99.8,99.8,99.8,78.7168836453916,12,3
9690,22,16,1-22-2018-016-06,6,3,1N6AD0EV3BC4,17,35,472,2011,34,5,30,0,1,F,1,2068,5,0,1,2,0,56,1,0,0,995,0,0,0,83501,9,9,2,5,6,2,2,2,1,4,1,2,0,0,1,2,1,2,1,0,5,3,53,1,1,1,6,M,98,0,0,0,0,0,0,0,0,0,0,320,320,0,0,0,3,4,17,-17,0,16692,998,-5,14,0,1,95,95,95,95,0,995,9.8,998,998,998,99.8,99.8,99.8,78.7168836453916,12,3
9690,22,16,1-22-2018-016-06,6,4,1C6RR7FT9ES2,17,7,482,2014,34,5,31,0,1,B,1,2407,9,9999,9,5,0,56,1,0,0,995,0,0,0,83501,9,9,2,5,5,2,2,2,1,4,1,2,0,0,1,2,1,2,1,0,5,3,53,1,1,1,6,M,98,0,0,0,0,0,0,0,0,0,0,320,320,0,0,0,3,4,15,15,0,27616,998,0,17,0,4,95,95,95,95,0,995,9.8,998,998,998,99.8,99.8,99.8,78.7168836453916,12,3
9691,30,19,1-30-2018-019-07,7,1,1GCGK13U25F8,17,20,481,2005,34,5,31,0,1,F,1,2639,5,9999,9,0,1,105,1,0,0,995,0,0,0,85381,9,9,0,2,5,4,2,1,1,1,3,1,0,0,1,1,0,0,1,0,1,3,50,99,1,1,2,D,20,0,0,0,0,0,0,0,0,0,0,280,280,0,0,0,1,3,16,-16,0,26902,998,0,16,0,4,99,99,0,99,0,995,9.8,998,998,998,99.8,99.8,99.8,13920.9589573646,10,3
9691,30,19,1-30-2018-019-07,7,2,1FMJK1J52BEF,17,12,422,2011,15,3,15,0,1,B,1,2792,5,0,1,1,1,105,1,0,0,995,0,0,0,85254,1,2,0,2,5,4,2,1,1,1,3,1,0,0,1,1,0,0,1,0,5,3,53,1,1,1,2,D,21,0,0,0,0,0,0,0,0,0,0,280,280,0,0,0,1,3,14,14,0,20727,998,-26,13,0,4,0,0,0,0,0,995,9.8,998,998,998,99.8,99.8,99.8,13920.9589573646,10,3
9691,30,19,1-30-2018-019-07,7,3,JTEGH20V9300,17,49,402,2003,14,3,14,0,1,B,1,1305,5,0,1,2,0,105,1,0,0,995,0,0,0,52403,9,9,0,2,5,4,2,1,1,1,3,1,0,0,1,1,0,0,1,0,5,3,53,1,1,1,6,M,98,0,0,0,0,0,0,0,0,0,0,280,280,0,0,0,2,1,17,17,0,8552,998,20,13,0,1,95,95,95,95,0,995,9.8,998,998,998,99.8,99.8,99.8,13920.9589573646,10,3
9692,20,30,1-20-2018-030-02,2,1,19XFB2F83CE3,17,37,31,2012,4,1,3,0,1,F,3,1267,5,0,2,5,1,89,1,0,1,0,2,0,2,95370,1,2,3,5,3,1,2,1,1,1,1,2,0,0,3,1,0,0,1,1,12,2,10,99,1,2,6,M,98,0,0,0,0,0,0,0,0,0,0,300,160,0,0,0,1,3,49,-48,-8,137337,998,-36,49,0,1,3,17,1,3,0,995,9.8,998,998,998,99.8,99.8,99.8,173.551574155373,11,3
9692,20,30,1-20-2018-030-02,2,2,JF1VA1E61G98,17,48,47,2016,4,1,3,0,1,F,2,1483,5,0,1,1,1,89,1,0,0,995,0,0,0,89030,9,1,3,5,3,1,2,1,1,1,1,2,0,0,3,1,0,0,1,0,1,4,62,1,1,1,6,M,98,0,0,0,0,0,0,0,0,0,0,160,300,0,0,0,1,3,37,-32,19,137337,998,97,36,0,1,2,9,0,3,0,995,9.8,998,998,998,99.8,99.8,99.8,173.551574155373,11,3
9693,21,22,1-21-2018-022-09,9,1,1FAFP34N46W1,17,12,37,2006,4,1,2,0,1,F,1,1196,5,0,1,1,1,113,1,0,0,995,0,0,0,92553,2,2,0,1,3,2,2,3,1,9,1,3,0,3,1,4,0,0,1,1,1,1,6,1,2,4,1,A,2,0,0,0,0,0,0,0,0,0,0,260,245,0,0,0,1,4,17,-17,0,9995,998,-27,14,0,4,1,1,0,0,0,995,9.8,998,998,998,99.8,99.8,99.8,1531.20764329684,11,3
9693,21,22,1-21-2018-022-09,9,2,2C3CDXAG3GH2,17,7,24,2016,4,1,5,5,2,B,1,1785,5,9999,9,4,,,,,,,,,,,,,,,,,,,,,,,,,,,,,,,,,,,,,,,,,,,,,,,,,,,,,,,,,,,,,,,,,,95,95,95,95,,,,,,,,,,1531.20764329684,11,3
9694,21,23,1-21-2018-023-03,3,1,2G1FA1E33C91,17,20,9,2012,2,1,4,0,1,F,1,1700,5,0,1,2,0,72,1,0,0,995,0,0,0,92410,9,9,2,4,2,1,2,1,1,1,0,2,0,0,1,1,2,2,9,0,11,2,15,99,1,1,4,K,82,0,0,0,0,0,0,0,0,0,0,140,230,0,0,0,1,1,8,-7,4,11155,998,111,10,0,1,95,95,95,95,0,995,9.8,998,998,998,99.8,99.8,99.8,436.023354064201,11,3
9694,21,23,1-21-2018-023-03,3,2,5XXGN4A76EG3,17,63,34,2014,4,1,4,0,1,B,1,1484,5,9999,9,1,1,72,1,0,0,995,0,0,0,91739,1,9,2,4,5,1,2,1,1,1,1,3,0,0,1,1,0,0,9,0,1,4,67,7,1,2,4,K,83,0,0,0,0,0,0,0,0,0,0,240,250,0,0,0,2,12,999,999,999,9999999,999,999,999,2,0,99,99,0,99,0,995,9.8,998,998,998,99.8,99.8,99.8,436.023354064201,11,3
9694,21,23,1-21-2018-023-03,3,3,999999999999,99,99,399,9999,9,1,9,99,1,F,9,9999,9,9999,9,0,0,72,1,9,0,995,0,9,0,99999,9,9,2,4,5,2,2,1,1,1,3,2,0,0,1,1,0,0,9,0,1,4,61,99,1,1,6,M,98,0,0,0,0,0,0,0,0,0,0,250,240,0,0,0,2,0,999,999,999,9999999,999,999,999,9,0,95,95,95,95,0,995,9.8,998,998,998,99.8,99.8,99.8,436.023354064201,11,3
9696,33,26,1-33-2018-026-09,9,1,1FAFP55264A2,17,12,17,2004,4,1,3,0,1,F,1,1500,5,0,1,1,1,40,1,1,1,268,2,0,0,95966,1,2,0,4,2,1,2,1,1,1,0,0,0,0,1,8,0,0,9,1,1,2,13,99,1,4,1,A,1,0,0,0,0,0,0,0,0,0,0,998,998,0,0,0,1,1,12,-12,0,9041,998,0,12,0,1,2,5,0,4,0,998,1.9,120,75,50,11.4,3.5,12.0,173.867997951785,12,3
9697,32,38,1-32-2018-038-04,4,1,3C4PDCEGXHT5,17,7,27,2017,6,1,4,0,1,F,1,1834,5,0,1,1,1,56,1,0,0,995,0,0,0,75088,1,9,2,1,3,2,1,1,2,1,5,0,0,0,1,1,1,2,9,0,14,3,50,99,1,1,2,D,20,0,0,0,0,0,0,0,0,0,0,175,175,0,0,0,1,3,22,-22,0,38373,998,0,23,0,4,0,0,0,0,0,995,9.8,998,998,998,99.8,99.8,99.8,3041.16701630847,7,3
9697,32,38,1-32-2018-038-04,4,2,KNDJD7354958,17,63,402,2009,14,3,14,0,1,B,1,2024,5,9999,9,0,0,56,1,0,0,995,0,0,0,75019,9,9,2,1,3,2,1,1,2,1,5,0,0,0,1,1,1,2,9,0,5,3,53,99,1,1,2,D,21,0,0,0,0,0,0,0,0,0,0,175,175,0,0,0,1,3,20,20,0,29124,998,0,19,0,4,95,95,95,95,0,995,9.8,998,998,998,99.8,99.8,99.8,3041.16701630847,7,3
9704,76,5,1-76-2018-005-06,6,1,3N1AB6AP2AL6,17,35,43,2010,4,1,3,0,1,L,2,1351,5,0,1,1,1,56,1,0,0,995,0,0,0,13775,1,2,0,4,2,1,2,1,2,1,1,2,0,0,2,1,0,0,3,1,17,1,6,2,3,4,1,B,7,1,2,2,6,5,4,31,3,2,5,997,997,0,0,0,1,6,999,999,999,9999999,999,999,999,7,0,1,1,0,5,2,997,9.8,998,998,998,99.8,99.8,99.8,298.553881888856,3,3
9705,28,16,1-28-2018-016-03,3,1,4S3BNAF61H30,17,48,45,2017,4,1,3,0,1,F,1,1543,5,0,1,1,1,72,1,0,0,995,0,0,0,16935,1,2,2,4,2,1,2,1,1,1,1,1,1,0,1,1,0,0,1,1,1,2,13,1,1,4,1,A,1,0,0,0,0,0,0,0,0,0,0,998,998,0,0,0,1,1,12,-12,0,9610,998,0,12,0,1,2,5,0,4,0,998,1.0,120,97,90,41.0,2.8,41.0,110.034173884524,3,3
9706,28,17,1-28-2018-017-01,1,1,1J4GW48S63C5,17,2,404,2003,14,3,14,0,1,F,2,1800,5,0,1,1,1,89,1,1,1,116,2,0,0,16915,1,2,0,4,2,1,2,2,2,4,1,2,0,0,5,2,0,0,9,1,14,2,10,99,1,2,3,G,50,0,0,0,0,0,0,0,0,0,0,40,200,1,0,0,1,5,999,999,999,9999999,999,999,999,3,0,5,26,1,1,0,995,9.8,998,998,998,99.8,99.8,99.8,72.1392328745456,3,3
9706,28,17,1-28-2018-017-01,1,2,1G6CD5152K42,17,19,3,1989,4,1,4,0,1,F,2,1574,5,0,1,1,1,89,1,1,1,120,2,1,2,16749,1,2,0,4,2,1,2,2,3,2,1,2,0,0,5,2,0,0,1,0,14,3,54,1,1,1,3,G,51,0,0,0,0,0,0,0,0,0,0,200,40,0,0,0,1,5,999,999,999,9999999,999,999,38,3,0,5,26,1,3,0,995,9.8,998,998,998,99.8,99.8,99.8,72.1392328745456,3,3
9707,23,31,1-23-2018-031-02,2,1,1HGCR2F38EA0,17,37,32,2014,4,1,4,0,1,F,2,1496,5,0,1,1,1,72,1,1,1,0,2,1,2,43064,9,9,2,4,2,1,2,1,1,1,1,4,0,0,2,1,0,0,9,1,1,2,10,99,1,2,3,G,50,0,0,0,0,0,0,0,0,0,0,175,355,0,0,0,1,8,999,999,999,9999999,999,999,999,7,0,2,6,0,3,0,995,0.3,120,120,120,9.6,5.4,11.2,58.0100435530798,5,3
9707,23,31,1-23-2018-031-02,2,2,5J6RM4H34DL0,17,37,402,2013,14,3,14,0,1,F,2,1583,5,0,1,1,1,72,1,0,1,0,2,0,0,43065,9,9,2,4,2,1,2,1,1,1,1,4,0,0,2,1,0,0,9,0,1,4,62,99,1,1,3,G,51,1,3,2,2,1,1,61,1,1,999,355,175,0,0,0,1,8,999,999,999,9999999,999,999,999,7,0,1,1,0,4,3,995,9.8,998,998,998,99.8,99.8,99.8,58.0100435530798,5,3
9708,23,32,1-23-2018-032-03,3,1,JTDKARFU8J30,17,49,46,2018,5,1,2,0,1,L,9,1132,5,9999,9,4,1,89,1,0,1,0,2,0,1,43201,1,2,2,4,2,1,2,1,1,1,1,2,0,0,1,1,2,2,2,0,11,2,15,1,1,1,4,J,68,0,0,0,0,0,0,0,0,0,0,260,340,0,0,0,1,12,999,999,999,9999999,999,999,999,9,0,2,9,0,3,0,995,1.6,999,999,999,99.9,99.9,99.9,373.178079506307,5,3
9708,23,32,1-23-2018-032-03,3,2,1GCUGADX6A11,17,20,461,2010,21,4,21,0,1,F,9,2102,5,9999,9,4,1,89,1,0,0,995,0,0,0,43035,9,9,2,1,2,1,2,1,1,1,1,3,0,0,1,1,0,0,9,0,1,4,67,99,1,1,4,J,69,0,0,0,0,0,0,0,0,0,0,340,260,0,0,0,1,12,999,999,999,9999999,999,999,999,9,0,99,99,0,99,0,995,1.5,999,999,999,99.9,99.9,99.9,373.178079506307,5,3
9709,23,33,1-23-2018-033-06,6,1,1FTDF15Y2PLA,17,12,481,1993,34,5,30,0,1,R,1,1859,5,0,1,1,1,89,1,0,0,995,0,0,0,43315,1,2,2,4,2,1,2,1,1,1,0,0,0,0,1,1,2,2,1,0,1,2,17,1,1,1,5,L,87,0,0,0,0,0,0,0,0,0,0,15,290,0,0,0,1,1,20,-3,-20,27533,998,-104,16,0,4,2,5,0,4,0,995,9.8,998,998,998,99.8,99.8,99.8,495.321550799455,5,3
9709,23,33,1-23-2018-033-06,6,2,1GCRKPE35BZ2,17,20,481,2011,34,5,31,0,1,F,1,2668,5,0,1,1,1,89,1,0,0,995,0,0,0,43334,1,2,2,4,2,1,2,1,1,1,1,2,0,0,1,1,0,0,1,0,1,2,17,8,1,1,5,L,86,0,0,0,0,0,0,0,0,0,0,290,15,0,0,0,1,1,14,-13,2,37730,998,-12,18,0,4,0,0,0,0,0,995,9.8,998,998,998,99.8,99.8,99.8,495.321550799455,5,3
9710,24,22,1-24-2018-022-09,9,1,1C3EL65R35N5,17,6,43,2005,1,1,3,0,1,F,1,1564,5,0,1,1,1,40,1,0,1,0,2,0,0,08401,2,2,2,4,6,3,2,1,3,1,3,3,0,0,2,1,1,2,9,1,14,2,13,99,1,4,1,A,1,0,0,0,0,0,0,0,0,0,0,998,998,0,0,0,1,1,13,-13,0,10854,998,0,13,0,4,0,0,0,4,0,998,0.0,120,30,20,2.2,1.3,2.9,3507.38277455831,1,3
9711,24,23,1-24-2018-023-03,3,1,KNAGM4AD8F50,17,63,34,2015,4,1,4,0,1,F,2,1586,5,0,1,1,1,80,1,0,0,995,0,0,0,08241,1,2,0,4,2,1,2,1,1,1,1,2,0,0,2,1,0,0,1,1,1,2,12,7,1,4,1,B,6,0,0,0,0,0,0,0,0,0,0,998,998,0,0,7,2,10,999,999,999,9999999,999,44,27,3,0,99,99,0,99,0,998,0.6,15,15,999,2.6,1.7,3.1,1031.47261055468,1,3
9712,52,12,1-52-2018-012-08,8,1,1XPHD49X8ED2,17,87,881,2014,66,8,67,0,1,R,9,,,,,,0,105,1,0,8,997,8,0,3,68025,9,9,0,2,2,2,2,1,1,1,3,2,1,3,1,8,0,0,1,1,6,2,11,1,1,2,2,F,46,,,,,,,,,,,,,,,,,,,,,,,,,,,95,95,95,95,,,9.8,998,998,998,99.8,99.8,99.8,396.579078226412,12,3
9712,52,12,1-52-2018-012-08,8,2,3C3JY45X07T5,17,6,52,2007,1,1,2,0,1,L,3,1498,5,0,1,1,1,105,1,0,1,0,2,0,1,59044,9,9,0,2,2,1,2,1,1,1,1,3,2,3,1,8,0,0,1,0,1,4,60,1,1,1,2,F,45,0,0,0,0,0,0,0,0,0,0,30,90,0,0,0,3,5,999,999,999,9999999,999,999,999,8,0,3,19,1,3,0,995,9.8,998,998,998,99.8,99.8,99.8,396.579078226412,12,3
9713,32,39,1-32-2018-039-03,3,1,1G1ZH5SX5HF2,17,20,37,2017,4,1,4,0,1,F,1,1536,5,0,1,1,1,105,1,0,0,995,0,0,0,76065,1,1,1,2,2,1,1,1,1,9,5,5,0,1,2,1,0,0,9,1,1,5,80,99,9,4,1,A,3,1,2,2,1,3,2,31,1,2,15,998,998,0,0,0,1,10,999,999,999,9999999,999,63,14,2,0,0,0,0,0,2,998,9.8,998,998,998,99.8,99.8,99.8,1151.3910049794,7,3
9714,32,40,1-32-2018-040-05,5,1,1FMCU03178KC,17,12,402,2008,14,3,14,0,1,F,1,1540,5,0,1,1,1,113,1,0,0,995,0,0,0,75232,2,2,0,1,2,2,2,2,1,2,5,2,1,1,1,2,0,0,1,0,1,3,52,3,1,1,2,D,28,0,0,0,0,0,0,0,0,0,0,40,40,0,0,0,1,1,20,-20,0,29825,998,-21,21,0,1,1,1,0,0,0,995,9.8,998,998,998,99.8,99.8,99.8,74.879959450745,7,3
9714,32,40,1-32-2018-040-05,5,2,1C3CDZAB8DN6,17,7,26,2013,4,1,3,0,1,B,1,1636,5,0,1,1,1,113,1,0,0,995,0,0,0,75137,1,1,0,1,2,2,2,2,1,2,5,2,1,1,1,2,0,0,9,0,2,3,53,99,1,1,2,D,29,0,0,0,0,0,0,0,0,0,0,40,40,0,0,0,1,1,19,19,0,25993,998,-20,19,0,1,1,2,0,4,0,995,9.8,998,998,998,99.8,99.8,99.8,74.879959450745,7,3
9715,32,41,1-32-2018-041-03,3,1,1FDNX6AY8GDA,17,12,880,2016,67,8,60,0,1,F,9,,,,,,0,64,1,0,0,995,0,0,0,75227,9,9,2,1,4,2,1,1,1,1,3,3,0,0,1,1,1,2,9,0,1,2,17,1,1,1,5,L,88,,,,,,,,,,,,,,,,,,,,,,,,,,,95,95,95,95,,,9.8,998,998,998,99.8,99.8,99.8,1151.39100489125,7,3
9715,32,41,1-32-2018-041-03,3,2,3C4PDCAB5GT2,17,7,27,2016,6,1,4,0,1,L,1,1735,5,0,1,1,1,64,1,0,0,995,0,0,0,75149,1,1,2,1,4,2,1,1,1,4,3,3,0,0,1,1,1,2,3,0,1,4,66,4,1,1,5,L,89,0,0,0,0,0,0,0,0,0,0,95,185,0,0,0,1,5,999,999,999,9999999,999,999,20,2,0,1,1,0,4,0,995,9.8,998,998,998,99.8,99.8,99.8,1151.39100489125,7,3
9716,16,30,1-16-2018-030-03,3,1,1G11C5SL4EF2,17,20,37,2014,4,1,3,0,1,F,2,1620,5,0,1,1,1,56,1,1,1,138,1,0,0,45044,1,2,0,5,3,2,2,1,1,1,3,2,0,0,3,1,0,0,9,1,1,2,13,99,1,4,1,C,11,0,0,0,0,0,0,0,0,0,0,0,0,0,0,0,1,1,28,-28,0,51216,998,0,28,0,1,1,1,0,0,0,995,9.8,998,998,998,99.8,99.8,99.8,401.40283806042,5,3
9716,16,30,1-16-2018-030-03,3,2,JTKKU4B45C10,17,67,33,2012,5,1,1,0,2,F,3,1190,5,0,1,5,,,,,,,,,,,,,,,,,,,,,,,,,,,,,,,,,,,,,,,,,,,,,,,,,,,,,,,,,,,,,,,,,,95,95,95,95,,,,,,,,,,401.40283806042,5,3
9716,16,30,1-16-2018-030-03,3,3,1G2NW52E52M5,17,22,18,2002,4,1,3,0,2,B,2,1413,5,0,1,5,,,,,,,,,,,,,,,,,,,,,,,,,,,,,,,,,,,,,,,,,,,,,,,,,,,,,,,,,,,,,,,,,,95,95,95,95,,,,,,,,,,401.40283806042,5,3
9716,16,30,1-16-2018-030-03,3,4,4T1FA38P64U0,17,49,44,2004,2,1,3,0,2,B,1,1610,8,0,2,5,,,,,,,,,,,,,,,,,,,,,,,,,,,,,,,,,,,,,,,,,,,,,,,,,,,,,,,,,,,,,,,,,,95,95,95,95,,,,,,,,,,401.40283806042,5,3
9717,16,31,1-16-2018-031-08,8,1,JHLRD78893C0,17,37,402,2003,14,3,14,0,1,F,1,1480,5,0,1,1,1,56,1,0,0,995,0,0,0,45243,1,2,0,4,2,1,2,1,1,1,1,2,0,0,1,1,0,0,3,0,1,3,52,2,1,1,2,D,28,0,0,0,0,0,0,0,0,0,0,175,175,0,0,0,1,1,22,-22,0,37362,998,30,24,0,1,1,1,0,6,0,995,9.8,998,998,998,99.8,99.8,99.8,226.472755477648,5,3
9717,16,31,1-16-2018-031-08,8,2,2CNDL73F4660,17,20,404,2006,14,3,14,0,1,B,1,1713,5,0,1,1,1,56,1,0,0,995,0,0,0,45243,9,9,0,4,2,1,2,1,1,1,1,2,0,0,1,1,0,0,9,0,2,3,50,99,1,1,2,D,29,0,0,0,0,0,0,0,0,0,0,175,175,0,0,0,1,1,18,18,0,14696,998,-12,14,0,1,99,99,0,5,0,995,9.8,998,998,998,99.8,99.8,99.8,226.472755477648,5,3
9717,16,31,1-16-2018-031-08,8,3,JTEBU5JR1E51,17,49,401,2014,14,3,14,0,1,B,1,2111,5,0,1,2,0,56,1,0,0,995,0,0,0,45255,9,9,0,4,2,1,2,1,1,1,2,1,0,0,1,1,0,0,9,0,5,3,51,99,1,1,6,M,98,0,0,0,0,0,0,0,0,0,0,175,175,0,0,0,2,1,13,13,0,11131,998,-6,12,0,1,95,95,95,95,0,995,9.8,998,998,998,99.8,99.8,99.8,226.472755477648,5,3
9719,27,14,1-27-2018-014-04,4,1,4S4BSAFC6J32,17,48,45,2018,6,1,3,0,1,L,1,1614,5,0,1,1,1,48,1,0,9,998,8,0,9,01240,1,2,2,4,2,1,2,1,1,1,0,0,0,0,1,1,2,2,2,0,11,4,65,11,1,1,4,K,82,0,0,0,0,0,0,0,0,0,0,170,280,0,0,0,1,1,11,-2,11,8743,998,-102,9,0,1,0,0,0,0,0,995,9.8,998,998,998,99.8,99.8,99.8,183.267302705621,3,3
9719,27,14,1-27-2018-014-04,4,2,1N4AL21E87N4,17,35,47,2007,4,1,4,0,1,F,1,1429,5,0,1,1,1,64,1,0,9,998,8,0,9,01201,1,2,2,4,2,1,2,1,1,1,1,2,0,0,1,1,0,0,1,0,1,3,55,2,1,1,4,K,83,0,0,0,0,0,0,0,0,0,0,280,170,0,0,0,1,1,13,-12,2,13769,998,28,15,0,1,1,1,0,6,0,995,9.8,998,998,998,99.8,99.8,99.8,183.267302705621,3,3
9720,27,15,1-27-2018-015-09,9,1,3GCUKREC4EG1,17,20,481,2014,34,5,31,0,1,F,1,2409,5,0,1,6,0,48,1,0,0,995,0,0,0,01201,9,9,0,1,2,1,2,1,1,2,1,2,0,0,1,1,0,0,9,0,1,3,52,2,1,1,2,D,28,0,0,0,0,0,0,0,0,0,0,75,75,0,0,0,1,3,10,-10,0,9467,998,0,10,0,4,95,95,95,95,0,995,9.8,998,998,998,99.8,99.8,99.8,195.594617730988,3,3
9720,27,15,1-27-2018-015-09,9,2,1D4HB48D44F1,17,7,422,2004,15,3,15,0,1,F,1,2252,5,0,1,1,1,48,1,0,0,995,0,0,0,01201,1,1,0,1,2,1,2,1,1,2,1,2,0,0,1,1,0,0,1,0,2,3,53,10,1,1,2,D,30,0,0,0,0,0,0,0,0,0,0,998,998,0,0,0,3,1,12,-12,0,15579,998,68,12,0,4,1,1,0,6,0,998,0.8,6,6,120,29.6,1.4,30.2,195.594617730988,3,3
9721,15,32,1-15-2018-032-03,3,1,3C4PDCBG2HT5,17,7,27,2017,6,1,4,0,1,F,9,1926,5,9999,9,0,1,48,1,0,1,0,2,0,0,11590,9,1,2,4,2,1,2,1,1,1,0,2,0,0,1,8,1,2,9,0,1,2,17,99,9,9,5,L,88,1,99,2,5,7,1,2,3,2,999,95,5,0,0,0,1,0,999,999,999,9999999,999,999,999,9,0,1,1,0,4,1,995,9.8,998,998,998,99.8,99.8,99.8,580.515550080244,1,3
9721,15,32,1-15-2018-032-03,3,2,1N4AL3AP1FC2,17,35,47,2015,4,1,4,0,1,L,9,1416,5,9999,9,0,0,48,1,0,0,995,0,0,0,11802,9,9,2,4,4,1,2,1,1,1,1,3,0,0,1,8,1,2,9,0,1,4,66,99,9,1,5,L,89,0,0,0,0,0,0,0,0,0,0,5,95,0,0,0,1,0,999,999,999,9999999,999,999,999,9,0,95,95,95,95,0,995,9.8,998,998,998,99.8,99.8,99.8,580.515550080244,1,3
9722,15,33,1-15-2018-033-09,9,1,WBAVC73538KX,17,34,34,2008,4,1,3,0,1,F,9,1625,5,9999,9,4,0,48,1,0,0,995,0,0,0,11501,9,9,1,3,1,1,2,1,1,9,1,1,0,0,3,8,0,0,9,0,1,3,52,99,1,1,2,D,28,0,0,0,0,0,0,0,0,0,0,260,260,0,0,0,1,12,999,999,999,9999999,999,999,999,9,0,95,95,95,95,0,995,9.8,998,998,998,99.8,99.8,99.8,2120.08700011217,1,3
9722,15,33,1-15-2018-033-09,9,2,4T1BF28B21U1,17,49,43,2001,4,1,3,0,1,B,9,1560,5,9999,9,0,1,48,1,0,0,995,0,0,0,11530,9,9,1,3,1,1,2,1,1,9,1,1,0,0,3,8,0,0,9,0,2,3,53,99,1,1,2,D,29,0,0,0,0,0,0,0,0,0,0,260,260,0,0,0,1,0,999,999,999,9999999,999,999,999,9,0,1,1,0,4,0,995,9.8,998,998,998,99.8,99.8,99.8,2120.08700011217,1,3
9722,15,33,1-15-2018-033-09,9,3,WVGBC77L24D0,17,30,421,2004,15,3,15,0,1,B,9,2307,5,9999,9,4,0,48,1,0,0,995,0,0,0,11714,9,9,1,3,1,1,2,1,1,9,1,1,0,0,3,8,0,0,9,0,1,3,53,99,1,1,6,M,98,0,0,0,0,0,0,0,0,0,0,260,260,0,0,0,2,12,999,999,999,9999999,999,999,999,9,0,95,95,95,95,0,995,9.8,998,998,998,99.8,99.8,99.8,2120.08700011217,1,3
9723,15,34,1-15-2018-034-05,5,1,3VWPP7AJ9CM6,17,30,40,2012,6,1,2,0,1,B,1,1477,8,0,1,1,1,48,1,0,0,995,0,0,0,11215,1,2,3,3,3,1,2,1,1,2,1,3,0,0,1,1,0,0,3,0,2,3,53,99,1,1,2,D,31,0,0,0,0,0,0,0,0,0,0,130,110,0,0,0,1,5,999,999,999,9999999,999,999,12,2,0,1,1,0,4,0,995,9.8,998,998,998,99.8,99.8,99.8,37.7534483529306,1,3