CASEID,PSU,CASENO,CASENUMBER,CATEGORY,VEHNO,VIN,VINLENGTH,MAKE,MODEL,MODELYR,BODYTYPE,BODYCAT,VEHCLASS,SPECUSE,TRANSTAT,DAMPLANE,DAMSEV,CURBWT,CURBSRC,CARGOWT,CARGOSRC,INSPTYPE,TOWSTAT,SPEEDLIMIT,DRPRESENT,PARALCOHOL,ALCTEST,ALCTESTRESULT,ALCTESTSRC,PARDRUG,DRUGTEST,ZIP,RACE,ETHNICITY,RELTOJUNCT,TRAFFLOW,RDLANES,INITLANE,SURFTYPE,SURFCOND,ALIGNMENT,PROFILE,LINERIGHT,LINELEFT,RUMBINIT,RUMBROAD,LIGHTCOND,WEATHER,TRAFDEV,TRAFFUNCT,DISTRACT,PREFHE,PREMOVE,CRITCAT,CRITEVENT,MANEUVER,PRESTAB,PRELOC,CRASHCAT,CRASHCONF,CRASHTYPE,ROLLTYPE,ROLLTURN,ROLLINTRPT,ROLLPREMAN,ROLLINITYP,ROLLINLOC,ROLLOBJ,ROLLTRIP,ROLLDIR,ROLLDIST,DVANGTHIS,DVANGOTH,TOWHITCH,TRAJDOC,TREEPOLE,DVEVENT,DVBASIS,DVTOTAL,DVLONG,DVLAT,DVENERGY,DVSPEED,DVMOMENT,DVBES,DVEST,DVCONF,VAIS,VISS,VINJURED,VTREAT,INITOBJCLASS,HEADANGLECAT,SHLDRWIDTH,STRKLENGTH,STRKWIDTH,STRKHEIGHT,EDGEDISTX,EDGEDISTY,EDGEDISTZ,CASEWGT,PSUSTRAT,VERSION
9793,22,19,1-22-2018-019-10,10,1,1C4RDHDG9HC9,17,7,422,2017,15,3,15,0,1,F,1,2262,5,9999,9,0,0,56,1,8,9,998,8,7,9,97228,9,9,2,4,5,1,2,1,1,1,1,3,0,0,1,8,1,2,3,0,1,3,50,99,1,1,2,D,20,0,0,0,0,0,0,0,0,0,0,260,260,0,0,0,1,3,15,-15,0,14993,998,0,13,0,4,95,95,95,95,0,995,9.8,998,998,998,99.8,99.8,99.8,757.932941173496,12,3
9793,22,19,1-22-2018-019-10,10,2,JHMCA5483HC0,17,37,32,1987,3,1,2,0,1,B,2,1075,5,0,1,1,1,56,1,8,9,998,8,7,9,83544,2,2,2,5,5,1,2,1,1,1,1,3,0,0,1,8,1,2,1,0,5,3,53,1,1,1,2,D,21,0,0,0,0,0,0,0,0,0,0,260,260,0,0,0,1,3,30,30,0,45059,998,-7,32,0,4,0,0,0,0,0,995,9.8,998,998,998,99.8,99.8,99.8,757.932941173496,12,3
9793,22,19,1-22-2018-019-10,10,3,1GNFK16T61J2,17,20,431,2001,16,3,16,0,1,B,1,2424,5,9999,9,0,0,56,1,8,9,998,8,7,9,83871,9,9,2,4,5,1,2,1,1,1,1,3,0,0,1,8,1,2,1,0,5,3,53,1,1,1,6,M,98,0,0,0,0,0,0,0,0,0,0,260,260,0,0,0,2,3,8,8,0,7657,998,0,9,0,4,95,95,95,95,0,995,9.8,998,998,998,99.8,99.8,99.8,757.932941173496,12,3
9795,33,32,1-33-2018-032-08,8,1,1GNGV26K1KF1,17,20,431,1989,16,3,16,0,1,F,9,2127,5,9999,9,0,1,89,1,1,1,153,2,0,0,95966,1,2,0,4,2,1,2,1,2,4,1,2,0,0,1,8,0,0,9,1,14,1,3,99,3,4,1,A,2,0,0,0,0,0,0,0,0,0,0,998,998,0,1,1,1,0,999,999,999,9999999,999,999,999,9,0,2,8,0,3,0,998,1.2,50,50,120,4.9,7.8,9.0,46.5383479103345,12,3
9796,33,33,1-33-2018-033-08,8,1,2CNDL43F5860,17,20,404,2008,14,3,14,0,1,T,2,1713,5,0,1,1,1,105,1,0,1,67,2,0,1,95954,1,2,0,2,2,1,2,1,1,1,1,3,2,3,1,1,0,0,3,1,1,2,13,1,1,4,1,A,1,1,4,2,6,1,4,61,1,2,25,997,997,0,1,0,3,6,999,999,999,9999999,999,999,999,7,0,2,5,0,3,3,997,3.5,20,20,999,29.0,7.0,31.0,46.5383479103345,12,3
9797,15,35,1-15-2018-035-04,4,1,1G4PR5SK8E41,17,18,25,2014,4,1,3,0,1,F,9,1497,5,9999,9,0,1,56,1,0,0,995,0,0,0,07728,9,9,0,4,4,1,2,1,1,1,0,1,0,0,4,1,0,0,9,0,12,2,21,99,1,1,6,M,98,0,0,0,0,0,0,0,0,0,0,20,280,0,0,0,1,0,999,999,999,9999999,999,999,999,9,0,0,0,0,0,0,995,9.8,998,998,998,99.8,99.8,99.8,744.6706713027,1,3
9797,15,35,1-15-2018-035-04,4,2,999999999999,99,12,471,2008,34,5,30,0,1,L,9,1392,5,9999,9,0,1,56,1,0,0,995,0,0,0,11714,9,9,0,4,4,1,2,1,1,1,0,3,0,0,4,1,0,0,9,0,1,4,64,99,1,1,6,M,98,0,0,0,0,0,0,0,0,0,0,280,20,0,0,0,1,0,999,999,999,9999999,999,999,999,9,0,0,0,0,0,0,995,9.8,998,998,998,99.8,99.8,99.8,744.6706713027,1,3
9798,15,36,1-15-2018-036-10,10,1,JN8DR09Y73W8,17,35,401,2003,14,3,14,0,1,F,1,1962,5,0,1,1,1,48,1,0,0,995,0,0,0,11050,2,2,2,4,2,1,2,2,1,4,0,2,0,0,1,2,1,2,1,0,1,3,50,2,1,1,2,D,20,0,0,0,0,0,0,0,0,0,0,90,90,0,0,0,1,3,13,-13,0,13380,998,0,13,0,4,0,0,0,0,0,995,9.8,998,998,998,99.8,99.8,99.8,5108.85929178497,1,3
9798,15,36,1-15-2018-036-10,10,2,4T1BF1FK5CU0,17,49,40,2012,4,1,3,0,1,B,1,1441,5,9999,9,0,0,48,1,0,0,995,0,0,0,11706,9,9,2,4,2,1,2,2,1,4,0,2,0,0,1,2,1,2,9,0,5,3,52,99,1,1,2,D,21,0,0,0,0,0,0,0,0,0,0,90,90,0,0,0,1,3,19,19,0,21237,998,0,20,0,4,95,95,95,95,0,995,9.8,998,998,998,99.8,99.8,99.8,5108.85929178497,1,3
9799,15,37,1-15-2018-037-03,3,1,WDDGF8ABXEA9,17,42,42,2014,4,1,3,0,1,F,1,1670,5,0,1,1,1,48,1,0,0,995,0,0,0,11596,9,9,2,4,4,1,2,1,3,4,1,3,0,0,1,8,0,0,9,0,14,4,62,99,1,1,4,J,69,0,0,0,0,0,0,0,0,0,0,10,130,0,0,0,1,1,24,-23,8,91814,998,42,35,0,1,0,0,0,5,0,995,9.8,998,998,998,99.8,99.8,99.8,246.919184649177,1,3
9799,15,37,1-15-2018-037-03,3,2,1HGCR3F92GA0,17,37,32,2016,4,1,4,0,1,F,2,1615,5,0,1,1,1,48,1,0,0,995,0,0,0,11725,1,2,2,4,5,3,2,1,2,2,3,2,0,0,1,8,0,0,1,0,11,2,15,1,1,1,4,J,68,0,0,0,0,0,0,0,0,0,0,130,10,0,0,0,1,1,25,-19,-16,12871,998,-106,11,0,1,0,0,0,5,0,995,9.8,998,998,998,99.8,99.8,99.8,246.919184649177,1,3
9801,18,19,1-18-2018-019-04,4,1,1FUJGBDVXHLJ,17,82,881,2017,66,8,68,0,1,R,9,,,,,,0,40,1,0,0,995,0,0,0,54411,9,9,3,5,3,2,2,1,1,1,4,4,0,0,1,1,0,0,9,0,10,2,16,1,1,1,4,J,70,,,,,,,,,,,,,,,,,,,,,,,,,,,95,95,95,95,,,9.8,998,998,998,99.8,99.8,99.8,282.420191258038,6,3
9801,18,19,1-18-2018-019-04,4,2,1G1PC5SBXE73,17,20,25,2014,4,1,3,0,1,L,1,1407,5,0,1,1,1,40,1,0,0,995,0,0,0,54703,1,2,3,5,3,1,2,1,1,1,1,1,0,0,1,1,0,0,1,0,1,4,60,4,1,1,4,J,71,0,0,0,0,0,0,0,0,0,0,85,120,0,0,0,1,5,999,999,999,9999999,999,999,8,1,0,0,0,0,0,0,995,9.8,998,998,998,99.8,99.8,99.8,282.420191258038,6,3
9802,18,20,1-18-2018-020-06,6,1,3VWDX7AJ0BM0,17,30,40,2011,4,1,3,0,1,F,1,1381,5,0,1,1,1,56,1,0,0,995,0,0,0,55378,1,2,2,1,3,3,1,1,1,1,1,0,0,0,3,1,1,2,2,0,11,2,15,2,1,1,4,J,68,0,0,0,0,0,0,0,0,0,0,230,105,0,0,0,1,1,11,-10,-6,14287,998,-127,12,0,1,2,5,0,4,0,995,9.8,998,998,998,99.8,99.8,99.8,100.424847474037,6,3
9802,18,20,1-18-2018-020-06,6,2,KNAFT4A28C54,17,63,38,2012,4,1,3,0,1,L,1,1228,5,0,1,1,1,56,1,0,0,995,0,0,0,54703,1,2,2,1,3,3,1,1,1,1,3,2,0,0,3,1,1,2,1,0,1,4,62,4,1,1,4,J,69,0,0,0,0,0,0,0,0,0,0,105,230,0,0,0,1,1,12,-10,6,6384,998,-24,11,0,1,1,1,0,0,0,995,9.8,998,998,998,99.8,99.8,99.8,100.424847474037,6,3
9803,21,25,1-21-2018-025-08,8,1,1FMYU04196KA,17,12,402,2006,14,3,14,0,1,R,2,1496,5,0,1,1,1,89,1,1,8,997,8,0,0,89002,1,9,0,4,2,1,2,1,3,1,1,2,0,0,1,1,0,0,9,1,14,2,13,99,1,4,1,A,1,1,8,2,4,1,2,61,1,2,30,997,997,0,1,0,3,6,999,999,999,9999999,999,999,999,7,0,2,5,0,3,3,997,0.7,120,120,999,52.0,3.5,53.0,119.407099797148,11,3
9803,21,25,1-21-2018-025-08,8,2,999999999999,99,52,47,2017,5,1,3,99,2,B,9,9999,9,9999,9,0,,,,,,,,,,,,,,,,,,,,,,,,,,,,,,,,,,,,,,,,,,,,,,,,,,,,,,,,,,,,,,,,,,95,95,95,95,,,,,,,,,,119.407099797148,11,3
9804,21,26,1-21-2018-026-08,8,1,2HNYD18845H5,17,54,421,2005,15,3,15,0,1,F,3,1992,5,0,1,1,1,105,1,0,0,995,0,0,0,92782,1,9,0,4,2,1,2,1,1,1,1,2,1,0,2,1,0,0,9,1,6,2,10,7,1,2,3,G,50,1,1,2,2,1,3,61,1,2,3,330,180,0,0,0,1,3,53,-50,-18,271589,998,-68,53,0,4,1,1,0,99,3,995,9.8,998,998,998,99.8,99.8,99.8,119.407099797148,11,3
9804,21,26,1-21-2018-026-08,8,2,1N4AL21E68N4,17,35,47,2008,4,1,4,0,1,F,3,1429,5,9999,9,4,1,56,1,0,1,0,2,0,1,92345,1,2,0,4,2,1,2,1,1,1,1,2,1,0,2,1,0,0,9,0,1,3,54,8,1,1,3,G,51,0,0,0,0,0,0,0,0,0,0,180,330,0,0,0,1,3,69,-68,12,309652,998,38,69,0,4,3,22,2,3,0,995,9.8,998,998,998,99.8,99.8,99.8,119.407099797148,11,3
9805,21,27,1-21-2018-027-03,3,1,JTHBK1GG6F21,17,59,31,2015,4,1,4,0,1,F,2,1610,5,9999,9,4,1,113,1,0,0,995,0,0,0,91352,7,1,0,1,2,2,2,1,1,1,3,2,0,3,2,1,0,0,9,0,1,3,52,99,1,1,2,D,28,0,0,0,0,0,0,0,0,0,0,255,255,0,0,0,1,3,31,-31,0,59413,998,0,30,0,4,1,1,0,6,0,995,9.8,998,998,998,99.8,99.8,99.8,241.190335432331,11,3
9805,21,27,1-21-2018-027-03,3,2,5YFBURHE6HP6,17,49,32,2017,4,1,3,0,1,B,2,1265,5,0,1,1,1,113,1,0,0,995,0,0,0,91710,9,9,0,1,2,2,2,1,1,1,3,2,0,3,2,1,0,0,9,0,2,3,53,10,1,1,2,D,29,0,0,0,0,0,0,0,0,0,0,255,255,0,0,0,1,3,38,38,0,83053,998,0,39,0,4,99,99,0,99,0,995,9.8,998,998,998,99.8,99.8,99.8,241.190335432331,11,3
9808,29,18,1-29-2018-018-04,4,1,1HGCR2F32HA2,17,37,32,2017,4,1,4,0,1,F,1,1496,5,0,2,1,1,48,1,0,0,995,0,0,0,02151,7,1,2,4,2,1,2,1,1,1,0,2,0,0,1,1,1,2,1,0,1,4,66,3,1,2,5,L,88,0,0,0,0,0,0,0,0,0,0,30,285,0,0,0,1,3,17,-16,-6,11153,998,-14,13,0,4,1,1,0,6,0,995,9.8,998,998,998,99.8,99.8,99.8,597.553416889048,2,3
9808,29,18,1-29-2018-018-04,4,2,5TDZA23C34S0,17,49,442,2004,20,4,20,0,1,L,1,1870,5,0,1,2,0,48,1,0,0,995,0,0,0,02066,9,9,2,4,2,1,2,1,1,1,0,0,0,0,1,1,0,0,1,0,1,2,17,99,1,2,5,L,89,0,0,0,0,0,0,0,0,0,0,285,30,0,0,0,1,3,14,-9,11,24783,998,-73,17,0,4,95,95,95,95,0,995,9.8,998,998,998,99.8,99.8,99.8,597.553416889048,2,3
9809,13,40,1-13-2018-040-09,9,1,1J4GZ58S4WC1,17,2,404,1998,14,3,14,0,1,T,1,1724,5,0,1,1,1,999,1,0,1,0,2,0,0,76023,1,2,2,2,3,2,2,2,3,1,1,3,0,2,2,2,0,0,1,1,14,1,6,7,4,4,1,A,2,1,4,2,2,1,4,61,1,1,999,997,997,0,0,0,1,6,999,999,999,9999999,999,999,999,6,0,1,1,0,3,3,997,9.8,998,998,998,99.8,99.8,99.8,1905.36197248096,7,3
9810,20,36,1-20-2018-036-02,2,1,2GNALBEK0F11,17,20,404,2015,14,3,14,0,1,F,1,1706,5,0,1,1,1,89,1,1,1,84,2,0,2,95012,1,1,0,4,2,1,2,1,3,1,1,2,0,0,2,1,0,0,1,1,14,2,13,8,1,4,1,A,1,0,0,0,0,0,0,0,0,0,0,998,998,0,0,1,2,1,12,-11,6,13037,998,64,12,0,4,2,12,0,3,0,998,1.3,18,18,71,4.5,29.4,29.9,26.8025465982331,11,3
9811,30,22,1-30-2018-022-06,6,1,1GNFC16019R1,17,20,422,2009,15,3,15,0,1,F,1,2543,5,0,1,1,1,105,1,0,0,995,0,0,0,85286,9,9,0,2,6,5,2,1,1,1,3,1,0,0,1,1,0,0,1,0,1,3,50,2,1,1,2,D,20,0,0,0,0,0,0,0,0,0,0,270,270,0,0,0,1,1,23,-23,0,51794,998,0,23,0,4,99,99,0,5,0,995,9.8,998,998,998,99.8,99.8,99.8,1267.98078812957,10,3
9811,30,22,1-30-2018-022-06,6,2,1FTFX1ET1BFD,17,12,481,2011,34,5,31,0,1,B,1,2454,5,0,1,1,1,105,1,0,0,995,0,0,0,85203,1,2,0,2,6,5,2,1,1,1,3,1,0,0,1,1,0,0,1,0,5,3,53,1,1,1,2,D,21,0,0,0,0,0,0,0,0,0,0,270,270,0,0,0,1,1,24,24,0,56436,998,0,24,0,4,1,1,0,5,0,995,9.8,998,998,998,99.8,99.8,99.8,1267.98078812957,10,3
9811,30,22,1-30-2018-022-06,6,3,5TFRV54198X0,17,49,482,2008,34,5,31,0,1,B,1,2479,5,79,1,2,0,105,1,0,0,995,0,0,0,85035,9,9,0,2,6,5,2,1,1,1,3,1,0,0,1,1,0,0,1,0,5,3,53,99,1,1,6,M,98,0,0,0,0,0,0,0,0,0,0,270,270,0,0,0,2,1,16,16,0,22441,998,-38,14,0,1,95,95,95,95,0,995,9.8,998,998,998,99.8,99.8,99.8,1267.98078812957,10,3
9811,30,22,1-30-2018-022-06,6,4,JF2GPAVC7E82,17,48,403,2014,14,3,14,0,1,B,1,1425,5,0,1,2,0,105,1,0,0,995,0,0,0,85006,9,9,0,2,6,5,2,1,1,1,3,1,0,0,1,1,0,0,1,0,5,3,53,99,1,1,6,M,98,0,0,0,0,0,0,0,0,0,0,270,270,0,0,0,3,1,16,16,0,6590,998,0,11,0,1,95,95,95,95,0,995,9.8,998,998,998,99.8,99.8,99.8,1267.98078812957,10,3
9812,25,15,1-25-2018-015-06,6,1,JTDBU4EE7AJ0,17,49,32,2010,4,1,2,0,1,F,2,1279,5,0,1,1,1,56,1,0,0,995,0,0,0,04039,9,9,0,4,2,1,2,1,3,2,0,2,0,0,2,1,0,0,9,1,14,6,87,4,1,4,1,A,3,0,0,0,0,0,0,0,0,0,0,998,998,0,0,1,2,1,30,-30,0,51892,998,40,30,0,4,1,1,0,4,0,998,0.0,999,999,999,26.3,3.4,26.5,512.741416789904,2,3
9813,33,34,1-33-2018-034-08,8,1,1FAHP34N26W2,17,12,37,2006,4,1,2,0,1,L,3,1196,5,0,1,1,1,89,1,0,1,0,2,0,2,95914,1,2,0,4,2,1,2,2,2,4,1,2,0,0,1,2,0,0,3,1,14,1,6,4,3,4,1,A,2,0,0,0,0,0,0,0,0,0,0,998,998,0,0,1,1,1,40,-39,7,100989,998,-77,40,0,3,3,22,1,3,0,998,0.5,65,55,120,11.0,4.0,12.0,46.5383479103345,12,3
9815,24,26,1-24-2018-026-03,3,1,1G11E5SL2EF2,17,20,37,2014,4,1,3,0,1,F,2,1620,5,0,1,1,1,56,1,0,0,995,0,0,0,11225,2,2,0,2,2,1,2,1,1,4,3,2,0,0,2,1,0,0,1,1,1,2,11,3,1,9,3,G,52,0,0,0,0,0,0,0,0,0,0,230,40,0,0,0,1,1,27,-26,-5,57557,998,16,29,0,1,1,1,0,4,0,995,9.9,120,999,999,0.0,0.0,0.0,706.019833095497,1,3
9815,24,26,1-24-2018-026-03,3,2,1G6DC5E55C01,17,19,18,2012,4,1,4,0,1,F,1,1751,5,0,1,1,1,56,1,0,0,995,0,0,0,07016,2,2,0,2,4,2,2,1,1,2,3,2,0,0,2,1,0,0,1,0,1,4,63,3,1,1,3,G,52,0,0,0,0,0,0,0,0,0,0,40,230,0,0,0,1,1,22,-21,-7,31214,998,-17,19,0,1,1,2,0,4,0,995,9.9,120,999,999,0.0,0.0,0.0,706.019833095497,1,3
9816,23,35,1-23-2018-035-05,5,1,1HGCP2F73CA1,17,37,32,2012,4,1,4,0,1,F,1,1523,5,0,1,1,1,113,1,1,2,996,1,1,3,43068,1,2,0,2,3,1,2,1,1,1,1,3,2,3,1,1,0,0,3,1,1,2,13,99,9,4,1,A,1,0,0,0,0,0,0,0,0,0,0,998,998,0,0,1,3,1,18,-18,0,21599,998,0,18,0,1,2,6,0,3,0,998,1.8,10,10,119,26.2,6.5,26.8,50.4532248975682,5,3
9817,23,36,1-23-2018-036-06,6,1,1FUBGBDV8FLG,17,82,881,2015,66,8,67,0,1,B,9,,,,,,0,113,1,0,0,995,0,0,0,43334,9,9,0,2,3,1,2,1,1,1,1,3,2,3,2,1,0,0,1,0,1,3,53,99,1,1,2,D,25,,,,,,,,,,,,,,,,,,,,,,,,,,,95,95,95,95,,,9.8,998,998,998,99.8,99.8,99.8,253.684325070898,5,3
9817,23,36,1-23-2018-036-06,6,2,1G1PG5SB4D72,17,20,25,2013,4,1,3,0,1,F,2,1407,5,0,1,1,1,113,1,1,8,997,8,0,0,43074,9,9,0,2,3,1,2,1,1,1,1,3,2,3,2,1,0,0,9,0,1,3,51,99,1,1,2,D,24,0,0,0,0,0,0,0,0,0,0,998,998,0,0,0,2,11,999,999,999,9999999,999,999,999,7,0,9,97,0,8,0,998,4.3,999,999,999,8.3,8.8,12.1,253.684325070898,5,3
9818,23,37,1-23-2018-037-03,3,1,3VWAZ7AJ2AM1,17,30,40,2010,4,1,2,0,1,R,2,1465,5,9999,9,0,0,72,1,0,0,995,0,0,0,43065,9,9,2,4,2,1,2,2,1,1,1,2,0,0,1,2,0,0,9,0,1,4,67,99,1,1,4,K,83,0,0,0,0,0,0,0,0,0,0,180,85,0,0,0,1,3,38,0,-38,122956,998,16,46,0,4,95,95,95,95,0,995,9.8,998,998,998,99.8,99.8,99.8,191.127216407229,5,3
9818,23,37,1-23-2018-037-03,3,2,1FADP3F26EL2,17,12,37,2014,4,1,3,0,1,F,3,1340,5,0,1,1,1,72,1,0,0,995,0,0,0,43065,9,9,2,4,2,1,2,2,1,1,1,2,0,0,1,2,2,2,9,0,11,2,15,2,1,1,4,K,82,0,0,0,0,0,0,0,0,0,0,85,180,0,0,0,1,3,40,-40,0,46882,998,0,29,0,4,9,97,0,5,0,995,9.8,998,998,998,99.8,99.8,99.8,191.127216407229,5,3
9820,28,19,1-28-2018-019-09,9,1,JF1SG65694G7,17,48,401,2004,14,3,14,0,1,T,1,1400,5,0,1,1,1,113,1,0,1,0,2,0,2,14526,1,2,0,1,4,2,2,1,3,1,3,2,1,3,2,1,0,0,3,1,14,2,13,1,4,4,1,A,2,1,8,2,2,1,4,61,1,1,37,997,997,0,0,0,1,6,999,999,999,9999999,999,999,999,6,0,3,19,1,3,3,997,9.8,998,998,998,99.8,99.8,99.8,435.412103868015,3,3
9821,28,20,1-28-2018-020-03,3,1,2C4RC1BG7ER1,17,6,441,2014,20,4,20,0,1,F,1,2115,5,0,1,1,1,72,1,0,0,995,0,0,0,16922,1,2,2,4,2,1,2,1,1,1,1,2,1,0,1,1,0,0,9,0,1,3,50,5,1,1,2,D,20,0,0,0,0,0,0,0,0,0,0,220,210,0,0,0,1,3,15,-15,3,22757,998,-16,15,0,4,1,1,0,4,0,995,9.8,998,998,998,99.8,99.8,99.8,113.610524464579,3,3
9821,28,20,1-28-2018-020-03,3,2,1GCRKPE76DZ1,17,20,481,2013,34,5,31,0,1,B,1,2408,5,86,8,2,0,72,1,0,0,995,0,0,0,16901,9,9,2,4,2,1,2,1,1,1,1,2,1,0,1,1,0,0,1,0,5,3,53,1,1,1,2,D,21,0,0,0,0,0,0,0,0,0,0,210,220,0,0,0,1,3,16,16,0,26405,998,-55,16,0,4,95,95,95,95,0,995,9.8,998,998,998,99.8,99.8,99.8,113.610524464579,3,3
9821,28,20,1-28-2018-020-03,3,3,5TFBV54189X0,17,49,482,2009,34,5,31,0,1,B,1,2470,5,386,2,2,0,72,1,0,0,995,0,0,0,16901,9,9,2,4,2,1,2,1,1,1,1,2,1,0,1,1,0,0,1,0,5,3,53,1,1,1,6,M,98,0,0,0,0,0,0,0,0,0,0,210,210,1,0,0,2,5,999,999,999,9999999,999,999,999,6,0,95,95,95,95,0,995,9.8,998,998,998,99.8,99.8,99.8,113.610524464579,3,3
9823,10,20,1-10-2018-020-03,3,1,1C6RR6GG7HS7,17,7,482,2017,34,5,30,0,1,F,2,2245,5,0,1,4,1,56,1,0,0,995,0,0,0,45406,2,2,0,5,3,1,2,1,1,2,1,2,0,0,2,8,0,0,1,0,1,3,51,3,1,1,2,D,24,0,0,0,0,0,0,0,0,0,0,180,180,0,0,0,1,12,999,999,999,9999999,999,999,999,3,0,1,2,0,4,0,995,9.8,998,998,998,99.8,99.8,99.8,28.7739763257417,4,3
9823,10,20,1-10-2018-020-03,3,2,1FTNS24L44HB,17,12,461,2004,21,4,21,0,1,B,9,2328,5,9999,9,0,0,56,1,0,0,995,0,0,0,45415,9,9,0,5,3,1,2,1,1,2,1,2,0,0,2,8,0,0,1,0,1,3,52,1,1,1,2,D,25,0,0,0,0,0,0,0,0,0,0,180,180,0,0,0,1,0,999,999,999,9999999,999,999,999,9,0,95,95,95,95,0,995,9.8,998,998,998,99.8,99.8,99.8,28.7739763257417,4,3
9823,10,20,1-10-2018-020-03,3,3,1G4GC5EG7AF1,17,18,22,2010,4,1,4,0,1,F,2,1822,5,0,1,1,1,56,1,0,0,995,0,0,0,45342,2,2,0,5,3,1,2,1,1,2,1,2,0,0,2,8,0,0,1,0,1,3,52,9,1,1,6,M,98,0,0,0,0,0,0,0,0,0,0,170,180,0,0,0,2,3,34,-34,0,75795,998,25,32,0,4,1,1,0,6,0,995,9.8,998,998,998,99.8,99.8,99.8,28.7739763257417,4,3
9824,16,35,1-16-2018-035-03,3,1,1N4AA6AP1HC4,17,35,39,2017,4,1,4,0,1,F,1,1627,5,0,1,3,1,89,1,0,0,995,0,0,0,45240,2,2,0,3,3,3,2,2,1,1,3,2,3,1,3,2,0,0,1,1,1,1,5,1,8,4,1,B,7,0,0,0,0,0,0,0,0,0,0,998,998,0,0,0,1,12,999,999,999,9999999,999,999,999,1,0,1,1,0,4,0,998,1.7,999,999,999,2.6,1.7,3.1,224.431322677094,5,3
9825,16,36,1-16-2018-036-03,3,1,1G1PC5SH5C72,17,20,25,2012,4,1,3,0,1,F,2,1407,5,0,1,5,1,56,1,0,0,995,0,0,0,45211,1,2,2,4,5,1,2,1,1,1,0,3,0,0,3,1,1,2,1,0,1,2,17,1,1,2,5,L,88,0,0,0,0,0,0,0,0,0,0,998,998,0,0,1,3,1,37,-37,0,78705,998,0,37,0,4,1,1,0,0,0,998,0.0,24,24,120,1.7,1.5,2.1,224.431322677094,5,3
9825,16,36,1-16-2018-036-03,3,2,KNDJN2A28E70,17,63,37,2014,6,1,2,0,1,L,1,1269,5,0,1,1,1,56,1,0,0,995,0,0,0,45205,2,2,2,4,5,1,2,1,1,1,0,3,0,0,3,1,1,2,1,0,1,3,55,1,1,2,5,L,89,0,0,0,0,0,0,0,0,0,0,245,335,0,0,0,1,3,11,-4,10,10897,998,67,13,0,4,1,3,0,6,0,995,0.0,120,6,11,0.0,0.0,0.0,224.431322677094,5,3
9827,32,44,1-32-2018-044-03,3,1,3GCPCSE06DG3,17,20,481,2013,34,5,31,0,1,F,1,2338,5,0,1,1,1,48,1,0,0,995,0,0,0,75181,9,1,0,4,2,1,2,1,1,1,1,2,0,0,1,1,0,0,9,1,1,2,13,2,1,4,1,B,6,0,0,0,0,0,0,0,0,0,0,155,5,0,0,0,2,1,11,-9,-5,14005,998,-74,11,0,4,0,0,0,0,0,995,0.0,10,10,102,18.5,0.6,18.3,594.449351704099,7,3
9827,32,44,1-32-2018-044-03,3,2,JN1CV7AP0GM2,17,58,41,2016,4,1,4,0,1,F,1,1638,5,0,1,1,1,48,1,0,0,995,0,0,0,75181,1,1,0,4,2,1,2,1,1,1,1,2,0,0,1,1,0,0,1,0,1,4,62,3,1,1,6,M,98,0,0,0,0,0,0,0,0,0,0,5,155,0,0,0,2,1,13,-13,0,14106,998,59,13,0,4,0,0,0,5,0,995,9.8,998,998,998,99.8,99.8,99.8,594.449351704099,7,3
9830,12,22,1-12-2018-022-06,6,1,1FTEX1C86AFA,17,12,481,2010,34,5,31,0,1,R,2,2350,5,0,1,1,1,105,1,1,8,997,8,0,0,73463,9,9,0,4,2,1,2,1,1,1,1,2,0,0,1,1,0,0,9,1,1,1,9,3,2,4,1,B,7,0,0,0,0,0,0,0,0,0,0,998,998,0,0,1,2,1,26,-17,-20,64130,998,-7,26,0,1,1,1,0,4,0,998,0.5,10,10,999,14.2,8.3,16.4,1067.72320733004,9,3
9832,59,23,1-59-2018-023-01,1,1,4T1BG22K6WU3,17,49,40,1998,4,1,3,0,1,F,3,1360,5,0,1,1,1,64,1,0,1,0,2,1,2,47834,9,9,0,4,2,1,2,1,1,1,1,2,0,0,2,8,0,0,9,1,1,2,10,99,1,2,3,G,50,0,0,0,0,0,0,0,0,0,0,110,290,0,0,0,1,1,88,-88,0,307337,998,0,74,0,1,2,9,0,3,0,995,9.8,998,998,998,99.8,99.8,99.8,94.2118507285493,6,3
9832,59,23,1-59-2018-023-01,1,2,2G1WL52M2V92,17,20,20,1997,4,1,3,0,1,F,3,1532,5,0,1,1,1,64,1,0,1,0,3,0,0,47805,1,9,0,4,2,1,2,1,1,1,1,2,0,0,2,8,0,0,9,0,1,3,54,99,1,1,3,G,51,0,0,0,0,0,0,0,0,0,0,290,110,0,0,0,1,1,79,-79,0,507934,998,-17,90,0,1,4,34,1,1,0,995,9.8,998,998,998,99.8,99.8,99.8,94.2118507285493,6,3
9833,10,19,1-10-2018-019-09,9,1,2HGFG126X6H5,17,37,31,2006,2,1,3,0,1,F,2,1227,5,9999,9,0,1,105,1,0,0,995,0,0,0,45373,1,2,0,2,4,4,2,1,1,1,3,2,1,1,1,1,0,0,1,0,1,3,51,2,1,1,2,D,24,0,0,0,0,0,0,0,0,0,0,0,0,0,0,0,1,3,34,-34,0,28932,998,0,24,0,4,0,0,0,0,0,995,9.8,998,998,998,99.8,99.8,99.8,121.116110544021,4,3