CASEID,PSU,CASENO,CASENUMBER,CATEGORY,VEHNO,VIN,VINLENGTH,MAKE,MODEL,MODELYR,BODYTYPE,BODYCAT,VEHCLASS,SPECUSE,TRANSTAT,DAMPLANE,DAMSEV,CURBWT,CURBSRC,CARGOWT,CARGOSRC,INSPTYPE,TOWSTAT,SPEEDLIMIT,DRPRESENT,PARALCOHOL,ALCTEST,ALCTESTRESULT,ALCTESTSRC,PARDRUG,DRUGTEST,ZIP,RACE,ETHNICITY,RELTOJUNCT,TRAFFLOW,RDLANES,INITLANE,SURFTYPE,SURFCOND,ALIGNMENT,PROFILE,LINERIGHT,LINELEFT,RUMBINIT,RUMBROAD,LIGHTCOND,WEATHER,TRAFDEV,TRAFFUNCT,DISTRACT,PREFHE,PREMOVE,CRITCAT,CRITEVENT,MANEUVER,PRESTAB,PRELOC,CRASHCAT,CRASHCONF,CRASHTYPE,ROLLTYPE,ROLLTURN,ROLLINTRPT,ROLLPREMAN,ROLLINITYP,ROLLINLOC,ROLLOBJ,ROLLTRIP,ROLLDIR,ROLLDIST,DVANGTHIS,DVANGOTH,TOWHITCH,TRAJDOC,TREEPOLE,DVEVENT,DVBASIS,DVTOTAL,DVLONG,DVLAT,DVENERGY,DVSPEED,DVMOMENT,DVBES,DVEST,DVCONF,VAIS,VISS,VINJURED,VTREAT,INITOBJCLASS,HEADANGLECAT,SHLDRWIDTH,STRKLENGTH,STRKWIDTH,STRKHEIGHT,EDGEDISTX,EDGEDISTY,EDGEDISTZ,CASEWGT,PSUSTRAT,VERSION
9904,27,19,1-27-2018-019-01,1,1,2T1KR32EX3C1,17,49,47,2003,6,1,2,0,1,F,2,1211,5,0,1,1,1,72,1,8,0,995,0,7,0,01230,1,2,0,4,2,1,2,1,1,1,1,2,0,0,1,1,0,0,1,0,1,4,62,99,1,1,3,G,51,0,0,0,0,0,0,0,0,0,0,245,70,0,0,0,1,1,39,-39,7,108535,998,-26,46,0,4,4,34,1,1,0,995,9.8,998,998,998,99.8,99.8,99.8,53.0506986294226,3,3
9904,27,19,1-27-2018-019-01,1,2,WA1M2AFP4HA0,17,32,402,2017,14,3,14,0,1,F,2,1850,5,0,1,1,1,72,1,8,9,998,8,7,9,10036,1,2,0,4,2,1,2,1,1,1,1,2,0,0,1,1,0,0,9,1,1,2,10,1,1,2,3,G,50,1,2,2,5,1,1,61,1,1,10,70,245,0,0,0,1,1,26,-25,4,19437,998,-12,16,0,4,2,5,0,3,3,995,9.8,998,998,998,99.8,99.8,99.8,53.0506986294226,3,3
9905,22,21,1-22-2018-021-08,8,1,1FTDX18W1VKB,17,12,481,1997,34,5,31,0,1,F,1,2032,5,0,1,1,1,105,1,8,1,0,2,7,2,83526,1,2,0,4,2,1,2,1,1,1,1,4,0,0,2,8,0,0,3,1,1,2,12,1,1,4,1,B,6,0,0,0,0,0,0,0,0,0,0,998,998,0,1,1,1,1,17,-17,0,27777,998,-60,17,0,4,4,17,1,1,0,998,1.5,28,28,120,79.0,8.4,80.1,95.6073213298819,12,3
9906,22,22,1-22-2018-022-03,3,1,1C4NJRFB2ED7,17,2,407,2014,14,3,14,0,1,L,2,1511,5,0,1,1,1,89,1,8,1,0,2,1,2,99171,1,2,0,1,2,1,2,1,1,1,1,4,0,0,2,8,0,0,3,1,1,2,13,2,1,4,1,A,1,1,1,2,2,1,4,68,1,2,999,997,997,0,0,0,1,6,999,999,999,9999999,999,999,999,7,0,1,1,0,6,3,997,9.8,998,998,998,99.8,99.8,99.8,129.509566678563,12,3
9907,29,20,1-29-2018-020-09,9,1,5TDZA23C86S4,17,49,442,2006,20,4,20,0,1,R,1,1880,5,0,1,1,1,40,1,0,0,995,0,0,0,02769,9,9,2,4,2,1,2,1,1,1,0,0,0,0,1,1,2,2,2,0,1,2,17,99,1,1,5,L,87,0,0,0,0,0,0,0,0,0,0,210,180,0,0,0,2,3,15,10,-12,12783,998,-53,12,0,4,99,99,0,99,0,995,9.8,998,998,998,99.8,99.8,99.8,428.418727257235,2,3
9907,29,20,1-29-2018-020-09,9,2,2A8HR44H38R7,17,6,441,2008,20,4,20,1,1,R,1,2096,5,0,2,1,1,40,1,0,0,995,0,0,0,02740,7,1,2,4,2,1,2,1,1,1,0,0,0,0,1,1,0,0,1,0,1,4,66,1,1,1,5,L,86,0,0,0,0,0,0,0,0,0,0,998,998,0,0,1,3,1,14,-14,0,22648,998,94,14,0,1,1,2,0,4,0,998,0.0,32,32,120,0.1,0.3,0.3,428.418727257235,2,3
9908,29,21,1-29-2018-021-06,6,1,JA3AU86W79U0,17,52,46,2009,4,1,2,0,1,F,1,1375,5,0,1,1,1,105,1,0,0,995,0,0,0,02747,1,2,1,2,2,2,2,1,1,9,3,2,1,3,1,1,0,0,1,1,1,1,9,8,3,4,1,A,2,0,0,0,0,0,0,0,0,0,0,998,998,0,0,0,1,1,12,-12,2,8708,998,37,12,0,4,1,1,0,4,0,998,9.9,120,999,999,99.9,99.9,99.9,146.518839994904,2,3
9909,26,35,1-26-2018-035-04,4,1,JHMFA36259S0,17,37,31,2009,4,1,3,0,1,F,2,1304,5,9999,9,4,1,105,1,0,0,995,0,0,0,95823,7,2,0,2,5,3,2,2,1,9,3,3,0,0,2,2,0,0,9,1,1,3,52,2,1,2,2,D,28,0,0,0,0,0,0,0,0,0,0,80,80,0,0,0,1,12,999,999,999,9999999,999,999,999,3,0,99,99,0,99,0,995,9.8,998,998,998,99.8,99.8,99.8,922.560669592757,10,3
9909,26,35,1-26-2018-035-04,4,2,KNMAT2MT2GP7,17,35,51,2016,6,1,3,0,1,B,1,1550,5,9999,9,4,1,105,1,0,0,995,0,0,0,95828,1,1,0,2,5,4,2,2,1,9,3,3,0,0,2,2,0,0,9,0,2,3,53,99,1,1,2,D,29,0,0,0,0,0,0,0,0,0,0,80,80,0,0,0,1,12,999,999,999,9999999,999,999,999,2,0,0,0,0,0,0,995,9.8,998,998,998,99.8,99.8,99.8,922.560669592757,10,3
9910,26,36,1-26-2018-036-03,3,1,JM3KFBDLXH01,17,41,403,2017,14,3,14,0,1,L,2,1629,5,9999,9,0,1,999,1,0,0,995,0,0,0,95605,1,9,2,4,2,1,2,2,1,1,3,2,0,0,5,1,2,2,9,0,1,2,17,99,1,1,5,L,89,0,0,0,0,0,0,0,0,0,0,350,80,0,0,0,1,3,35,-6,34,147409,998,86,38,0,4,1,1,0,8,0,995,9.8,998,998,998,99.8,99.8,99.8,374.928133635314,10,3
9910,26,36,1-26-2018-036-03,3,2,3N1AB7AP3GY3,17,35,43,2016,4,1,3,0,1,F,3,1306,5,0,1,1,1,999,1,1,0,995,0,0,0,95817,2,2,2,3,3,1,2,2,1,1,0,3,0,0,5,1,0,0,1,0,1,4,66,2,1,1,5,L,88,0,0,0,0,0,0,0,0,0,0,80,350,0,0,0,1,3,45,-45,-8,91181,998,-14,40,0,4,1,1,0,8,0,995,9.8,998,998,998,99.8,99.8,99.8,374.928133635314,10,3
9911,26,37,1-26-2018-037-04,4,1,1HGCR2F55GA0,17,37,32,2016,4,1,4,0,1,U,2,1496,5,0,1,1,1,64,1,1,8,997,8,0,9,95828,1,1,2,4,5,1,2,1,1,1,0,3,0,0,3,1,1,2,9,1,1,2,12,99,1,4,1,B,6,0,0,0,0,0,0,0,0,0,0,996,996,0,1,0,4,7,999,999,999,9999999,999,999,999,7,0,0,0,0,99,0,996,0.0,120,999,16,1.5,1.2,2.0,922.560669592757,10,3
9911,26,37,1-26-2018-037-04,4,2,1FALP52UXSG2,17,12,17,1995,4,1,3,0,2,T,1,1404,5,0,1,4,,,,,,,,,,,,,,,,,,,,,,,,,,,,,,,,,,,,,,,,,,,,,,,,,,,,,,,,,,,,,,,,,,95,95,95,95,,,,,,,,,,922.560669592757,10,3
9911,26,37,1-26-2018-037-04,4,3,JT2AT86F9N00,17,49,33,1992,2,1,1,0,2,T,3,1213,5,0,1,4,,,,,,,,,,,,,,,,,,,,,,,,,,,,,,,,,,,,,,,,,,,,,,,,,,,,,,,,,,,,,,,,,,95,95,95,95,,,,,,,,,,922.560669592757,10,3
9911,26,37,1-26-2018-037-04,4,4,1FTEE14N3PHA,17,12,461,1993,21,4,21,0,2,F,1,2027,5,9999,9,4,,,,,,,,,,,,,,,,,,,,,,,,,,,,,,,,,,,,,,,,,,,,,,,,,,,,,,,,,,,,,,,,,,95,95,95,95,,,,,,,,,,922.560669592757,10,3
9911,26,37,1-26-2018-037-04,4,5,1G8ZK5276XZ1,17,24,1,1999,4,1,2,0,2,F,1,1084,5,9999,9,4,,,,,,,,,,,,,,,,,,,,,,,,,,,,,,,,,,,,,,,,,,,,,,,,,,,,,,,,,,,,,,,,,,95,95,95,95,,,,,,,,,,922.560669592757,10,3
9911,26,37,1-26-2018-037-04,4,6,YV1AA8840M14,17,51,34,1991,4,1,3,0,2,F,1,1324,5,9999,9,4,,,,,,,,,,,,,,,,,,,,,,,,,,,,,,,,,,,,,,,,,,,,,,,,,,,,,,,,,,,,,,,,,,95,95,95,95,,,,,,,,,,922.560669592757,10,3
9911,26,37,1-26-2018-037-04,4,7,2FMZA5144WBE,17,12,442,1998,20,4,20,0,2,B,1,1692,5,9999,9,4,,,,,,,,,,,,,,,,,,,,,,,,,,,,,,,,,,,,,,,,,,,,,,,,,,,,,,,,,,,,,,,,,,95,95,95,95,,,,,,,,,,922.560669592757,10,3
9911,26,37,1-26-2018-037-04,4,8,999999999999,99,42,36,9999,4,1,9,0,2,B,1,9999,9,9999,9,4,,,,,,,,,,,,,,,,,,,,,,,,,,,,,,,,,,,,,,,,,,,,,,,,,,,,,,,,,,,,,,,,,,95,95,95,95,,,,,,,,,,922.560669592757,10,3
9912,18,22,1-18-2018-022-02,2,1,1J8GA59148L5,17,2,403,2008,14,3,14,0,1,F,1,1936,5,0,1,2,0,56,1,0,0,995,0,0,0,54701,9,9,2,1,2,1,2,1,1,2,0,1,0,0,1,1,1,2,9,0,11,2,15,99,1,1,4,K,76,0,0,0,0,0,0,0,0,0,0,75,40,0,0,0,1,1,10,-9,-3,14012,998,-14,13,0,1,95,95,95,95,0,995,9.8,998,998,998,99.8,99.8,99.8,45.418084614525,6,3
9912,18,22,1-18-2018-022-02,2,2,4S3GTAT61H37,17,48,38,2017,5,1,3,0,1,F,1,1382,5,0,1,1,1,56,1,0,0,995,0,0,0,54771,1,2,2,1,3,2,2,1,1,1,1,3,0,0,1,1,1,2,9,0,1,4,65,1,1,1,4,K,77,0,0,0,0,0,0,0,0,0,0,998,998,0,1,1,2,1,24,-24,0,32944,998,-14,24,0,1,2,9,0,3,0,998,0.0,22,22,65,2.4,0.6,2.5,45.418084614525,6,3
9914,30,25,1-30-2018-025-03,3,1,1C4PJLCB9HW5,17,2,404,2017,14,3,14,0,1,F,1,1669,5,9999,9,4,1,72,1,0,0,995,0,0,0,85338,9,9,0,1,2,1,2,1,1,1,1,2,0,0,1,1,0,0,9,1,1,2,13,1,1,4,1,A,1,0,0,0,0,0,0,0,0,0,0,998,998,0,1,0,5,12,999,999,999,9999999,999,999,999,6,0,2,5,0,3,0,998,6.5,10,10,999,18.6,1.0,18.7,2703.48622224881,10,3
9915,16,38,1-16-2018-038-01,1,1,1N4BA41E24C8,17,35,39,2004,4,1,4,0,1,T,3,1571,5,9999,9,5,1,56,1,0,1,0,3,1,2,45204,1,2,0,4,2,1,2,1,1,1,1,2,0,0,1,1,0,0,9,1,1,2,10,99,1,2,3,I,64,1,4,2,3,1,2,61,1,1,9,997,997,0,1,0,4,6,999,999,999,9999999,999,999,999,8,0,5,30,1,1,3,997,2.0,120,3,120,1.9,0.6,2.9,43.0963750798285,5,3
9915,16,38,1-16-2018-038-01,1,2,1HTWDAAR7DH4,17,84,881,2013,63,8,60,0,1,R,9,,,,,,0,56,1,0,0,995,0,0,0,45232,9,9,0,4,2,1,2,1,1,1,1,2,0,0,1,1,0,0,9,0,1,3,54,99,1,1,3,I,65,,,,,,,,,,,,,,,,,,,,,,,,,,,95,95,95,95,,,9.8,998,998,998,99.8,99.8,99.8,43.0963750798285,5,3
9916,16,39,1-16-2018-039-02,2,1,1GKKVTKD8DJ1,17,23,423,2013,15,3,15,0,1,B,3,2200,5,0,1,1,1,56,1,0,0,995,0,0,0,43065,1,2,0,4,4,1,2,1,1,1,1,3,0,0,3,1,0,0,1,0,1,3,53,1,1,1,2,D,25,0,0,0,0,0,0,0,0,0,0,180,180,0,0,0,1,1,40,40,0,233011,998,0,50,0,1,1,1,0,4,0,995,9.8,998,998,998,99.8,99.8,99.8,21.4114891387835,5,3
9916,16,39,1-16-2018-039-02,2,2,2C3CDXHG2GH2,17,7,24,2016,4,1,5,0,1,F,3,1785,5,0,2,5,1,56,1,0,0,995,0,0,0,45014,3,2,0,4,4,1,2,1,1,1,1,3,0,0,3,1,0,0,1,0,1,3,51,2,1,1,2,D,24,0,0,0,0,0,0,0,0,0,0,180,180,0,0,0,1,1,48,-48,0,89867,998,0,34,0,1,3,11,1,3,0,995,0.0,63,15,20,1.4,0.9,1.6,21.4114891387835,5,3
9917,16,40,1-16-2018-040-01,1,1,KNADC1253362,17,63,32,2003,4,1,1,0,1,F,3,1090,5,0,1,1,1,56,1,1,1,299,3,1,2,45215,9,9,0,4,2,1,2,1,3,2,1,2,0,0,1,8,0,0,3,1,14,2,13,99,1,4,1,A,1,0,0,0,0,0,0,0,0,0,0,998,998,0,1,0,2,1,57,-56,-10,149573,998,7,57,0,1,5,38,1,1,0,998,0.6,65,30,85,51.2,9.5,51.8,43.0963750798285,5,3
9918,20,40,1-20-2018-040-08,8,1,1N4AL11D66N4,17,35,47,2006,4,1,4,0,1,F,9,1378,5,0,2,0,1,89,1,0,1,0,2,1,2,93933,9,1,2,4,2,1,2,1,1,1,1,5,2,3,3,1,0,0,1,0,1,4,66,4,1,1,4,K,83,0,0,0,0,0,0,0,0,0,0,315,210,0,0,0,1,0,999,999,999,9999999,999,999,999,9,0,3,17,1,3,0,995,9.8,998,998,998,99.8,99.8,99.8,758.906990089456,11,3
9918,20,40,1-20-2018-040-08,8,2,999999999999,99,87,898,1993,66,8,68,0,1,L,9,,,,,,0,89,1,0,0,995,0,0,0,93906,9,9,2,4,2,1,2,1,1,1,1,2,0,0,3,1,2,2,9,0,11,4,66,99,1,1,4,K,82,,,,,,,,,,,,,,,,,,,,,,,,,,,95,95,95,95,,,9.8,998,998,998,99.8,99.8,99.8,758.906990089456,11,3
9919,20,41,1-20-2018-041-08,8,1,2T1KR30E45C4,17,49,47,2005,6,1,2,0,1,T,2,1211,5,0,1,1,1,89,1,0,1,0,2,0,2,93920,1,2,0,4,2,1,2,1,2,4,1,4,0,0,1,1,0,0,9,1,14,1,9,99,2,4,1,A,2,1,2,2,4,1,4,61,1,1,12,997,997,0,0,0,3,6,999,999,999,9999999,999,999,999,7,0,2,4,0,3,3,997,0.6,28,28,63,16.9,4.5,17.4,758.906990089456,11,3
9920,15,42,1-15-2018-042-03,3,1,5TDJKRFH5GS2,17,49,403,2016,14,3,14,0,1,L,1,2035,5,9999,9,0,1,48,1,0,0,995,0,0,0,11803,3,2,2,4,2,1,2,1,1,1,0,0,0,0,1,1,2,2,1,0,11,2,15,2,1,1,4,K,82,0,0,0,0,0,0,0,0,0,0,350,85,0,0,0,1,3,18,0,18,39853,998,-6,22,0,4,0,0,0,0,0,995,9.8,998,998,998,99.8,99.8,99.8,135.185102428298,1,3
9920,15,42,1-15-2018-042-03,3,2,1HGCD5630VA0,17,37,32,1997,4,1,3,0,1,F,2,1295,5,0,1,1,1,64,1,0,0,995,0,0,0,11731,1,2,2,4,4,1,2,1,1,1,1,3,0,0,1,1,0,0,1,0,1,4,67,2,1,1,4,K,83,0,0,0,0,0,0,0,0,0,0,85,350,0,0,0,1,3,28,-28,5,31895,998,35,24,0,4,2,5,0,6,0,995,9.8,998,998,998,99.8,99.8,99.8,135.185102428298,1,3
9921,15,43,1-15-2018-043-04,4,1,5NPDH4AE5FH6,17,55,35,2015,4,1,3,0,1,R,1,1305,5,0,1,1,1,48,1,0,0,995,0,0,0,11710,1,1,2,4,2,1,2,1,1,1,0,0,0,0,1,1,2,2,1,0,1,2,17,1,1,1,5,L,87,0,0,0,0,0,0,0,0,0,0,90,0,0,0,0,1,3,12,-4,-11,8597,998,-23,13,0,4,1,1,0,0,0,995,9.8,998,998,998,99.8,99.8,99.8,407.697689391551,1,3
9921,15,43,1-15-2018-043-04,4,2,1GNSKBKC3FR6,17,20,422,2015,15,3,15,0,1,F,1,2515,5,0,2,0,1,48,1,0,0,995,0,0,0,11530,1,2,2,4,2,1,2,1,1,1,0,2,0,0,1,1,0,0,1,0,1,4,66,4,1,1,5,L,86,0,0,0,0,0,0,0,0,0,0,0,90,0,0,0,1,3,6,-6,2,3250,998,83,5,0,4,0,0,0,0,0,995,9.8,998,998,998,99.8,99.8,99.8,407.697689391551,1,3
9922,15,44,1-15-2018-044-03,3,1,2G1WT55NX812,17,20,2,2008,4,1,4,1,1,F,9,1630,5,9999,9,0,1,48,1,0,0,995,0,0,0,11575,9,9,3,4,4,2,2,1,1,1,3,2,0,0,1,1,0,0,9,0,11,2,15,99,1,1,4,J,68,0,0,0,0,0,0,0,0,0,0,80,315,0,0,0,1,0,999,999,999,9999999,999,999,999,9,0,99,99,0,8,0,995,9.8,998,998,998,99.8,99.8,99.8,135.185102428298,1,3
9922,15,44,1-15-2018-044-03,3,2,19XFC2F55GE2,17,37,31,2016,4,1,3,0,1,L,9,1244,5,0,2,0,1,48,1,0,0,995,0,0,0,11550,2,2,3,4,4,1,2,1,1,1,1,3,0,0,1,1,0,0,9,0,1,4,62,99,1,1,4,J,69,0,0,0,0,0,0,0,0,0,0,315,80,0,0,0,1,0,999,999,999,9999999,999,999,999,9,0,1,1,0,4,0,995,9.8,998,998,998,99.8,99.8,99.8,135.185102428298,1,3
9923,21,31,1-21-2018-031-05,5,1,1GKFK66U64J2,17,23,421,2004,15,3,15,0,1,F,9,2649,5,9999,9,4,0,113,1,1,8,997,8,0,0,92503,9,9,1,2,2,2,2,1,2,9,3,2,1,1,1,1,0,0,9,1,14,2,12,99,1,4,2,F,48,0,0,0,0,0,0,0,0,0,0,100,100,0,0,0,1,8,999,999,999,9999999,999,999,999,9,0,95,95,95,95,0,995,9.8,998,998,998,99.8,99.8,99.8,34.1937899108598,11,3
9923,21,31,1-21-2018-031-05,5,2,5J6RE3H70BL0,17,37,402,2011,14,3,14,0,1,F,9,1604,5,0,2,4,1,113,1,0,0,995,0,0,0,92867,1,2,1,2,2,2,2,1,2,9,3,2,1,1,1,1,0,0,1,0,14,3,53,1,1,1,2,F,48,0,0,0,0,0,0,0,0,0,0,998,998,0,0,0,2,12,999,999,999,9999999,999,999,999,9,0,3,17,1,3,0,998,2.7,999,999,999,99.9,99.9,99.9,34.1937899108598,11,3
9924,21,32,1-21-2018-032-06,6,1,19XFA1F57AE0,17,37,31,2010,4,1,3,0,1,T,2,1199,5,0,1,1,1,105,1,0,1,0,2,0,0,92405,1,2,0,2,2,1,2,1,1,9,1,3,0,3,1,1,0,0,3,1,1,2,13,4,1,4,1,A,1,1,5,2,2,5,4,31,1,2,16,997,997,0,0,0,1,6,999,999,999,9999999,999,999,999,7,0,1,2,0,4,2,997,9.8,998,998,998,99.8,99.8,99.8,425.793368897942,11,3
9925,21,33,1-21-2018-033-09,9,1,999999999999,99,48,34,1997,9,1,2,0,1,F,9,9999,9,9999,9,0,1,56,1,0,0,995,0,0,0,92316,9,9,2,4,7,3,2,1,1,1,1,1,0,0,1,1,1,2,9,0,1,4,62,99,1,1,4,J,69,0,0,0,0,0,0,0,0,0,0,60,225,0,0,0,1,0,999,999,999,9999999,999,999,999,9,0,1,1,0,99,0,995,9.8,998,998,998,99.8,99.8,99.8,1276.65826669583,11,3
9925,21,33,1-21-2018-033-09,9,2,2G1WF52E3592,17,20,2,2005,4,1,4,0,1,F,1,1572,5,0,1,1,1,56,1,0,0,995,0,0,0,92411,7,1,2,4,7,5,2,1,1,1,1,2,0,0,1,1,1,2,1,0,11,2,15,2,1,1,4,J,68,0,0,0,0,0,0,0,0,0,0,225,60,0,0,0,1,12,999,999,999,9999999,999,999,999,2,0,2,4,0,4,0,995,9.8,998,998,998,99.8,99.8,99.8,1276.65826669583,11,3
9926,18,23,1-18-2018-023-07,7,1,1G6KY5490WU9,17,19,14,1998,4,1,4,0,1,F,1,1815,5,0,1,1,1,89,1,0,0,995,0,0,0,54703,2,2,2,4,2,1,2,1,1,1,1,2,0,0,1,1,0,0,1,0,11,2,15,8,1,1,4,J,72,0,0,0,0,0,0,0,0,0,0,85,120,0,0,0,1,1,9,-3,9,15479,998,222,8,0,1,0,0,0,0,0,995,9.8,998,998,998,99.8,99.8,99.8,1071.77020573822,6,3
9926,18,23,1-18-2018-023-07,7,2,1FADP3F2XDL1,17,12,37,2013,4,1,3,0,1,R,1,1340,5,0,1,1,1,89,1,0,0,995,0,0,0,54739,1,2,2,4,2,1,2,1,1,1,1,2,0,0,1,1,0,0,1,1,6,4,61,3,1,1,4,J,73,0,0,0,0,0,0,0,0,0,0,120,85,0,0,0,1,1,12,-4,-12,12148,998,1,15,0,1,0,0,0,0,0,995,0.0,999,999,999,0.8,0.2,0.8,1071.77020573822,6,3
9927,33,38,1-33-2018-038-06,6,1,5XYKTCA13BG0,17,63,402,2011,14,3,14,0,1,L,1,1837,5,0,1,1,1,56,1,0,0,995,0,0,0,95953,1,2,3,4,2,1,2,1,1,2,0,0,0,0,1,1,0,0,1,0,11,2,15,1,1,1,4,K,82,0,0,0,0,0,0,0,0,0,0,30,150,0,0,0,1,3,7,-6,4,6608,998,-58,9,0,1,1,1,0,5,0,995,9.8,998,998,998,99.8,99.8,99.8,199.879221932152,12,3
9927,33,38,1-33-2018-038-06,6,2,1G4CW52K6X46,17,18,3,1999,4,1,4,0,1,F,1,1714,5,9999,9,0,0,56,1,0,0,995,0,0,0,95968,9,9,3,4,5,1,2,1,1,1,0,2,0,0,1,1,0,0,9,1,15,4,72,99,1,1,4,K,83,0,0,0,0,0,0,0,0,0,0,150,30,0,0,0,1,3,8,-7,-4,5151,998,-117,7,0,4,95,95,95,95,0,995,9.8,998,998,998,99.8,99.8,99.8,199.879221932152,12,3
9928,33,39,1-33-2018-039-09,9,1,4T1BK46K47U0,17,49,40,2007,4,1,3,0,1,L,9,1570,5,9999,9,0,1,48,1,1,8,997,8,0,0,95966,1,9,0,4,2,1,2,1,2,9,1,2,0,0,1,1,0,0,9,1,14,1,6,99,9,4,1,B,7,0,0,0,0,0,0,0,0,0,0,998,998,0,0,0,1,0,999,999,999,9999999,999,999,999,9,0,1,1,0,5,0,998,0.8,999,999,999,3.6,2.9,3.9,653.252534600571,12,3
9930,33,41,1-33-2018-041-05,5,1,WP1AA29P69LA,17,45,421,2009,15,3,15,0,1,F,9,2170,5,9999,9,0,1,56,1,0,1,0,2,9,3,95916,1,2,0,5,5,1,2,1,1,9,1,3,0,0,1,1,0,0,3,1,1,2,13,1,1,4,1,A,1,0,0,0,0,0,0,0,0,0,0,998,998,0,0,1,2,0,999,999,999,9999999,999,999,999,9,0,1,1,0,3,0,998,9.9,6,6,100,99.9,99.9,99.9,28.9441844864407,12,3
9931,52,18,1-52-2018-018-10,10,1,5N1AN08W55C6,17,35,402,2005,14,3,14,0,1,F,3,1973,5,50,2,4,1,105,1,0,0,995,0,0,0,80020,1,2,0,2,2,1,2,5,2,1,1,3,2,3,1,8,0,0,1,1,14,2,12,4,4,4,1,B,7,0,0,0,0,0,0,0,0,0,0,998,998,0,0,0,1,10,999,999,999,9999999,999,999,999,8,0,1,1,0,0,0,998,1.5,4,10,76,41.3,8.1,42.3,1354.64623986637,12,3
9941,28,23,1-28-2018-023-03,3,1,4T4BF1FK8GR5,17,49,40,2016,4,1,4,0,1,F,1,1467,5,0,1,1,1,40,1,0,0,995,0,0,0,15834,1,2,0,4,2,1,2,2,1,1,1,2,0,0,1,2,0,0,3,1,1,2,13,1,1,4,1,A,1,0,0,0,0,0,0,0,0,0,0,10,10,0,0,0,1,1,12,-11,-2,9854,998,-10,13,0,1,1,1,0,4,0,995,9.8,998,998,998,99.8,99.8,99.8,55.7552208622972,3,3
9941,28,23,1-28-2018-023-03,3,2,1HGCP26838A0,17,37,32,2008,4,1,4,0,2,B,1,1523,5,0,1,5,,,,,,,,,,,,,,,,,,,,,,,,,,,,,,,,,,,,,,,,,,,,,,,,,,,,,,,,,,,,,,,,,,95,95,95,95,,,,,,,,,,55.7552208622972,3,3
9942,28,24,1-28-2018-024-04,4,1,5TFCZ5AN8GX0,17,49,472,2016,34,5,30,0,1,F,1,1841,8,0,1,1,1,89,1,0,0,995,0,0,0,16720,1,2,0,4,2,1,2,1,1,1,1,4,0,0,1,1,0,0,1,1,1,2,13,2,1,4,1,A,1,0,0,0,0,0,0,0,0,0,0,998,998,0,0,0,1,1,14,-14,0,13632,998,9,14,0,4,0,0,0,0,0,998,0.5,120,40,67,2.3,16.3,16.5,186.891248620158,3,3
9943,16,41,1-16-2018-041-04,4,1,JF2SJADCXGH4,17,48,401,2016,14,3,14,0,1,B,1,1498,5,0,1,1,1,105,1,0,0,995,0,0,0,45040,7,1,0,2,4,3,2,1,1,1,3,3,0,3,1,1,0,0,1,1,15,2,11,1,1,2,2,D,25,0,0,0,0,0,0,0,0,0,0,75,55,0,0,0,1,1,16,14,-8,14008,998,56,14,0,4,0,0,0,0,0,995,9.8,998,998,998,99.8,99.8,99.8,495.926525355629,5,3
9943,16,41,1-16-2018-041-04,4,2,1G4HP52K43U1,17,18,2,2003,4,1,4,0,1,F,1,1618,5,0,1,1,1,105,1,0,0,995,0,0,0,45205,2,9,0,2,4,2,2,1,1,1,3,3,0,3,1,1,0,0,1,0,1,3,51,1,1,1,2,D,24,0,0,0,0,0,0,0,0,0,0,55,75,0,0,0,1,1,16,-16,3,23200,998,-23,19,0,1,1,1,0,7,0,995,9.8,998,998,998,99.8,99.8,99.8,495.926525355629,5,3
9944,16,42,1-16-2018-042-10,10,1,1FAFP55244G1,17,12,17,2004,4,1,3,0,1,R,1,1500,5,0,1,1,1,56,1,0,0,995,0,0,0,45238,2,2,0,4,4,1,2,1,1,2,0,3,0,0,1,1,0,0,1,1,15,2,10,3,1,2,2,F,47,0,0,0,0,0,0,0,0,0,0,325,320,0,0,0,2,12,999,999,999,9999999,999,999,999,2,0,0,0,0,0,0,995,9.8,998,998,998,99.8,99.8,99.8,3402.33466248042,5,3
9944,16,42,1-16-2018-042-10,10,2,1GNKVJKD6GJ2,17,20,423,2016,15,3,15,0,1,R,1,2197,5,0,1,2,0,56,1,0,0,995,0,0,0,45052,9,9,0,4,4,2,2,1,1,2,3,2,0,0,1,1,0,0,9,0,1,4,61,99,1,1,2,F,45,0,0,0,0,0,0,0,0,0,0,320,310,0,0,0,1,8,999,999,999,9999999,999,999,999,6,0,95,95,95,95,0,995,9.8,998,998,998,99.8,99.8,99.8,3402.33466248042,5,3
9944,16,42,1-16-2018-042-10,10,3,1D7HU18267S1,17,7,482,2007,34,5,31,0,2,L,1,2402,5,0,1,5,,,,,,,,,,,,,,,,,,,,,,,,,,,,,,,,,,,,,,,,,,,,,,,,,,,,,,,,,,,,,,,,,,95,95,95,95,,,,,,,,,,3402.33466248042,5,3
9944,16,42,1-16-2018-042-10,10,4,JF1GJAK66DH0,17,48,38,2013,4,1,3,0,2,B,1,1320,5,0,1,5,,,,,,,,,,,,,,,,,,,,,,,,,,,,,,,,,,,,,,,,,,,,,,,,,,,,,,,,,,,,,,,,,,95,95,95,95,,,,,,,,,,3402.33466248042,5,3