CASEID,PSU,CASENO,CASENUMBER,CATEGORY,VEHNO,VIN,VINLENGTH,MAKE,MODEL,MODELYR,BODYTYPE,BODYCAT,VEHCLASS,SPECUSE,TRANSTAT,DAMPLANE,DAMSEV,CURBWT,CURBSRC,CARGOWT,CARGOSRC,INSPTYPE,TOWSTAT,SPEEDLIMIT,DRPRESENT,PARALCOHOL,ALCTEST,ALCTESTRESULT,ALCTESTSRC,PARDRUG,DRUGTEST,ZIP,RACE,ETHNICITY,RELTOJUNCT,TRAFFLOW,RDLANES,INITLANE,SURFTYPE,SURFCOND,ALIGNMENT,PROFILE,LINERIGHT,LINELEFT,RUMBINIT,RUMBROAD,LIGHTCOND,WEATHER,TRAFDEV,TRAFFUNCT,DISTRACT,PREFHE,PREMOVE,CRITCAT,CRITEVENT,MANEUVER,PRESTAB,PRELOC,CRASHCAT,CRASHCONF,CRASHTYPE,ROLLTYPE,ROLLTURN,ROLLINTRPT,ROLLPREMAN,ROLLINITYP,ROLLINLOC,ROLLOBJ,ROLLTRIP,ROLLDIR,ROLLDIST,DVANGTHIS,DVANGOTH,TOWHITCH,TRAJDOC,TREEPOLE,DVEVENT,DVBASIS,DVTOTAL,DVLONG,DVLAT,DVENERGY,DVSPEED,DVMOMENT,DVBES,DVEST,DVCONF,VAIS,VISS,VINJURED,VTREAT,INITOBJCLASS,HEADANGLECAT,SHLDRWIDTH,STRKLENGTH,STRKWIDTH,STRKHEIGHT,EDGEDISTX,EDGEDISTY,EDGEDISTZ,CASEWGT,PSUSTRAT,VERSION
9945,16,43,1-16-2018-043-06,6,1,3N1BC13E97L4,17,35,50,2007,5,1,2,0,1,F,1,1235,5,0,1,1,1,40,1,0,0,995,0,0,0,45211,9,9,0,4,2,1,2,1,1,4,0,0,0,0,3,1,0,0,3,0,1,3,54,1,1,1,6,M,98,0,0,0,0,0,0,0,0,0,0,180,70,0,0,0,1,1,14,-14,0,18053,998,32,18,0,4,9,97,0,99,0,995,9.8,998,998,998,99.8,99.8,99.8,194.810357899737,5,3
9945,16,43,1-16-2018-043-06,6,2,1G4GB5EG2AF2,17,18,22,2010,4,1,4,0,1,L,1,1822,5,0,1,1,1,40,1,0,0,995,0,0,0,45211,7,2,0,4,2,1,2,1,1,4,0,0,0,0,3,1,0,0,9,1,12,4,64,99,1,1,6,M,98,0,0,0,0,0,0,0,0,0,0,70,180,0,0,0,1,1,10,-3,9,3930,998,110,6,0,4,1,3,0,6,0,995,9.8,998,998,998,99.8,99.8,99.8,194.810357899737,5,3
9946,66,15,1-66-2018-015-09,9,1,1HGFA16537L1,17,37,31,2007,4,1,3,0,1,F,1,1224,5,0,2,1,1,32,1,0,0,995,0,7,0,65605,1,2,2,4,2,1,2,1,1,4,0,0,0,0,3,1,0,0,1,1,1,2,13,2,1,4,1,C,11,0,0,0,0,0,0,0,0,0,0,350,350,0,0,0,1,5,999,999,999,9999999,999,999,13,2,0,1,3,0,4,0,995,9.8,998,998,998,99.8,99.8,99.8,1539.10974893715,6,3
9946,66,15,1-66-2018-015-09,9,2,4UZA4FFD6XCF,17,82,882,1999,60,8,60,0,2,B,9,,,,,,,,,,,,,,,,,,,,,,,,,,,,,,,,,,,,,,,,,,,,,,,,,,,,,,,,,,,,,,,,,,,,,,,95,95,95,95,,,,,,,,,,1539.10974893715,6,3
9947,23,41,1-23-2018-041-08,8,1,1G4CW52K2W46,17,18,3,1998,4,1,4,0,1,F,2,1718,5,0,1,1,1,89,1,1,8,997,8,1,3,43334,1,2,0,4,2,1,2,2,1,1,0,0,0,0,2,1,0,0,3,1,1,2,13,1,1,4,1,A,1,0,0,0,0,0,0,0,0,0,0,998,998,0,0,1,1,1,39,-39,0,121927,998,53,39,0,1,2,5,0,3,0,998,0.0,119,80,119,46.6,8.6,45.8,146.073527488081,5,3
9948,23,42,1-23-2018-042-08,8,1,3GNFK16R3XG1,17,20,431,1999,16,3,16,0,1,F,2,2163,5,0,1,5,1,89,1,0,0,995,0,0,0,43350,1,2,0,4,2,1,2,1,1,1,0,0,0,0,5,8,0,0,1,1,1,2,13,1,1,4,1,A,1,0,0,0,0,0,0,0,0,0,0,998,998,0,0,2,1,12,999,999,999,9999999,999,999,999,3,0,3,14,1,3,0,998,0.0,119,42,119,10.4,2.4,10.7,146.073527488081,5,3
9949,23,43,1-23-2018-043-03,3,1,3N1CE2CP9FL3,17,35,50,2015,5,1,2,0,1,F,2,1096,5,0,1,1,1,72,1,0,0,995,0,0,0,43207,7,1,2,4,2,1,2,2,1,1,1,4,0,0,2,2,0,0,3,1,1,2,10,4,1,2,3,G,50,0,0,0,0,0,0,0,0,0,0,155,335,0,0,0,1,8,999,999,999,9999999,999,999,999,7,0,1,1,0,0,0,995,9.8,998,998,998,99.8,99.8,99.8,258.902349558673,5,3
9949,23,43,1-23-2018-043-03,3,2,2GTEK19VXY11,17,23,481,2000,34,5,30,0,1,F,2,2105,5,0,1,1,1,72,1,0,0,995,0,0,0,43123,1,2,2,4,2,1,2,2,1,1,1,4,0,0,2,2,0,0,2,0,1,4,62,1,1,1,3,G,51,0,0,0,0,0,0,0,0,0,0,335,155,0,0,0,1,8,999,999,999,9999999,999,999,999,7,0,0,0,0,0,0,995,9.8,998,998,998,99.8,99.8,99.8,258.902349558673,5,3
9950,76,6,1-76-2018-006-05,5,1,3VWRA71K29M0,17,30,40,2009,4,1,2,0,1,F,3,1465,5,91,2,1,1,89,1,0,1,170,2,0,0,13903,1,2,0,4,2,1,2,1,2,2,1,2,0,0,1,1,0,0,9,1,14,2,10,99,1,2,3,G,50,0,0,0,0,0,0,0,0,0,0,25,230,0,0,0,1,1,66,-65,-11,166318,998,-54,48,0,1,3,11,1,3,0,995,9.8,998,998,998,99.8,99.8,99.8,148.903235617988,3,3
9950,76,6,1-76-2018-006-05,5,2,YV1LS5578W15,17,51,43,1998,4,1,3,0,1,F,3,1431,5,0,1,1,1,89,1,0,1,0,2,0,0,12457,1,2,0,4,2,1,2,1,3,4,1,2,0,0,1,1,0,0,9,0,14,4,62,4,1,1,3,G,51,0,0,0,0,0,0,0,0,0,0,230,25,0,0,0,1,1,66,-65,11,428364,998,12,82,0,1,4,21,3,3,0,995,9.8,998,998,998,99.8,99.8,99.8,148.903235617988,3,3
9951,15,45,1-15-2018-045-05,5,1,4JGAB72E7XA1,17,42,401,1999,14,3,14,0,1,F,9,2010,5,9999,9,0,1,48,1,0,0,995,0,0,0,11374,9,9,2,4,2,1,2,1,1,1,0,2,0,0,1,8,2,2,9,0,1,2,17,99,1,1,5,L,86,0,0,0,0,0,0,0,0,0,0,150,240,0,0,0,1,0,999,999,999,9999999,999,999,999,9,0,1,1,0,4,0,995,9.8,998,998,998,99.8,99.8,99.8,18.9412886018293,1,3
9951,15,45,1-15-2018-045-05,5,2,JHLRE4H72BC0,17,37,402,2011,14,3,14,0,1,F,9,1604,5,9999,9,4,1,48,1,0,1,0,2,0,1,11003,9,9,2,4,2,1,2,1,1,1,0,0,0,0,1,8,0,0,9,0,1,4,66,99,1,1,5,L,87,0,0,0,0,0,0,0,0,0,0,998,998,0,0,1,3,12,999,999,999,9999999,999,999,999,9,0,2,6,0,3,0,998,0.0,30,30,120,0.0,0.3,0.3,18.9412886018293,1,3
9952,15,46,1-15-2018-046-07,7,1,3N1AB6AP4BL6,17,35,43,2011,4,1,3,0,1,F,9,1296,5,0,2,0,1,48,1,0,0,995,0,0,0,11550,1,1,0,4,4,2,2,2,1,1,3,2,0,0,1,2,0,0,1,0,1,4,61,3,1,1,6,M,98,0,0,0,0,0,0,0,0,0,0,0,295,0,0,0,1,0,999,999,999,9999999,999,999,999,9,0,0,0,0,0,0,995,9.8,998,998,998,99.8,99.8,99.8,1207.92314102024,1,3
9952,15,46,1-15-2018-046-07,7,2,999999999999,99,99,999,9999,99,10,99,99,1,L,9,,,,,,0,48,1,0,0,995,0,0,0,99999,9,9,0,4,4,1,2,2,1,1,1,3,0,0,1,2,0,0,9,0,12,2,21,99,1,2,6,M,98,,,,,,,,,,,,,,,,,,,,,,,,,,,95,95,95,95,,,9.8,998,998,998,99.8,99.8,99.8,1207.92314102024,1,3
9953,15,47,1-15-2018-047-03,3,1,JM3KE4CY1F04,17,41,403,2015,14,3,14,0,1,F,2,1604,5,9999,9,4,1,48,1,0,0,995,0,0,0,11803,9,9,3,4,2,1,2,1,1,1,1,2,0,0,1,1,0,0,9,0,11,2,15,99,1,1,4,J,68,0,0,0,0,0,0,0,0,0,0,0,210,0,0,0,1,3,28,-28,-5,56048,998,-39,28,0,4,2,5,0,4,0,995,9.8,998,998,998,99.8,99.8,99.8,291.250549307375,1,3
9953,15,47,1-15-2018-047-03,3,2,JN1CV6AR3BM4,17,58,37,2011,4,1,4,0,1,F,2,1680,5,0,1,1,1,48,1,0,0,995,0,0,0,11221,2,2,3,4,2,1,2,1,1,4,1,2,0,0,1,1,0,0,1,0,1,4,62,99,1,1,4,J,69,0,0,0,0,0,0,0,0,0,0,210,0,0,0,0,1,3,27,-25,9,63638,998,78,27,0,4,1,2,0,4,0,995,9.8,998,998,998,99.8,99.8,99.8,291.250549307375,1,3
9954,12,23,1-12-2018-023-09,9,1,5TEJU62N07Z4,17,49,472,2007,34,5,30,0,1,L,1,1767,5,0,1,1,1,40,1,9,0,995,0,9,0,99999,9,9,0,4,2,1,2,1,2,4,0,0,0,0,1,1,0,0,9,1,14,1,6,4,2,4,1,B,7,0,0,0,0,0,0,0,0,0,0,998,998,0,0,1,2,11,999,999,999,9999999,999,999,999,6,0,99,99,0,99,0,998,0.0,26,24,999,17.3,4.6,17.9,5172.46320551928,9,3
9956,32,50,1-32-2018-050-06,6,1,1G4GD5ERXCF3,17,18,22,2012,4,1,4,0,1,L,1,1785,5,0,1,1,1,56,1,0,0,995,0,0,0,76051,1,2,2,3,3,2,1,1,1,1,3,3,0,0,1,8,1,2,9,0,1,2,17,1,1,1,5,L,89,0,0,0,0,0,0,0,0,0,0,240,330,0,0,0,1,1,13,-12,4,14074,998,-64,13,0,1,9,97,0,0,0,995,9.8,998,998,998,99.8,99.8,99.8,1639.07015446945,7,3
9956,32,50,1-32-2018-050-06,6,2,WA1LKAFP5AA0,17,32,402,2010,14,3,14,0,1,F,1,1895,5,0,1,1,1,56,1,0,0,995,0,0,0,75206,1,2,2,4,7,3,1,1,1,1,3,1,0,0,1,8,1,2,9,0,1,4,66,1,1,1,5,L,88,0,0,0,0,0,0,0,0,0,0,330,240,0,0,0,1,1,12,-4,-11,34077,998,-200,12,0,1,0,0,0,0,0,995,9.8,998,998,998,99.8,99.8,99.8,1639.07015446945,7,3
9957,32,51,1-32-2018-051-03,3,1,1HGCR2F58EA0,17,37,32,2014,4,1,4,0,1,F,2,1496,5,0,1,1,1,48,1,0,0,995,0,0,0,99999,9,9,2,4,4,1,1,1,1,1,0,3,0,0,3,1,0,0,9,1,1,2,13,99,1,4,1,A,1,0,0,0,0,0,0,0,0,0,0,998,998,0,0,3,1,10,999,999,999,9999999,999,-43,27,3,0,99,99,0,0,0,998,0.0,30,30,120,0.9,0.3,0.9,1234.88479641918,7,3
9958,32,52,1-32-2018-052-03,3,1,4T1CE38P84U9,17,49,40,2004,2,1,3,0,1,F,2,1465,5,0,1,1,1,113,1,0,0,995,0,0,0,75002,1,9,0,3,5,4,1,1,1,2,3,1,0,0,1,1,0,0,9,0,1,3,52,8,1,1,2,D,28,0,0,0,0,0,0,0,0,0,0,325,305,0,0,0,1,1,27,-27,5,84130,998,-10,38,0,4,1,1,0,4,0,995,9.8,998,998,998,99.8,99.8,99.8,1234.88479641918,7,3
9958,32,52,1-32-2018-052-03,3,2,2FMPK3K83HBB,17,12,24,2017,6,1,4,0,1,B,1,1774,5,0,1,1,1,113,1,0,0,995,0,0,0,75209,1,1,0,1,5,4,1,1,1,2,3,1,0,0,1,1,0,0,1,0,2,3,53,1,1,1,2,D,29,0,0,0,0,0,0,0,0,0,0,305,325,0,0,0,1,1,23,22,4,8168,998,-82,9,0,4,0,0,0,6,0,995,9.9,120,999,120,0.0,0.0,0.0,1234.88479641918,7,3
9959,10,22,1-10-2018-022-05,5,1,2G4WB55K3Y11,17,18,20,2000,4,1,3,0,1,F,3,1563,5,0,1,4,1,89,1,1,8,997,8,9,0,45417,9,9,0,2,6,2,2,1,1,1,3,3,0,3,3,1,0,0,9,1,15,3,51,99,1,2,2,D,24,0,0,0,0,0,0,0,0,0,0,20,5,0,0,0,1,12,999,999,999,9999999,999,999,999,5,0,9,97,0,8,0,995,9.8,998,998,998,99.8,99.8,99.8,16.8909011792241,4,3
9959,10,22,1-10-2018-022-05,5,2,5NPEB4ACXCH3,17,55,33,2012,4,1,4,0,1,F,3,1454,5,0,1,4,1,89,1,0,0,995,0,0,0,45405,9,9,0,2,6,1,2,1,1,1,1,3,2,3,3,1,0,0,9,0,1,4,60,99,1,1,2,D,25,0,0,0,0,0,0,0,0,0,0,998,998,0,0,0,2,12,999,999,999,9999999,999,999,999,5,0,9,97,0,8,0,998,9.9,120,120,120,99.9,99.9,99.9,16.8909011792241,4,3
9960,10,23,1-10-2018-023-03,3,1,3CZRM3H35EG7,17,37,402,2014,14,3,14,0,1,L,1,1526,5,0,1,1,1,56,1,0,0,995,0,0,0,45401,9,9,2,2,5,1,2,1,1,1,0,1,0,0,1,8,1,2,1,1,15,2,10,1,1,2,2,F,47,0,0,0,0,0,0,0,0,0,0,220,260,0,0,0,1,3,6,5,3,4749,998,108,6,0,4,9,97,0,8,0,995,9.8,998,998,998,99.8,99.8,99.8,158.63722529234,4,3
9960,10,23,1-10-2018-023-03,3,2,5FNRL38726B1,17,37,441,2006,20,4,20,0,1,R,1,2062,5,9999,9,0,1,56,1,0,0,995,0,0,0,45417,2,2,2,2,5,3,2,1,1,1,1,0,0,0,1,8,1,2,1,0,1,4,61,1,1,1,2,F,45,0,0,0,0,0,0,0,0,0,0,260,220,0,0,0,1,3,5,-5,1,2780,998,94,5,0,4,0,0,0,0,0,995,9.8,998,998,998,99.8,99.8,99.8,158.63722529234,4,3
9961,52,19,1-52-2018-019-08,8,1,1FTNX21S51EA,17,12,481,2001,34,5,31,0,1,T,1,2761,5,150,1,1,1,113,1,1,8,997,8,0,0,59105,9,9,0,1,2,1,2,5,1,1,1,3,0,0,2,1,0,0,1,1,1,1,6,99,4,4,1,B,7,1,5,2,2,3,3,31,1,1,29,997,997,0,0,0,1,6,999,999,999,9999999,999,999,999,6,0,3,22,1,3,2,997,0.0,10,10,85,47.0,17.0,50.0,200.376096337271,12,3
9962,59,26,1-59-2018-026-08,8,1,1FTZF1727XKA,17,12,481,1999,34,5,31,0,1,F,1,1837,5,0,1,5,1,48,1,0,0,995,0,0,0,47807,1,2,0,4,2,1,2,1,1,1,0,2,0,0,3,1,0,0,3,1,1,2,13,99,1,4,1,A,1,0,0,0,0,0,0,0,0,0,0,998,998,0,0,1,2,12,999,999,999,9999999,999,999,999,1,0,0,0,0,4,0,998,0.1,120,30,15,0.0,0.0,0.0,393.789671286381,6,3
9963,59,27,1-59-2018-027-02,2,1,1FAHP2E87GG1,17,12,17,2016,4,1,4,0,1,F,1,1822,5,0,1,1,1,48,1,0,0,995,0,0,0,47803,1,2,0,4,2,1,2,1,1,4,0,0,0,0,1,1,0,0,3,1,1,2,12,1,1,4,1,B,6,1,4,2,2,6,4,42,3,1,6,998,998,0,0,1,2,1,14,-14,2,15375,998,-23,14,0,4,1,1,0,3,3,998,0.0,17,10,120,2.7,0.8,2.8,51.3567577406289,6,3
9964,19,39,1-19-2018-039-08,8,1,3G7DA03E01S5,17,22,401,2001,14,3,14,0,1,F,1,1728,5,0,1,1,1,89,1,0,1,0,2,0,0,35990,1,2,3,4,3,1,2,1,1,1,1,2,0,0,1,1,0,0,9,0,1,3,50,4,2,1,2,D,20,0,0,0,0,0,0,0,0,0,0,105,100,0,0,0,1,5,999,999,999,9999999,999,999,17,2,0,1,1,0,4,0,995,9.8,998,998,998,99.8,99.8,99.8,164.640944190402,9,3
9964,19,39,1-19-2018-039-08,8,2,4V4N39EG3GN9,17,51,881,2016,64,8,60,0,1,B,9,,,,,,0,89,1,0,0,995,0,0,0,35903,9,9,3,4,3,1,2,1,1,1,1,2,0,0,1,1,0,0,1,0,5,3,53,1,1,1,2,D,22,,,,,,,,,,,,,,,,,,,,,,,,,,,95,95,95,95,,,9.8,998,998,998,99.8,99.8,99.8,164.640944190402,9,3
9965,19,40,1-19-2018-040-08,8,1,1GNEK13T51J2,17,20,421,2001,15,3,15,0,1,L,1,2317,5,0,1,1,1,72,1,0,0,995,0,0,0,35904,1,2,2,4,2,1,2,1,1,4,0,0,0,0,1,1,2,2,3,0,11,2,15,1,1,1,4,K,82,0,0,0,0,0,0,0,0,0,0,10,90,0,0,0,1,1,7,-1,6,660,998,145,2,0,1,0,0,0,0,0,995,9.8,998,998,998,99.8,99.8,99.8,164.640944190402,9,3
9965,19,40,1-19-2018-040-08,8,2,4T1BF22K4WU9,17,49,40,1998,4,1,3,0,1,F,1,1475,5,0,1,1,1,72,1,0,0,995,0,0,0,35953,1,2,2,1,3,2,2,1,1,1,3,1,0,0,1,1,0,0,9,0,1,4,67,99,1,1,4,K,83,0,0,0,0,0,0,0,0,0,0,90,10,0,0,0,1,1,10,-10,-4,14130,998,-45,15,0,1,9,97,0,4,0,995,9.8,998,998,998,99.8,99.8,99.8,164.640944190402,9,3
9966,19,41,1-19-2018-041-07,7,1,1G1ZE5E75AF1,17,20,37,2010,4,1,4,0,1,L,1,1655,5,0,1,1,1,40,1,0,0,995,0,0,0,35905,1,2,2,4,2,1,2,1,1,1,0,2,0,0,1,1,1,2,1,0,1,2,17,99,1,1,5,L,89,0,0,0,0,0,0,0,0,0,0,295,30,0,0,0,1,12,999,999,999,9999999,999,999,5,1,0,0,0,0,0,0,995,9.8,998,998,998,99.8,99.8,99.8,997.817018153051,9,3
9966,19,41,1-19-2018-041-07,7,2,999999999999,99,99,399,9999,9,1,9,99,1,F,9,9999,9,9999,9,0,9,40,1,9,0,995,0,9,0,99999,9,9,2,4,2,1,2,1,1,1,0,2,0,0,1,1,1,2,9,1,1,2,17,99,1,9,5,L,88,0,0,0,0,0,0,0,0,0,0,30,295,0,0,0,1,0,999,999,999,9999999,999,999,999,9,0,95,95,95,95,0,995,9.8,998,998,998,99.8,99.8,99.8,997.817018153051,9,3
9967,24,29,1-24-2018-029-06,6,1,1GNKVGED2CJ1,17,20,24,2012,6,1,5,0,1,F,1,2234,5,0,1,1,1,80,1,0,0,995,0,0,0,08330,1,2,2,3,3,3,2,1,1,1,3,2,0,0,1,1,0,0,1,0,1,4,66,7,1,1,5,L,86,0,0,0,0,0,0,0,0,0,0,120,210,0,0,0,1,1,7,-7,1,11100,998,67,10,0,1,1,3,0,4,0,995,9.8,998,998,998,99.8,99.8,99.8,439.952087759614,1,3
9967,24,29,1-24-2018-029-06,6,2,1ZVFT80N3753,17,12,3,2007,2,1,3,0,1,R,1,1516,5,0,1,1,1,40,1,0,0,995,0,0,0,08205,1,2,2,3,1,1,2,1,1,1,1,2,0,0,1,1,2,2,1,0,1,2,17,1,1,1,5,L,87,0,0,0,0,0,0,0,0,0,0,210,120,0,0,0,1,1,10,-2,-10,14932,998,204,9,0,1,0,0,0,0,0,995,9.8,998,998,998,99.8,99.8,99.8,439.952087759614,1,3
9968,24,30,1-24-2018-030-09,9,1,3VWJZ71K78M0,17,30,40,2008,4,1,2,0,1,F,1,1465,5,9999,9,0,1,80,1,0,0,995,0,0,0,08205,9,9,2,4,4,2,2,1,1,1,3,2,1,1,1,1,1,2,9,0,11,2,15,99,1,1,4,J,68,0,0,0,0,0,0,0,0,0,0,80,310,0,0,0,1,3,14,-13,2,6621,998,35,10,0,4,99,99,0,99,0,995,9.8,998,998,998,99.8,99.8,99.8,1277.26872483281,1,3
9968,24,30,1-24-2018-030-09,9,2,WBAVA33507KX,17,34,34,2007,4,1,3,0,1,L,1,1490,5,0,1,1,1,80,1,1,0,995,0,0,0,08232,2,2,2,4,4,1,2,1,1,1,1,3,0,0,1,1,1,2,1,0,1,4,62,99,1,1,4,J,69,0,0,0,0,0,0,0,0,0,0,310,80,0,0,0,1,3,13,-7,11,15730,998,16,16,0,4,0,0,0,4,0,995,2.0,15,15,120,15.7,3.4,15.5,1277.26872483281,1,3
9969,14,22,1-14-2018-022-08,8,1,1G4HP52K45U1,17,18,2,2005,4,1,4,0,1,F,2,1618,5,0,1,1,1,113,1,0,0,995,0,0,0,58784,1,9,0,3,3,3,2,1,1,9,3,1,1,3,1,1,0,0,9,1,1,2,13,99,9,4,1,C,11,0,0,0,0,0,0,0,0,0,0,90,30,0,0,0,1,5,999,999,999,9999999,999,999,38,3,0,0,0,0,4,0,995,9.8,998,998,998,99.8,99.8,99.8,1695.51037602714,8,3
9969,14,22,1-14-2018-022-08,8,2,2NP3HN8X3BM1,17,87,884,2011,66,8,68,7,2,L,9,,,,,,,,,,,,,,,,,,,,,,,,,,,,,,,,,,,,,,,,,,,,,,,,,,,,,,,,,,,,,,,,,,,,,,,95,95,95,95,,,,,,,,,,1695.51037602714,8,3
9971,27,21,1-27-2018-021-09,9,1,1G1ZU54824F1,17,20,37,2004,4,1,3,0,1,F,1,1495,5,0,1,1,1,24,1,1,1,80,1,9,9,01201,1,2,0,4,2,1,2,1,2,4,1,2,0,0,3,1,6,2,9,1,14,2,12,2,2,4,1,B,7,0,0,0,0,0,0,0,0,0,0,998,998,0,0,0,1,1,13,-13,0,11808,998,-68,13,0,4,0,0,0,0,0,998,0.3,120,65,65,6.5,1.5,6.8,46.2424845437135,3,3
9972,31,18,1-31-2018-018-03,3,1,2T3DFREV5EW1,17,49,402,2014,14,3,14,0,1,F,1,1615,5,0,1,3,1,89,1,0,0,995,0,0,0,62984,9,9,0,4,2,1,2,1,1,1,1,4,0,0,2,1,0,0,9,0,1,3,52,4,1,1,2,D,28,0,0,0,0,0,0,0,0,0,0,0,5,0,0,0,1,3,18,-18,0,13545,998,0,14,0,4,0,0,0,4,0,995,9.8,998,998,998,99.8,99.8,99.8,262.500770475072,6,3
9972,31,18,1-31-2018-018-03,3,2,1FTEF15Y2TLA,17,12,481,1996,34,5,31,0,1,B,1,1841,5,9999,9,0,0,89,1,0,0,995,0,0,0,62954,9,9,0,4,2,1,2,1,1,1,1,4,0,0,2,1,0,0,9,0,2,3,53,99,1,1,2,D,29,0,0,0,0,0,0,0,0,0,0,5,0,0,0,0,1,3,15,15,0,25931,998,999,18,0,4,95,95,95,95,0,995,9.8,998,998,998,99.8,99.8,99.8,262.500770475072,6,3
9973,31,19,1-31-2018-019-09,9,1,1GTHC23286F1,17,23,481,2006,34,5,31,0,1,L,1,2541,5,150,2,1,1,113,1,0,0,995,0,0,0,66609,1,2,0,1,2,2,2,1,1,1,1,2,1,3,1,1,0,0,1,1,6,1,5,8,3,4,6,M,98,1,1,2,4,3,1,31,1,2,6,997,997,1,0,0,1,5,999,999,999,9999999,999,999,999,6,0,1,2,0,6,2,997,9.8,998,998,998,99.8,99.8,99.8,1178.42061445875,6,3
9974,25,18,1-25-2018-018-03,7,1,1FT8W3BT2EEA,17,12,481,2014,34,5,31,0,1,L,9,3166,5,0,1,3,1,56,1,0,0,995,0,0,0,04074,1,9,0,4,4,1,2,1,1,1,1,3,0,0,1,1,0,0,1,1,1,2,21,99,1,2,6,M,98,0,0,0,0,0,0,0,0,0,0,330,30,0,0,0,1,12,999,999,999,9999999,999,999,999,9,0,1,1,0,4,0,995,9.8,998,998,998,99.8,99.8,99.8,485.170917570848,2,3
9974,25,18,1-25-2018-018-03,7,2,1GTR2VE7XCZ1,17,23,481,2012,34,5,30,0,1,F,9,2389,5,0,1,3,1,56,1,0,0,995,0,0,0,04468,9,9,0,4,4,2,2,1,1,1,3,2,0,0,1,1,0,0,1,0,1,4,63,99,1,1,6,M,98,0,0,0,0,0,0,0,0,0,0,30,330,0,0,0,1,12,999,999,999,9999999,999,999,999,9,0,0,0,0,0,0,995,9.8,998,998,998,99.8,99.8,99.8,485.170917570848,2,3
9975,17,42,1-17-2018-042-02,2,1,1G1PE5SB0G71,17,20,25,2016,4,1,3,0,1,R,1,1399,5,0,1,1,1,72,1,9,1,0,2,9,0,61244,1,2,2,1,3,3,1,1,1,1,1,2,0,0,1,1,1,2,9,0,11,2,15,99,1,1,4,J,68,0,0,0,0,0,0,0,0,0,0,210,90,0,0,0,1,1,11,-7,-8,18221,998,207,10,0,1,1,1,0,4,0,995,9.8,998,998,998,99.8,99.8,99.8,63.3469708223775,4,3
9975,17,42,1-17-2018-042-02,2,2,1G11E5SL4EF2,17,20,37,2014,4,1,3,0,1,F,1,1620,5,0,1,1,1,72,1,9,0,995,0,9,0,61244,1,2,2,1,3,2,1,1,1,1,3,2,0,0,1,1,1,2,1,0,1,4,62,1,1,1,4,J,69,0,0,0,0,0,0,0,0,0,0,90,210,0,0,0,1,1,9,-9,2,12518,998,83,12,0,1,1,1,0,4,0,995,9.8,998,998,998,99.8,99.8,99.8,63.3469708223775,4,3
9976,17,43,1-17-2018-043-05,5,1,1G1PC5SH4B72,17,20,25,2011,4,1,3,0,1,R,2,1407,5,0,1,1,1,0,1,0,1,0,2,0,1,52722,2,2,1,3,1,1,2,1,3,4,9,9,0,0,3,1,5,2,1,1,14,2,13,99,1,4,1,A,1,0,0,0,0,0,0,0,0,0,0,999,999,0,0,0,9,12,999,999,999,9999999,999,999,999,7,0,1,1,0,4,0,999,9.9,999,999,999,99.9,99.9,99.9,47.9233869628999,4,3
9977,17,44,1-17-2018-044-06,6,1,3GNBABFW4BS5,17,20,23,2011,6,1,2,0,1,R,1,1431,5,0,1,1,1,56,1,9,0,995,0,9,0,52806,9,9,2,4,2,1,2,1,1,1,1,4,0,0,1,1,2,2,2,0,1,2,17,1,1,1,5,L,87,0,0,0,0,0,0,0,0,0,0,250,160,0,0,0,1,1,15,-7,-13,10920,998,-5,13,0,1,1,2,0,4,0,995,9.8,998,998,998,99.8,99.8,99.8,684.997338424833,4,3
9977,17,44,1-17-2018-044-06,6,2,JTJHA31U0400,17,59,403,2004,14,3,14,1,1,F,1,1844,5,0,1,1,1,56,1,9,0,995,0,9,0,52722,1,2,2,4,2,1,1,1,1,2,0,4,0,0,1,1,0,0,1,0,1,4,66,2,1,1,5,L,86,0,0,0,0,0,0,0,0,0,0,160,250,0,0,0,1,1,11,-10,6,17177,998,105,12,0,1,1,2,0,4,0,995,9.8,998,998,998,99.8,99.8,99.8,684.997338424833,4,3
9978,29,22,1-29-2018-022-03,3,1,1N4AL3AP1HC1,17,35,47,2017,4,1,4,0,1,R,9,1453,5,0,2,3,1,40,1,0,0,995,0,0,0,02840,1,2,2,1,2,1,2,1,2,1,1,1,0,0,1,8,1,2,3,1,14,2,13,2,1,4,1,A,1,0,0,0,0,0,0,0,0,0,0,998,998,0,0,1,1,12,999,999,999,9999999,999,999,999,9,0,1,1,0,4,0,998,0.6,65,65,120,0.7,0.4,0.9,275.428509916736,2,3
9979,27,22,1-27-2018-022-07,7,1,1FAFP52U2YG1,17,12,17,2000,4,1,3,0,1,R,9,1515,5,9999,9,0,1,48,1,1,0,995,0,7,0,01201,9,9,2,4,2,1,2,1,1,1,1,2,0,0,3,8,0,0,3,0,11,2,15,99,1,1,4,J,68,0,0,0,0,0,0,0,0,0,0,250,100,0,0,0,1,0,999,999,999,9999999,999,999,999,9,0,0,0,0,0,0,995,9.8,998,998,998,99.8,99.8,99.8,52.2501021666163,3,3