CASEID,PSU,CASENO,CASENUMBER,CATEGORY,VEHNO,VIN,VINLENGTH,MAKE,MODEL,MODELYR,BODYTYPE,BODYCAT,VEHCLASS,SPECUSE,TRANSTAT,DAMPLANE,DAMSEV,CURBWT,CURBSRC,CARGOWT,CARGOSRC,INSPTYPE,TOWSTAT,SPEEDLIMIT,DRPRESENT,PARALCOHOL,ALCTEST,ALCTESTRESULT,ALCTESTSRC,PARDRUG,DRUGTEST,ZIP,RACE,ETHNICITY,RELTOJUNCT,TRAFFLOW,RDLANES,INITLANE,SURFTYPE,SURFCOND,ALIGNMENT,PROFILE,LINERIGHT,LINELEFT,RUMBINIT,RUMBROAD,LIGHTCOND,WEATHER,TRAFDEV,TRAFFUNCT,DISTRACT,PREFHE,PREMOVE,CRITCAT,CRITEVENT,MANEUVER,PRESTAB,PRELOC,CRASHCAT,CRASHCONF,CRASHTYPE,ROLLTYPE,ROLLTURN,ROLLINTRPT,ROLLPREMAN,ROLLINITYP,ROLLINLOC,ROLLOBJ,ROLLTRIP,ROLLDIR,ROLLDIST,DVANGTHIS,DVANGOTH,TOWHITCH,TRAJDOC,TREEPOLE,DVEVENT,DVBASIS,DVTOTAL,DVLONG,DVLAT,DVENERGY,DVSPEED,DVMOMENT,DVBES,DVEST,DVCONF,VAIS,VISS,VINJURED,VTREAT,INITOBJCLASS,HEADANGLECAT,SHLDRWIDTH,STRKLENGTH,STRKWIDTH,STRKHEIGHT,EDGEDISTX,EDGEDISTY,EDGEDISTZ,CASEWGT,PSUSTRAT,VERSION
10048,33,45,1-33-2018-045-03,3,1,4T1BF1FK0HU3,17,49,40,2017,4,1,4,0,1,F,9,1467,5,9999,9,0,1,89,1,0,0,995,0,0,0,95965,1,2,0,4,2,1,2,1,1,9,0,4,0,0,1,1,0,0,3,0,1,3,50,1,1,1,2,D,20,0,0,0,0,0,0,0,0,0,0,180,180,0,0,0,1,0,999,999,999,9999999,999,999,999,9,0,1,1,0,4,0,995,9.8,998,998,998,99.8,99.8,99.8,80.2127550473741,12,3
10048,33,45,1-33-2018-045-03,3,2,1FT8W3BT5FED,17,12,880,2015,67,8,60,0,1,B,9,,,,,,0,89,0,7,7,887,6,8,8,99998,8,8,0,4,2,1,2,1,1,9,0,4,0,0,1,1,0,0,0,8,0,3,53,0,0,0,2,D,21,,,,,,,,,,,,,,,,,,,,,,,,,,,95,95,95,95,,,9.8,998,998,998,99.8,99.8,99.8,80.2127550473741,12,3
10049,33,46,1-33-2018-046-08,8,1,1NXBR30E55Z4,17,49,32,2005,4,1,2,0,1,L,2,1135,5,0,1,1,1,64,1,0,0,995,0,0,0,95965,1,2,2,4,2,1,2,1,2,4,0,2,0,0,1,1,2,2,9,0,11,2,15,1,1,1,4,K,82,0,0,0,0,0,0,0,0,0,0,120,230,0,0,0,1,1,32,-21,25,35805,998,-40,26,0,1,3,14,1,3,0,995,9.8,998,998,998,99.8,99.8,99.8,59.2151363135736,12,3
10049,33,46,1-33-2018-046-08,8,2,2GCEC13V2612,17,20,481,2006,34,5,30,0,1,F,1,2262,5,0,1,1,1,64,1,0,0,995,0,0,0,95965,3,2,2,4,2,1,2,1,1,1,1,2,0,0,1,1,0,0,1,0,1,4,67,2,1,1,4,K,83,0,0,0,0,0,0,0,0,0,0,230,120,0,0,0,1,1,18,-17,-6,59770,998,-89,23,0,1,1,1,0,4,0,995,9.8,998,998,998,99.8,99.8,99.8,59.2151363135736,12,3
10050,33,47,1-33-2018-047-07,7,1,1FAHP3FN9AW2,17,12,37,2010,4,1,2,0,1,F,9,1225,5,9999,9,0,1,105,1,0,0,995,0,0,0,95969,1,2,0,1,2,2,2,1,3,9,3,2,0,0,2,1,0,0,1,0,14,6,87,2,9,3,1,C,13,0,0,0,0,0,0,0,0,0,0,998,998,0,0,0,1,0,999,999,999,9999999,999,999,999,9,0,0,0,0,0,0,998,9.8,998,998,998,99.8,99.8,99.8,345.9621555701,12,3
10051,29,24,1-29-2018-024-09,9,1,1J8HR48P77C6,17,2,404,2007,14,3,14,0,1,F,1,2014,5,0,2,1,1,40,1,0,0,995,0,0,0,02050,1,2,2,1,2,1,2,2,1,1,1,3,0,0,1,2,0,0,1,0,1,4,62,2,1,1,6,M,98,0,0,0,0,0,0,0,0,0,0,90,120,0,0,0,1,5,999,999,999,9999999,999,999,9,1,0,2,5,0,4,0,995,9.8,998,998,998,99.8,99.8,99.8,950.93235161088,2,3
10051,29,24,1-29-2018-024-09,9,2,5TFNX4CN5EX0,17,49,472,2014,34,5,30,0,1,R,9,1644,5,9999,9,0,0,40,1,0,0,995,0,0,0,02874,9,9,2,1,2,2,2,2,1,1,1,2,0,0,1,2,5,2,1,0,12,2,21,99,1,1,6,M,98,0,0,0,0,0,0,0,0,0,0,120,90,0,0,0,1,0,999,999,999,9999999,999,999,999,9,0,95,95,95,95,0,995,9.8,998,998,998,99.8,99.8,99.8,950.93235161088,2,3
10052,30,28,1-30-2018-028-03,3,1,1C4PJMCS4EW1,17,2,404,2014,14,3,14,0,1,F,2,1862,5,0,1,1,1,72,1,0,0,995,0,0,0,85257,1,2,2,1,5,5,2,1,1,1,1,2,0,0,1,1,1,2,1,0,11,2,15,3,1,1,4,J,68,0,0,0,0,0,0,0,0,0,0,270,160,0,0,0,1,1,25,-19,-16,37054,998,-131,16,0,1,1,1,0,4,0,995,9.8,998,998,998,99.8,99.8,99.8,1505.94234460665,10,3
10052,30,28,1-30-2018-028-03,3,2,1GNKRGKD5EJ2,17,20,423,2014,15,3,15,0,1,F,1,2107,5,0,1,1,1,72,1,0,0,995,0,0,0,85044,9,9,2,1,6,2,2,1,1,1,1,3,0,0,1,1,1,2,1,0,1,4,62,4,1,1,4,J,69,0,0,0,0,0,0,0,0,0,0,160,270,0,0,0,1,1,21,-18,10,101536,998,89,29,0,1,1,2,0,4,0,995,9.8,998,998,998,99.8,99.8,99.8,1505.94234460665,10,3
10055,20,48,1-20-2018-048-09,9,1,1G2NE12T5YM8,17,22,18,2000,2,1,3,0,1,F,1,1383,5,0,1,1,1,89,1,0,0,995,0,0,0,95118,1,2,0,4,2,1,2,1,2,2,0,2,0,0,1,1,0,0,3,1,14,2,12,1,1,4,1,B,6,0,0,0,0,0,0,0,0,0,0,998,998,0,0,0,1,10,999,999,999,9999999,999,999,999,6,0,0,0,0,4,0,998,0.0,120,999,115,23.7,5.5,24.4,508.530403879224,11,3
10056,21,37,1-21-2018-037-03,3,1,19UUB2F50GA0,17,54,44,2016,4,1,4,0,1,F,1,1579,5,9999,9,0,0,56,1,0,0,995,0,0,0,92324,9,9,2,4,5,3,2,1,1,1,1,2,0,0,1,1,1,2,9,0,11,2,15,99,1,1,4,J,68,0,0,0,0,0,0,0,0,0,0,150,350,0,0,0,1,3,14,-14,2,8647,998,39,11,0,4,95,95,95,95,0,995,9.8,998,998,998,99.8,99.8,99.8,211.655151651881,11,3
10056,21,37,1-21-2018-037-03,3,2,1C3CCCFB7FN6,17,6,18,2015,4,1,3,0,1,L,1,1575,5,0,1,1,1,64,1,0,0,995,0,0,0,92324,9,9,2,4,5,2,2,1,1,1,1,1,0,0,1,1,1,2,9,0,1,4,62,4,1,1,4,J,69,0,0,0,0,0,0,0,0,0,0,350,150,0,0,0,1,3,13,-11,7,20061,998,-98,15,0,4,9,0,0,4,0,995,0.9,24,24,120,1.2,0.4,1.2,211.655151651881,11,3
10057,21,38,1-21-2018-038-04,4,1,2G1125S33J91,17,20,2,2018,4,1,4,0,1,L,1,1717,5,0,1,1,1,105,1,9,0,995,0,9,0,99999,2,9,2,3,3,2,1,1,1,1,1,1,0,0,1,99,1,2,9,0,1,2,17,2,1,1,5,L,89,0,0,0,0,0,0,0,0,0,0,185,275,0,0,0,1,4,20,-13,15,6150,998,-10,10,0,4,99,99,0,99,0,995,9.8,998,998,998,99.8,99.8,99.8,555.796561651184,11,3
10057,21,38,1-21-2018-038-04,4,2,1N6AD0ERXGN7,17,35,472,2016,34,5,30,0,1,F,1,1869,8,0,2,5,1,56,1,0,0,995,0,0,0,92345,9,1,2,4,7,2,1,1,1,2,1,1,0,0,1,99,1,2,1,0,1,4,66,2,1,1,5,L,88,0,0,0,0,0,0,0,0,0,0,275,185,0,0,0,1,4,17,-13,-11,60855,998,-141,21,0,4,1,1,0,4,0,995,9.8,998,998,998,99.8,99.8,99.8,555.796561651184,11,3
10058,21,39,1-21-2018-039-04,4,1,3N1AB7AP3EY2,17,35,43,2014,4,1,3,0,1,F,1,1293,5,0,1,1,1,72,1,1,8,997,8,0,0,92404,9,1,0,4,4,1,2,1,1,1,0,3,0,0,3,1,0,0,3,1,1,2,11,1,1,4,1,C,11,0,0,0,0,0,0,0,0,0,0,275,260,0,0,0,2,3,23,-23,0,25935,998,0,22,0,4,1,1,0,6,0,995,9.8,998,998,998,99.8,99.8,99.8,555.796561651184,11,3
10058,21,39,1-21-2018-039-04,4,2,5FNRL38856B0,17,37,441,2006,20,4,20,0,2,L,9,2095,5,9999,9,0,,,,,,,,,,,,,,,,,,,,,,,,,,,,,,,,,,,,,,,,,,,,,,,,,,,,,,,,,,,,,,,,,,95,95,95,95,,,,,,,,,,555.796561651184,11,3
10058,21,39,1-21-2018-039-04,4,3,JNRAR07Y0YW0,17,58,401,2000,14,3,14,0,2,B,1,1966,5,9999,9,0,,,,,,,,,,,,,,,,,,,,,,,,,,,,,,,,,,,,,,,,,,,,,,,,,,,,,,,,,,,,,,,,,,95,95,95,95,,,,,,,,,,555.796561651184,11,3
10058,21,39,1-21-2018-039-04,4,4,999999999999,99,35,401,2000,14,3,14,0,2,B,9,9999,9,9999,9,0,,,,,,,,,,,,,,,,,,,,,,,,,,,,,,,,,,,,,,,,,,,,,,,,,,,,,,,,,,,,,,,,,,95,95,95,95,,,,,,,,,,555.796561651184,11,3
10060,20,49,1-20-2018-049-03,3,1,2C3CDXHG8GH1,17,7,24,2016,4,1,5,0,1,F,1,1785,5,0,1,1,1,56,1,0,0,995,0,0,0,93955,9,1,2,4,5,3,2,1,1,1,1,2,0,0,1,1,1,2,9,0,1,4,67,3,1,1,4,K,83,0,0,0,0,0,0,0,0,0,0,5,225,0,0,0,1,1,9,-9,-3,11673,998,-76,11,0,1,99,99,0,99,0,995,9.8,998,998,998,99.8,99.8,99.8,186.000218706921,11,3
10060,20,49,1-20-2018-049-03,3,2,2T1BU4EE7DC0,17,49,32,2013,4,1,2,0,1,L,1,1260,5,100,2,1,1,40,1,0,0,995,0,0,0,93940,1,2,2,4,4,3,2,1,1,1,1,2,0,0,1,1,1,2,1,0,11,4,66,1,1,1,4,K,82,0,0,0,0,0,0,0,0,0,0,225,5,0,0,0,1,1,12,-11,4,11262,998,-136,10,0,1,1,2,0,6,0,995,9.8,998,998,998,99.8,99.8,99.8,186.000218706921,11,3
10061,31,21,1-31-2018-021-10,10,1,1FAHP35N08W1,17,12,37,2008,4,1,2,0,1,F,1,1189,5,0,1,1,1,89,1,0,0,995,0,0,0,62887,1,2,0,4,2,1,2,1,1,2,1,2,0,0,5,1,0,0,1,0,1,6,87,99,1,1,1,C,13,0,0,0,0,0,0,0,0,0,0,998,998,0,0,0,1,10,999,999,999,9999999,999,4,13,2,0,0,0,0,0,0,998,9.8,998,998,998,99.8,99.8,99.8,359.234935300888,6,3
10062,13,53,1-13-2018-053-04,4,1,JM3KFADLXH02,17,41,403,2017,14,3,14,0,1,U,2,1629,5,0,1,1,1,72,1,0,0,995,0,0,0,75052,1,2,2,1,2,1,1,1,1,1,0,0,0,0,3,1,1,2,9,1,1,2,12,99,1,4,1,B,6,0,0,0,0,0,0,0,0,0,0,998,998,0,0,0,1,7,999,999,999,9999999,999,999,999,7,0,1,1,0,0,0,998,0.0,120,120,-40,0.0,0.0,0.0,1126.81820622405,7,3
10070,28,26,1-28-2018-026-04,4,1,3D3KS28A18G1,17,7,482,2008,34,5,31,0,1,R,1,2719,5,3719,2,1,1,89,1,0,0,995,0,0,0,17765,1,2,2,4,2,1,2,1,1,4,1,2,0,0,1,1,0,0,1,1,17,2,15,3,1,2,4,J,68,0,0,0,0,0,0,0,0,0,0,260,140,1,0,0,1,5,999,999,999,9999999,999,999,999,1,0,0,0,0,0,0,995,9.8,998,998,998,99.8,99.8,99.8,52.2283099548548,3,3
10070,28,26,1-28-2018-026-04,4,2,2C4RDGBG3GR2,17,7,442,2016,20,4,20,0,1,F,1,2050,5,0,1,1,1,89,1,0,0,995,0,0,0,16926,1,2,2,4,2,1,2,1,1,2,1,2,0,0,1,1,0,0,1,0,1,4,62,1,1,1,4,J,69,0,0,0,0,0,0,0,0,0,0,140,260,0,0,0,1,5,999,999,999,9999999,999,999,19,2,0,1,1,0,4,0,995,9.8,998,998,998,99.8,99.8,99.8,52.2283099548548,3,3
10072,23,47,1-23-2018-047-06,6,1,1J4NF1GB9BD1,17,2,407,2011,14,3,14,0,1,R,1,1474,5,200,2,1,1,89,1,0,0,995,0,0,0,44902,1,2,0,4,2,1,2,1,1,1,1,2,0,0,2,1,0,0,3,1,1,2,12,8,1,4,1,B,6,1,6,2,6,6,3,88,2,1,26,997,997,0,0,0,2,6,999,999,999,9999999,999,999,999,6,0,1,1,0,4,4,997,1.2,119,20,119,25.3,4.0,25.7,266.560149160244,5,3
10073,23,48,1-23-2018-048-06,6,1,KNADE2237965,17,63,32,2009,4,1,1,0,1,9,9,1104,5,9999,9,0,1,113,1,0,0,995,0,0,0,44905,9,9,0,2,6,2,2,1,1,1,3,3,0,3,1,1,0,0,3,1,1,2,12,99,9,4,1,B,6,9,99,9,9,99,9,99,9,9,999,997,997,0,0,0,1,0,999,999,999,9999999,999,999,999,9,0,99,99,0,0,9,997,9.8,998,998,998,99.8,99.8,99.8,266.560149160244,5,3
10074,23,49,1-23-2018-049-07,7,1,2HKYF18435H5,17,37,421,2005,15,3,15,0,1,F,1,2007,5,9999,9,5,1,56,1,0,0,995,0,0,0,43015,9,9,2,4,5,2,2,1,1,1,3,1,0,0,1,1,0,0,9,0,11,2,15,99,1,2,4,J,68,0,0,0,0,0,0,0,0,0,0,135,0,0,0,0,1,3,9,-8,-3,10627,998,-78,10,0,4,0,0,0,0,0,995,9.8,998,998,998,99.8,99.8,99.8,823.429251677615,5,3
10074,23,49,1-23-2018-049-07,7,2,KNADH4A32B69,17,63,32,2011,4,1,1,0,1,F,1,1104,5,0,1,1,1,56,1,0,0,995,0,0,0,43015,1,2,2,4,5,1,2,1,1,1,0,3,0,0,1,1,0,0,1,0,1,4,62,1,1,1,4,J,69,0,0,0,0,0,0,0,0,0,0,0,135,0,0,0,1,3,16,-14,8,11832,998,62,14,0,4,1,1,0,0,0,995,9.8,998,998,998,99.8,99.8,99.8,823.429251677615,5,3
10077,52,22,1-52-2018-022-09,9,1,2MEFM75W51X6,17,14,6,2001,4,1,5,99,1,R,2,1795,5,0,1,1,1,40,1,0,0,995,0,0,0,59105,9,9,2,4,2,1,2,1,1,1,0,0,0,0,1,8,0,0,1,0,1,2,17,1,1,1,5,L,87,0,0,0,0,0,0,0,0,0,0,50,320,0,0,0,1,1,28,-10,-26,97896,998,35,36,0,1,2,5,0,4,0,995,9.8,998,998,998,99.8,99.8,99.8,2707.25436813,12,3
10077,52,22,1-52-2018-022-09,9,2,1GKEK63UX5J1,17,23,421,2005,15,3,15,0,1,F,1,2649,5,0,1,1,1,40,1,0,0,995,0,0,0,59105,9,9,2,4,2,1,2,1,1,1,0,0,0,0,1,8,0,0,1,0,1,4,66,1,1,1,5,L,86,0,0,0,0,0,0,0,0,0,0,320,50,0,0,0,1,1,20,-18,7,13504,998,86,10,0,1,0,0,0,0,0,995,9.8,998,998,998,99.8,99.8,99.8,2707.25436813,12,3
10078,24,32,1-24-2018-032-10,10,1,3N1AB61E47L6,17,35,43,2007,4,1,3,0,1,F,1,1353,5,9999,9,0,0,72,1,0,0,995,0,0,0,07660,9,9,2,4,3,2,2,2,1,1,1,2,0,0,2,2,1,2,9,0,11,2,15,99,1,1,4,J,68,0,0,0,0,0,0,0,0,0,0,125,285,0,0,0,1,3,17,-17,0,14094,998,0,16,0,4,95,95,95,95,0,995,9.8,998,998,998,99.8,99.8,99.8,6334.43430837551,1,3
10078,24,32,1-24-2018-032-10,10,2,2T1BB02E9VC1,17,49,32,1997,4,1,1,0,1,F,1,1045,5,0,1,1,1,72,1,0,0,995,0,0,0,08360,1,2,2,4,3,2,2,2,1,1,1,2,0,0,2,2,1,2,1,0,1,4,62,1,1,1,4,J,69,0,0,0,0,0,0,0,0,0,0,285,125,0,0,0,1,3,20,-19,-7,21538,998,-64,20,0,4,1,1,0,0,0,995,9.8,998,998,998,99.8,99.8,99.8,6334.43430837551,1,3
10079,24,33,1-24-2018-033-06,6,1,2C3CDXAG5CH2,17,7,24,2012,4,1,5,0,1,R,1,1797,5,0,1,1,1,80,1,0,0,995,0,0,0,08205,1,2,2,2,4,2,2,1,1,1,1,1,0,0,1,1,1,2,1,1,15,2,11,1,1,2,2,F,46,0,0,0,0,0,0,0,0,0,0,155,150,0,0,0,1,3,6,-5,-4,8126,998,-40,10,0,1,0,0,0,4,0,995,9.8,998,998,998,99.8,99.8,99.8,329.61512554822,1,3
10079,24,33,1-24-2018-033-06,6,2,1N4AL11D66N4,17,35,47,2006,4,1,4,0,1,L,1,1378,5,0,1,4,1,80,1,0,0,995,0,0,0,08234,1,1,2,2,6,1,2,1,1,1,0,1,0,0,1,1,1,2,1,0,1,4,60,1,1,1,2,F,45,1,2,2,5,7,1,1,2,1,5,150,155,0,0,0,1,3,8,5,7,4448,998,172,6,0,1,1,3,0,4,1,995,9.8,998,998,998,99.8,99.8,99.8,329.61512554822,1,3
10080,12,26,1-12-2018-026-04,4,1,1FMJU1HT7HEA,17,12,422,2017,15,3,15,0,1,R,1,2652,5,0,1,1,1,89,1,0,0,995,0,0,0,73546,1,2,2,1,3,2,2,1,1,1,1,1,0,2,3,1,1,2,1,0,1,4,66,1,1,1,5,L,87,0,0,0,0,0,0,0,0,0,0,255,170,0,0,0,1,1,6,-3,-6,7675,998,-76,7,0,1,0,0,0,0,0,995,9.8,998,998,998,99.8,99.8,99.8,3238.84837269548,9,3
10080,12,26,1-12-2018-026-04,4,2,1HGCM563X4A0,17,37,32,2004,4,1,3,0,1,F,1,1389,5,0,2,1,1,72,1,0,0,995,0,0,0,73448,7,1,2,4,5,2,2,1,1,1,1,1,0,0,3,1,1,2,1,0,1,4,66,1,1,1,5,L,86,0,0,0,0,0,0,0,0,0,0,170,255,0,0,0,1,1,13,-11,6,14665,998,131,12,0,1,1,2,0,6,0,995,9.8,998,998,998,99.8,99.8,99.8,3238.84837269548,9,3
10082,32,56,1-32-2018-056-09,9,1,1FTSX20545EA,17,12,481,2005,34,5,31,0,1,R,3,2369,5,9999,9,0,1,80,1,0,0,995,0,0,0,75224,9,9,2,1,4,4,1,1,1,1,1,2,0,0,3,1,0,0,9,0,11,2,15,99,1,1,4,J,68,0,0,0,0,0,0,0,0,0,0,60,315,0,0,0,1,3,46,-23,-40,374035,998,62,60,0,4,99,99,0,0,0,995,9.8,998,998,998,99.8,99.8,99.8,6150.84946447836,7,3
10082,32,56,1-32-2018-056-09,9,2,5FNYF18514B0,17,37,421,2004,15,3,15,0,1,F,3,2007,5,0,1,1,1,80,1,0,8,997,8,0,3,75060,3,2,2,1,4,2,1,1,1,2,3,3,0,0,3,1,0,0,1,0,1,4,62,1,1,1,4,J,69,0,0,0,0,0,0,0,0,0,0,315,60,0,0,0,1,3,52,-49,18,125177,998,73,35,0,4,2,5,0,4,0,995,9.8,998,998,998,99.8,99.8,99.8,6150.84946447836,7,3
10083,32,57,1-32-2018-057-08,8,1,1G1YY32G6251,17,20,4,2002,2,1,3,0,1,F,3,1469,5,0,1,1,1,48,1,1,1,230,2,0,2,75287,1,1,2,1,3,1,1,1,3,1,1,1,0,0,3,8,1,2,9,1,11,2,13,2,9,4,1,A,1,0,0,0,0,0,0,0,0,0,0,998,998,0,0,1,1,1,65,-65,0,264923,998,5,65,0,4,2,9,0,3,0,998,9.9,78,78,120,3.4,2.2,3.9,792.457052460056,7,3
10083,32,57,1-32-2018-057-08,8,2,3FA6P0G75JR1,17,12,23,2018,4,1,4,0,1,T,1,1575,8,0,1,2,0,48,1,0,0,995,0,0,0,75220,9,9,2,1,2,1,1,1,1,4,1,0,0,0,3,8,1,2,9,0,5,8,98,1,1,1,6,M,98,0,0,0,0,0,0,0,0,0,0,998,998,0,0,0,3,7,999,999,999,9999999,999,999,999,6,0,95,95,95,95,0,998,9.8,998,998,998,99.8,99.8,99.8,792.457052460056,7,3
10084,32,58,1-32-2018-058-05,5,1,2G1FE1E37D91,17,20,9,2013,2,1,4,0,1,T,2,1700,5,0,1,1,1,113,1,0,8,997,8,0,0,75236,2,9,1,3,5,3,2,2,1,4,1,3,0,0,1,2,0,0,9,1,1,1,6,2,3,4,1,A,2,1,3,2,2,1,4,61,1,2,15,997,997,0,1,0,1,6,999,999,999,9999999,999,999,999,7,0,1,3,0,4,3,997,9.8,998,998,998,99.8,99.8,99.8,91.3446208780574,7,3
10086,16,48,1-16-2018-048-03,3,1,1HGCM72603A0,17,37,32,2003,2,1,3,0,1,F,1,1365,5,9999,9,0,1,56,1,0,0,995,0,0,0,45015,9,9,2,4,4,2,1,1,1,4,3,2,0,0,1,1,1,2,9,0,1,2,17,99,1,1,4,K,83,0,0,0,0,0,0,0,0,0,0,90,310,0,0,0,1,3,9,-9,-2,2661,998,-38,7,0,4,0,0,0,0,0,995,9.8,998,998,998,99.8,99.8,99.8,168.491793221309,5,3
10086,16,48,1-16-2018-048-03,3,2,WVWBW8AH4FV0,17,30,51,2015,1,1,2,0,1,L,1,1586,5,0,1,1,1,56,1,0,0,995,0,0,0,45215,1,2,2,3,2,2,1,1,1,1,1,2,0,0,1,1,1,2,1,0,11,4,66,1,1,1,4,K,82,0,0,0,0,0,0,0,0,0,0,310,90,0,0,0,1,3,8,-7,4,6978,998,-13,10,0,4,1,1,0,6,0,995,9.8,998,998,998,99.8,99.8,99.8,168.491793221309,5,3
10087,16,49,1-16-2018-049-07,7,1,JTDKN3DU5A00,17,49,46,2010,5,1,3,0,1,L,1,1380,5,0,1,1,1,56,1,0,0,995,0,0,0,45247,1,2,2,3,3,1,2,1,1,1,3,0,0,0,1,1,0,0,9,0,11,2,15,99,1,1,4,J,72,0,0,0,0,0,0,0,0,0,0,75,160,0,0,0,1,5,999,999,999,9999999,999,999,17,2,0,0,0,0,0,0,995,9.8,998,998,998,99.8,99.8,99.8,763.929538212304,5,3
10087,16,49,1-16-2018-049-07,7,2,999999999999,99,99,399,9999,9,1,9,99,1,F,9,9999,9,9999,9,0,0,56,1,9,9,998,8,9,9,99999,9,9,2,3,3,2,2,1,1,1,3,3,0,0,1,1,0,0,9,0,1,4,61,99,1,1,4,J,73,0,0,0,0,0,0,0,0,0,0,160,75,0,0,0,1,0,999,999,999,9999999,999,999,999,9,0,95,95,95,95,0,995,9.8,998,998,998,99.8,99.8,99.8,763.929538212304,5,3
10088,16,50,1-16-2018-050-08,8,1,JM3LW28A5505,17,41,441,2005,20,4,20,0,1,R,1,1691,5,0,1,1,1,56,1,0,0,995,0,0,0,45214,2,2,0,4,4,2,2,1,1,1,3,2,0,0,1,1,0,0,3,1,1,2,11,8,1,2,2,F,44,0,0,0,0,0,0,0,0,0,0,160,140,0,0,0,1,8,999,999,999,9999999,999,999,999,6,0,2,5,0,3,0,995,0.0,120,0,120,4.5,5.9,3.6,95.0636046006648,5,3
10088,16,50,1-16-2018-050-08,8,2,1FTFX1EFXHKC,17,12,481,2017,34,5,31,0,1,L,1,2217,5,0,1,2,0,56,1,0,0,995,0,0,0,46573,9,9,0,4,4,1,2,1,1,1,0,3,0,0,1,1,0,0,1,0,1,4,60,1,1,1,2,F,45,0,0,0,0,0,0,0,0,0,0,140,160,0,0,0,1,8,999,999,999,9999999,999,999,999,6,0,95,95,95,95,0,995,9.8,998,998,998,99.8,99.8,99.8,95.0636046006648,5,3
10090,10,26,1-10-2018-026-08,8,1,1FAFP53U15A1,17,12,17,2005,4,1,3,0,1,R,9,1500,5,9999,9,0,0,56,1,0,0,995,0,0,0,45426,9,9,2,4,6,3,2,1,1,1,1,1,0,0,1,8,1,2,1,0,11,2,15,1,1,1,4,J,68,0,0,0,0,0,0,0,0,0,0,270,165,0,0,0,1,0,999,999,999,9999999,999,999,999,9,0,95,95,95,95,0,995,9.8,998,998,998,99.8,99.8,99.8,30.2917677427297,4,3
10090,10,26,1-10-2018-026-08,8,2,1G4HR52K6VH4,17,18,2,1997,4,1,4,0,1,F,2,1555,5,0,1,1,1,56,1,0,0,995,0,0,0,45429,1,2,2,4,6,2,2,1,1,1,1,1,0,0,1,8,1,2,1,0,1,4,62,99,1,1,4,J,69,0,0,0,0,0,0,0,0,0,0,998,998,0,0,1,2,1,33,-33,-6,69600,998,-5,33,0,4,1,1,0,4,0,998,9.9,999,999,999,99.9,99.9,99.9,30.2917677427297,4,3
10092,66,18,1-66-2018-018-04,4,1,1FADP3F22HL3,17,12,37,2017,4,1,3,0,1,F,1,1340,5,0,1,1,1,64,1,9,0,995,0,7,9,65605,1,2,2,4,2,1,2,1,1,4,0,0,0,0,2,8,2,2,1,1,1,2,13,2,1,4,1,A,1,0,0,0,0,0,0,0,0,0,0,998,998,0,0,7,1,8,999,999,999,9999999,999,999,999,6,0,0,0,0,0,0,998,0.0,27,27,120,0.8,0.2,0.9,385.42106832643,6,3
10093,14,25,1-14-2018-025-07,7,1,1NXBU4EE8AZ2,17,49,32,2010,4,1,2,0,1,L,1,1279,5,0,1,1,1,89,1,0,0,995,0,0,0,78133,1,2,0,4,3,1,2,2,1,1,1,3,0,0,1,2,0,0,1,0,1,6,87,1,1,1,1,C,13,0,0,0,0,0,0,0,0,0,0,998,998,0,0,0,1,10,999,999,999,9999999,999,-45,10,2,0,1,1,0,0,0,998,9.8,998,998,998,99.8,99.8,99.8,12655.6133112312,8,3
10095,28,28,1-28-2018-028-10,10,1,1D7HU18298S5,17,7,482,2008,34,5,31,0,1,F,1,2402,5,0,1,1,1,89,1,0,0,995,0,0,0,16942,1,2,0,4,2,1,2,1,3,1,1,2,0,0,4,1,0,0,1,1,14,6,89,4,1,4,1,A,3,0,0,0,0,0,0,0,0,0,0,998,998,0,0,0,1,1,16,-16,0,28764,998,76,16,0,4,0,0,0,0,0,998,2.4,120,40,85,17.6,2.1,17.7,64.9806579168653,3,3
10097,59,30,1-59-2018-030-10,10,1,1GKS2CE07ER2,17,23,421,2014,15,3,15,0,1,R,1,2480,5,9999,9,4,0,48,1,0,0,995,0,0,0,07940,9,9,0,4,6,2,2,1,1,1,3,3,0,0,1,1,0,0,9,1,15,2,11,99,1,2,2,F,46,0,0,0,0,0,0,0,0,0,0,20,0,0,0,0,1,3,6,0,-6,2300,998,8,5,0,4,95,95,95,95,0,995,0.1,6,6,120,0.7,0.9,1.0,4913.64141861353,6,3
10097,59,30,1-59-2018-030-10,10,2,JTDKB20U3833,17,49,46,2008,5,1,3,0,1,L,1,1335,5,0,1,1,1,48,1,0,0,995,0,0,0,46143,1,2,0,4,6,1,2,1,1,1,0,3,0,0,1,1,0,0,1,0,1,4,60,2,1,1,2,F,45,0,0,0,0,0,0,0,0,0,0,0,20,0,0,0,1,3,10,-3,10,6932,998,25,11,0,4,1,3,0,6,0,995,9.8,998,998,998,99.8,99.8,99.8,4913.64141861353,6,3