CASEID,PSU,CASENO,CASENUMBER,CATEGORY,VEHNO,VIN,VINLENGTH,MAKE,MODEL,MODELYR,BODYTYPE,BODYCAT,VEHCLASS,SPECUSE,TRANSTAT,DAMPLANE,DAMSEV,CURBWT,CURBSRC,CARGOWT,CARGOSRC,INSPTYPE,TOWSTAT,SPEEDLIMIT,DRPRESENT,PARALCOHOL,ALCTEST,ALCTESTRESULT,ALCTESTSRC,PARDRUG,DRUGTEST,ZIP,RACE,ETHNICITY,RELTOJUNCT,TRAFFLOW,RDLANES,INITLANE,SURFTYPE,SURFCOND,ALIGNMENT,PROFILE,LINERIGHT,LINELEFT,RUMBINIT,RUMBROAD,LIGHTCOND,WEATHER,TRAFDEV,TRAFFUNCT,DISTRACT,PREFHE,PREMOVE,CRITCAT,CRITEVENT,MANEUVER,PRESTAB,PRELOC,CRASHCAT,CRASHCONF,CRASHTYPE,ROLLTYPE,ROLLTURN,ROLLINTRPT,ROLLPREMAN,ROLLINITYP,ROLLINLOC,ROLLOBJ,ROLLTRIP,ROLLDIR,ROLLDIST,DVANGTHIS,DVANGOTH,TOWHITCH,TRAJDOC,TREEPOLE,DVEVENT,DVBASIS,DVTOTAL,DVLONG,DVLAT,DVENERGY,DVSPEED,DVMOMENT,DVBES,DVEST,DVCONF,VAIS,VISS,VINJURED,VTREAT,INITOBJCLASS,HEADANGLECAT,SHLDRWIDTH,STRKLENGTH,STRKWIDTH,STRKHEIGHT,EDGEDISTX,EDGEDISTY,EDGEDISTZ,CASEWGT,PSUSTRAT,VERSION
10174,12,28,1-12-2018-028-04,4,1,1GCNCPEH0EZ3,17,20,481,2014,34,5,30,0,1,F,1,2071,5,0,1,1,1,56,1,0,0,995,0,0,0,73401,2,2,2,4,4,2,2,1,1,1,3,2,0,0,1,1,0,0,1,0,1,3,52,4,1,1,2,D,28,0,0,0,0,0,0,0,0,0,0,175,170,0,0,0,1,1,21,-21,0,21369,998,16,16,0,1,0,0,0,0,0,995,9.8,998,998,998,99.8,99.8,99.8,1248.26246949379,9,3
10174,12,28,1-12-2018-028-04,4,2,3N1AB61E37L6,17,35,43,2007,4,1,3,0,1,B,2,1353,5,0,1,1,1,56,1,0,0,995,0,0,0,73448,7,1,2,4,4,2,2,1,1,1,3,2,0,0,1,1,0,0,1,0,2,3,53,1,1,1,2,D,30,0,0,0,0,0,0,0,0,0,0,170,175,0,0,0,1,1,30,30,0,68635,998,-19,34,0,1,2,5,0,4,0,995,9.8,998,998,998,99.8,99.8,99.8,1248.26246949379,9,3
10175,27,27,1-27-2018-027-03,3,1,5N1AT2MV1HC7,17,35,51,2017,6,1,3,0,1,F,1,1610,5,0,1,1,1,64,1,8,9,998,8,7,9,01225,1,2,0,4,5,2,2,1,1,1,3,2,0,0,1,1,6,2,9,0,1,3,50,4,1,1,2,D,20,0,0,0,0,0,0,0,0,0,0,205,205,0,0,0,1,3,17,-17,0,15186,998,-11,15,0,4,2,4,0,4,0,995,9.8,998,998,998,99.8,99.8,99.8,134.724304570554,3,3
10175,27,27,1-27-2018-027-03,3,2,4S4BSADC4J32,17,48,34,2018,6,1,3,0,1,B,1,1614,5,0,1,4,0,64,1,8,9,998,8,7,9,01201,9,9,0,4,5,2,2,1,1,1,3,2,0,0,1,1,6,2,1,0,5,3,52,1,1,1,2,D,21,0,0,0,0,0,0,0,0,0,0,205,205,0,0,0,1,3,17,17,0,21140,998,0,18,0,4,95,95,95,95,0,995,9.8,998,998,998,99.8,99.8,99.8,134.724304570554,3,3
10176,17,52,1-17-2018-052-06,6,1,1GTR2VEA9BZ1,17,23,481,2011,34,5,31,0,1,F,1,2408,5,0,1,2,0,64,1,9,0,995,0,9,0,61265,9,9,3,4,2,1,1,1,3,1,0,4,0,0,1,1,0,0,9,0,14,3,52,99,1,1,2,D,28,0,0,0,0,0,0,0,0,0,0,300,310,0,0,0,1,1,14,-14,0,20352,998,66,14,0,4,95,95,95,95,0,995,9.8,998,998,998,99.8,99.8,99.8,308.923490884858,4,3
10176,17,52,1-17-2018-052-06,6,2,1FAHP35N19W2,17,12,37,2009,4,1,2,0,1,B,1,1189,5,46,1,1,1,64,1,9,0,995,0,9,0,65616,1,1,3,4,2,1,1,1,3,1,0,4,0,0,1,1,0,0,1,0,2,3,53,1,1,1,2,D,31,0,0,0,0,0,0,0,0,0,0,310,300,0,0,0,1,1,23,23,-4,35321,998,67,23,0,1,3,9,1,3,0,995,0.0,999,999,999,4.9,3.0,5.8,308.923490884858,4,3
10177,17,53,1-17-2018-053-02,2,1,5FNRL5H92EB0,17,37,441,2014,20,4,20,0,1,R,9,2030,5,0,2,0,1,48,1,9,0,995,0,9,0,61264,1,2,2,4,3,1,2,1,1,1,0,1,0,0,1,1,1,2,2,0,1,2,17,1,1,1,5,L,87,0,0,0,0,0,0,0,0,0,0,320,250,0,0,0,1,0,999,999,999,9999999,999,999,999,9,0,1,1,0,0,0,995,9.8,998,998,998,99.8,99.8,99.8,63.3469708223775,4,3
10177,17,53,1-17-2018-053-02,2,2,1FM5K8AR8FGB,17,12,401,2015,14,3,14,5,1,F,1,2067,5,90,1,1,1,48,1,9,0,995,0,9,0,61265,1,2,2,3,2,1,2,1,1,1,1,3,0,0,1,1,1,2,1,0,1,4,66,4,1,1,5,L,86,0,0,0,0,0,0,0,0,0,0,250,320,0,0,0,1,5,999,999,999,9999999,999,999,16,2,0,1,2,0,4,0,995,9.8,998,998,998,99.8,99.8,99.8,63.3469708223775,4,3
10178,17,54,1-17-2018-054-06,6,1,1GTEK14T4YZ1,17,23,481,2000,34,5,30,0,1,R,2,1920,5,0,1,1,1,89,1,9,0,995,0,9,0,61273,1,2,2,1,3,3,1,1,1,1,1,2,0,0,1,1,1,2,2,0,11,2,15,1,1,1,4,J,68,1,1,2,5,7,1,2,2,2,4,120,10,0,0,0,1,1,39,-20,-34,186285,998,18,48,0,4,1,2,0,4,1,995,9.8,998,998,998,99.8,99.8,99.8,308.923490979069,4,3
10178,17,54,1-17-2018-054-06,6,2,1GKKVRED6BJ1,17,23,8,2011,6,1,5,0,1,F,2,2234,5,0,1,1,1,89,1,9,0,995,0,9,0,61264,1,2,2,1,3,2,1,1,1,1,3,1,0,0,1,1,1,2,1,0,1,4,62,1,1,1,4,J,69,0,0,0,0,0,0,0,0,0,0,10,120,0,0,0,1,1,34,-34,6,48881,998,39,23,0,1,1,1,0,6,0,995,9.8,998,998,998,99.8,99.8,99.8,308.923490979069,4,3
10181,13,59,1-13-2018-059-05,5,1,1G1AD5F56A71,17,20,22,2010,4,1,2,0,1,F,2,1261,5,0,1,1,1,56,1,0,0,995,0,0,0,76107,2,9,0,1,3,3,2,1,1,2,9,9,0,0,1,8,0,0,9,1,1,2,12,99,1,4,1,B,6,1,4,2,5,1,4,61,1,2,999,998,998,0,0,6,2,10,999,999,999,9999999,999,999,999,7,0,9,97,0,8,3,998,0.2,120,10,10,22.8,2.0,23.5,90.5723376750883,7,3
10182,33,51,1-33-2018-051-02,2,1,4S3BH6657376,17,48,34,2003,6,1,3,0,1,L,1,1617,5,0,1,1,1,999,1,0,0,995,0,0,0,95973,1,2,2,4,2,1,2,1,1,1,0,0,0,0,1,1,2,2,2,0,11,2,15,1,1,1,4,K,82,0,0,0,0,0,0,0,0,0,0,10,140,0,0,0,1,1,21,-18,10,5412,998,-11,9,0,4,2,9,0,4,0,995,9.8,998,998,998,99.8,99.8,99.8,55.9627288395574,12,3
10182,33,51,1-33-2018-051-02,2,2,3N63M0YN6HK6,17,20,445,2017,20,4,20,0,1,F,1,1475,5,9999,9,1,1,56,1,0,0,995,0,0,0,95928,1,9,2,5,5,2,2,1,1,1,3,2,0,0,1,1,0,0,9,0,1,4,67,4,1,1,4,K,83,0,0,0,0,0,0,0,0,0,0,140,10,0,0,0,1,1,23,-22,-8,63467,998,-74,29,0,4,1,1,0,4,0,995,9.8,998,998,998,99.8,99.8,99.8,55.9627288395574,12,3
10183,21,43,1-21-2018-043-02,2,1,1HGCR2F75FA1,17,37,32,2015,4,1,4,0,1,F,1,1496,5,0,2,1,1,113,1,0,1,0,2,0,1,92056,1,2,0,1,2,1,2,1,3,9,1,3,2,3,1,1,0,0,9,1,14,8,98,99,1,4,1,A,1,0,0,0,0,0,0,0,0,0,0,998,998,0,1,0,1,1,12,-12,0,9813,998,33,12,0,4,3,17,1,3,0,998,3.2,120,5,120,85.5,28.0,90.0,67.3058228864462,11,3
10184,18,28,1-18-2018-028-10,10,1,1GCFG25W5111,17,20,461,2001,21,4,21,0,1,F,1,2188,5,0,1,1,1,105,1,0,0,995,0,0,0,54481,3,2,0,1,2,1,2,1,1,1,1,3,2,3,4,1,0,0,1,0,1,6,87,1,1,1,1,C,13,0,0,0,0,0,0,0,0,0,0,998,998,0,0,0,1,10,999,999,999,9999999,999,-15,13,2,0,0,0,0,0,0,998,9.8,998,998,998,99.8,99.8,99.8,10627.9477362627,6,3
10185,18,29,1-18-2018-029-01,1,1,1J4GL48K64W2,17,2,405,2004,14,3,14,0,1,R,3,1735,5,0,1,1,1,89,1,1,1,181,2,0,2,54727,1,2,3,4,2,1,2,1,1,1,0,2,0,0,3,1,0,0,3,0,11,2,15,1,1,1,4,J,68,1,1,2,1,1,2,61,1,2,5,35,275,0,0,0,1,1,42,-37,-21,179646,998,64,44,0,3,3,14,2,1,3,995,9.8,998,998,998,99.8,99.8,99.8,80.1280895353133,6,3
10185,18,29,1-18-2018-029-01,1,2,1B4HS28N21F5,17,7,402,2001,14,3,14,0,1,F,2,2085,5,0,1,1,1,89,1,1,8,997,8,0,0,54727,1,2,3,4,2,1,2,1,1,1,1,2,0,0,3,1,0,0,1,0,1,4,62,2,1,1,4,J,69,0,0,0,0,0,0,0,0,0,0,275,35,0,0,0,1,1,38,-33,19,163564,998,105,36,0,1,1,1,0,0,0,995,9.8,998,998,998,99.8,99.8,99.8,80.1280895353133,6,3
10186,22,28,1-22-2018-028-04,4,1,JTMBFREV3FJ0,17,49,402,2015,14,3,14,0,1,F,1,1600,5,0,1,1,1,89,1,0,0,995,0,0,0,99403,2,2,0,4,2,1,2,1,1,1,1,2,1,1,2,1,0,0,1,0,1,6,87,1,1,1,1,C,13,0,0,0,0,0,0,0,0,0,0,998,998,0,0,0,1,10,999,999,999,9999999,999,75,12,2,0,0,0,0,0,0,998,9.8,998,998,998,99.8,99.8,99.8,195.98772934528,12,3
10187,22,29,1-22-2018-029-03,3,1,WDBRF40J64F5,17,42,42,2004,4,1,3,0,1,F,1,1445,5,0,1,1,1,56,1,0,0,995,0,0,0,83607,1,2,2,5,2,1,2,1,1,1,0,0,0,0,1,1,2,2,1,0,11,2,17,2,1,1,4,K,82,0,0,0,0,0,0,0,0,0,0,230,340,0,0,0,1,1,13,-10,9,13812,998,94,12,0,1,0,0,0,0,0,995,9.8,998,998,998,99.8,99.8,99.8,57.4296708059899,12,3
10187,22,29,1-22-2018-029-03,3,2,1FMCU9G94EUA,17,12,402,2014,14,3,14,0,1,F,1,1635,5,0,1,1,1,56,1,0,0,995,0,0,0,83843,1,2,3,5,5,2,2,1,1,1,3,2,0,0,1,1,0,0,1,0,1,4,71,3,1,1,4,K,83,0,0,0,0,0,0,0,0,0,0,340,230,0,0,0,1,1,12,-10,-6,13852,998,-63,13,0,4,0,0,0,0,0,995,9.8,998,998,998,99.8,99.8,99.8,57.4296708059899,12,3
10189,20,55,1-20-2018-055-08,8,1,1HGEJ6504TL0,17,37,31,1996,4,1,2,0,1,F,3,1051,5,0,1,1,1,89,1,0,1,0,2,0,0,93906,9,1,0,4,3,1,2,1,1,1,1,2,3,3,1,8,0,0,1,1,6,3,51,2,2,1,2,D,24,0,0,0,0,0,0,0,0,0,0,315,315,0,0,0,1,5,999,999,999,9999999,999,999,52,4,0,3,10,1,3,0,995,9.8,998,998,998,99.8,99.8,99.8,174.762875299141,11,3
10189,20,55,1-20-2018-055-08,8,2,1FV6HJAC0XHB,17,82,881,1999,62,8,60,0,1,B,9,,,,,,0,89,1,0,0,995,0,0,0,95012,9,9,0,4,3,1,2,1,1,1,1,2,3,3,1,8,0,0,9,0,1,3,53,1,1,1,2,D,25,,,,,,,,,,,,,,,,,,,,,,,,,,,95,95,95,95,,,9.8,998,998,998,99.8,99.8,99.8,174.762875299141,11,3
10190,20,56,1-20-2018-056-02,2,1,3VW167AJ7GM2,17,30,40,2016,4,1,3,0,1,F,3,1364,5,0,1,1,1,105,1,0,1,0,2,1,2,93927,9,1,0,2,2,1,2,1,1,9,1,3,2,3,2,1,0,0,3,0,1,3,51,99,1,1,2,D,24,0,0,0,0,0,0,0,0,0,0,130,130,0,0,0,1,5,999,999,999,9999999,999,999,47,4,0,3,17,1,3,0,995,9.8,998,998,998,99.8,99.8,99.8,26.8025465982331,11,3
10190,20,56,1-20-2018-056-02,2,2,999999999999,99,87,898,1980,66,8,68,0,1,B,9,,,,,,0,105,1,0,0,995,0,0,0,93905,9,9,0,2,2,1,2,1,1,9,1,3,2,3,2,1,0,0,1,0,1,3,53,1,1,1,2,D,25,,,,,,,,,,,,,,,,,,,,,,,,,,,95,95,95,95,,,9.8,998,998,998,99.8,99.8,99.8,26.8025465982331,11,3
10191,20,57,1-20-2018-057-06,6,1,999999999999,99,7,482,9999,39,5,39,99,1,F,9,9999,9,9999,9,0,0,64,1,9,0,995,0,9,0,99999,9,9,2,4,4,2,2,1,1,1,1,3,0,0,1,1,1,2,9,0,1,2,17,99,1,1,5,L,88,0,0,0,0,0,0,0,0,0,0,999,105,0,0,0,99,0,999,999,999,9999999,999,999,999,9,0,95,95,95,95,0,995,9.8,998,998,998,99.8,99.8,99.8,413.454289219757,11,3
10191,20,57,1-20-2018-057-06,6,2,1FMCU0HX9DUA,17,12,402,2013,14,3,14,0,1,L,1,1588,5,0,2,1,1,56,1,0,0,995,0,0,0,93955,1,2,2,4,4,2,2,1,1,1,1,1,0,0,1,1,1,2,1,0,1,4,66,4,1,1,5,L,89,0,0,0,0,0,0,0,0,0,0,105,999,0,0,0,1,1,14,0,14,13542,998,-41,14,0,4,0,0,0,0,0,995,9.8,998,998,998,99.8,99.8,99.8,413.454289219757,11,3
10196,30,33,1-30-2018-033-02,2,1,1B4HS28Z3YF2,17,7,402,2000,14,3,14,0,1,F,1,2086,5,0,1,1,1,64,1,0,0,995,0,0,0,85303,1,1,2,1,4,4,2,1,1,1,1,0,0,0,1,1,1,2,1,0,11,2,15,3,1,1,4,J,68,0,0,0,0,0,0,0,0,0,0,10,240,0,0,0,1,1,19,-18,-7,91636,998,-90,28,0,4,1,1,0,5,0,995,9.8,998,998,998,99.8,99.8,99.8,53.8243525674757,10,3
10196,30,33,1-30-2018-033-02,2,2,ML32A3HJ6FH0,17,52,48,2015,5,1,1,0,1,L,3,895,5,0,1,1,1,64,1,0,0,995,0,0,0,85345,9,9,2,1,4,3,2,1,1,1,3,1,0,0,1,1,1,2,9,0,1,4,62,99,1,1,4,J,69,0,0,0,0,0,0,0,0,0,0,240,10,0,0,0,1,1,43,-37,22,23569,998,-26,24,0,4,3,10,1,3,0,995,9.8,998,998,998,99.8,99.8,99.8,53.8243525674757,10,3
10197,13,60,1-13-2018-060-02,2,1,2C3CDXBG7FH8,17,7,24,2015,4,1,5,0,1,F,3,1886,5,0,1,1,1,72,1,0,1,302,2,0,2,76120,2,2,2,4,4,2,2,1,1,5,5,5,0,0,3,1,0,0,9,1,1,2,10,99,1,2,3,G,50,0,0,0,0,0,0,0,0,0,0,85,265,0,0,0,1,3,42,-39,14,164156,998,35,45,0,4,2,5,0,3,0,995,9.8,998,998,998,99.8,99.8,99.8,57.3455209884028,7,3
10197,13,60,1-13-2018-060-02,2,2,1HGCG5659WA1,17,37,32,1998,4,1,3,0,1,F,3,1355,5,9999,9,0,1,72,1,0,1,0,2,0,2,99999,2,9,2,4,4,2,2,1,1,5,5,5,0,0,3,1,0,0,9,0,1,4,62,99,1,1,3,G,51,0,0,0,0,0,0,0,0,0,0,265,85,0,0,0,1,3,58,-55,20,214401,998,74,55,0,4,3,14,1,3,0,995,9.8,998,998,998,99.8,99.8,99.8,57.3455209884028,7,3
10199,13,61,1-13-2018-061-02,2,1,4T1BF3EKXBU7,17,49,40,2011,4,1,4,0,1,F,9,1500,5,9999,9,0,1,48,1,0,0,995,0,0,0,76115,2,9,2,4,2,1,1,1,1,4,0,0,0,0,1,1,2,2,9,1,1,2,10,99,1,2,3,I,64,0,0,0,0,0,0,0,0,0,0,65,270,0,0,0,1,0,999,999,999,9999999,999,999,999,9,0,0,0,0,0,0,995,9.8,998,998,998,99.8,99.8,99.8,57.3455209884028,7,3
10199,13,61,1-13-2018-061-02,2,2,2HGFB2F96FH5,17,37,31,2015,4,1,3,0,1,L,1,1258,5,0,1,4,1,48,1,0,0,995,0,0,0,76115,3,2,2,4,2,1,1,1,1,2,0,0,0,0,1,1,2,2,9,0,5,4,62,99,1,1,3,I,65,0,0,0,0,0,0,0,0,0,0,270,65,0,0,0,1,12,999,999,999,9999999,999,999,999,2,0,2,9,0,4,0,995,9.8,998,998,998,99.8,99.8,99.8,57.3455209884028,7,3
10199,13,61,1-13-2018-061-02,2,3,1FMJU1J55CEF,17,12,422,2012,15,3,15,0,1,F,9,2633,5,9999,9,0,0,48,1,0,0,995,0,0,0,88220,9,9,2,4,2,1,1,1,1,2,0,0,0,0,1,1,2,2,9,0,5,3,54,99,1,1,6,M,98,0,0,0,0,0,0,0,0,0,0,270,270,0,0,0,2,0,999,999,999,9999999,999,999,999,9,0,95,95,95,95,0,995,9.8,998,998,998,99.8,99.8,99.8,57.3455209884028,7,3
10216,24,36,1-24-2018-036-03,3,1,19UUB1F34GA0,17,54,44,2016,4,1,4,0,1,F,1,1579,5,0,1,1,1,64,1,0,0,995,0,0,0,08085,1,2,3,4,4,2,2,1,1,1,3,2,0,0,1,1,0,0,1,0,11,2,15,3,1,1,4,J,68,0,0,0,0,0,0,0,0,0,0,225,115,0,0,0,1,1,22,-14,-17,11832,998,-141,10,0,1,0,0,0,0,0,995,9.8,998,998,998,99.8,99.8,99.8,584.363547709851,1,3
10216,24,36,1-24-2018-036-03,3,2,3N1AB7AP5JL6,17,35,43,2018,4,1,3,0,1,F,2,1335,8,0,1,1,1,64,1,0,0,995,0,0,0,08037,1,2,3,4,4,1,2,1,1,1,1,3,0,0,1,1,0,0,1,0,1,4,62,4,1,1,4,J,69,0,0,0,0,0,0,0,0,0,0,115,225,0,0,0,1,1,26,-24,9,91799,998,67,37,0,4,1,1,0,4,0,995,0.9,32,32,120,8.9,2.2,9.0,584.363547709851,1,3
10216,24,36,1-24-2018-036-03,3,3,1HGCG16582A0,17,37,32,2002,4,1,3,0,1,L,1,1485,5,0,1,1,1,0,1,0,0,995,0,0,0,08360,9,9,3,4,2,1,2,1,1,1,0,0,0,0,1,1,0,0,9,0,5,4,66,1,1,1,6,M,98,0,0,0,0,0,0,0,0,0,0,45,135,0,0,0,2,8,999,999,999,9999999,999,999,999,6,0,0,0,0,0,0,995,9.8,998,998,998,99.8,99.8,99.8,584.363547709851,1,3
10217,12,29,1-12-2018-029-03,3,1,3VWJP7AT5CM6,17,30,47,2012,3,1,2,0,1,F,1,1333,5,9999,9,0,0,72,1,0,0,995,0,0,0,74033,9,9,2,1,3,1,2,1,1,4,1,3,0,0,1,1,1,2,9,0,1,3,50,1,1,1,2,D,20,0,0,0,0,0,0,0,0,0,0,70,75,0,0,0,1,3,11,-11,0,5378,998,0,10,0,4,95,95,95,95,0,995,9.8,998,998,998,99.8,99.8,99.8,406.907574432382,9,3
10217,12,29,1-12-2018-029-03,3,2,KMHCT5AE1EU1,17,55,36,2014,5,1,2,0,1,B,1,1195,5,0,1,1,1,72,1,0,0,995,0,0,0,73401,5,2,2,1,3,1,2,1,1,4,1,3,0,0,1,1,1,2,1,0,5,3,53,1,1,1,2,D,21,0,0,0,0,0,0,0,0,0,0,75,70,0,0,0,1,3,10,10,-2,7666,998,37,11,0,1,1,1,0,4,0,995,9.8,998,998,998,99.8,99.8,99.8,406.907574432382,9,3
10219,59,34,1-59-2018-034-05,5,1,1FAHP53U15A2,17,12,17,2005,4,1,3,0,1,F,1,1500,5,9999,9,0,0,72,1,0,0,995,0,0,0,47834,9,9,3,3,1,1,2,1,1,1,0,0,0,0,1,1,0,0,9,0,1,4,66,99,1,1,5,L,86,0,0,0,0,0,0,0,0,0,0,180,270,0,0,0,1,3,8,-8,1,2016,998,40,6,0,4,95,95,95,95,0,995,9.8,998,998,998,99.8,99.8,99.8,72.9590548704161,6,3
10219,59,34,1-59-2018-034-05,5,2,4S4BRCCC0A33,17,48,45,2010,6,1,3,0,1,R,1,1542,5,0,1,1,1,72,1,0,1,0,2,0,1,47885,9,9,3,4,4,1,2,1,1,1,1,3,0,0,1,1,0,0,9,0,1,4,71,99,1,1,5,L,87,1,4,2,5,7,1,1,2,1,25,997,997,0,0,0,2,6,999,999,999,9999999,999,999,999,6,0,1,1,0,4,1,997,9.8,998,998,998,99.8,99.8,99.8,72.9590548704161,6,3
10220,23,53,1-23-2018-053-07,7,1,1HGCG32512A0,17,37,32,2002,2,1,3,0,1,B,9,1367,5,9999,9,0,0,89,1,0,0,995,0,0,0,43061,9,9,0,4,2,1,2,1,1,1,1,4,0,0,1,1,0,0,9,0,2,3,53,99,1,1,2,D,29,0,0,0,0,0,0,0,0,0,0,235,230,0,0,0,1,0,999,999,999,9999999,999,999,999,9,0,95,95,95,95,0,995,9.8,998,998,998,99.8,99.8,99.8,534.532026986594,5,3
10220,23,53,1-23-2018-053-07,7,2,KL1TD56E29B3,17,20,39,2009,4,1,1,0,1,F,9,1148,5,9999,9,0,1,89,1,0,0,995,0,1,0,43344,1,2,0,4,2,1,2,1,1,1,1,4,0,0,1,1,0,0,3,0,1,3,52,3,1,1,2,D,28,0,0,0,0,0,0,0,0,0,0,230,235,0,0,0,1,0,999,999,999,9999999,999,999,999,9,0,0,0,0,0,0,995,9.8,998,998,998,99.8,99.8,99.8,534.532026986594,5,3
10221,23,54,1-23-2018-054-06,6,1,JHMZF1D63BS0,17,37,41,2011,3,1,1,0,1,F,9,1205,5,9999,9,0,0,89,1,0,0,995,0,0,0,43015,9,9,0,4,2,1,2,2,1,1,1,4,0,0,1,2,0,0,9,0,1,3,51,99,1,1,2,D,24,0,0,0,0,0,0,0,0,0,0,95,95,0,0,0,1,0,999,999,999,9999999,999,999,999,9,0,95,95,95,95,0,995,9.8,998,998,998,99.8,99.8,99.8,173.038468762413,5,3
10221,23,54,1-23-2018-054-06,6,2,1FMCU0DG5CKA,17,12,402,2012,14,3,14,0,1,B,9,1495,5,9999,9,5,1,89,1,0,0,995,0,0,0,43015,1,2,0,4,2,1,2,2,1,1,1,4,0,0,1,2,0,0,1,0,2,3,53,2,1,1,2,D,25,0,0,0,0,0,0,0,0,0,0,95,95,0,0,0,1,12,999,999,999,9999999,999,999,999,9,0,0,0,0,4,0,995,9.8,998,998,998,99.8,99.8,99.8,173.038468762413,5,3
10222,23,55,1-23-2018-055-10,10,1,2HNYD18813H5,17,54,421,2003,15,3,15,0,1,U,1,1992,5,0,1,1,1,72,1,0,0,995,0,0,0,45601,9,9,0,4,2,1,2,2,3,1,1,2,0,0,1,2,0,0,9,1,14,3,54,8,9,4,1,A,3,0,0,0,0,0,0,0,0,0,0,998,998,0,0,0,2,7,999,999,999,9999999,999,999,999,6,0,0,0,0,0,0,998,9.8,998,998,998,99.8,99.8,99.8,2723.61803258724,5,3
10223,28,30,1-28-2018-030-07,7,1,1FAHP36N99W2,17,12,37,2009,4,1,2,0,1,F,1,1189,5,0,1,1,1,89,1,0,0,995,0,0,0,17866,1,2,0,4,2,1,2,2,1,2,1,2,0,0,2,2,0,0,1,1,1,6,87,3,1,4,1,B,8,0,0,0,0,0,0,0,0,0,0,998,998,0,0,0,1,1,13,-13,0,8385,998,0,13,0,1,9,97,0,6,0,998,3.8,120,120,120,24.9,2.2,25.1,98.100790051997,3,3
10226,66,20,1-66-2018-020-07,7,1,3FADP4EJ0CM1,17,12,32,2012,5,1,1,0,1,R,1,1170,5,0,1,1,1,80,1,0,0,995,0,7,9,65723,1,2,2,4,2,1,2,1,1,1,0,0,0,0,1,8,0,0,1,0,1,4,66,1,1,1,5,L,87,0,0,0,0,0,0,0,0,0,0,270,180,0,0,0,1,1,23,-15,-18,33945,998,84,22,0,1,1,1,0,4,0,995,1.4,7,7,57,0.0,3.5,3.5,161.683460053957,6,3
10226,66,20,1-66-2018-020-07,7,2,1GTHK29U42Z3,17,23,481,2002,34,5,31,0,1,F,1,2579,5,0,1,1,1,80,1,0,9,998,8,7,9,65734,1,2,2,4,2,1,2,1,1,1,0,0,0,0,1,8,2,1,1,0,1,4,66,2,1,1,5,L,86,0,0,0,0,0,0,0,0,0,0,180,270,0,0,0,1,1,10,-8,7,26924,998,168,11,0,1,1,1,0,0,0,995,0.9,7,7,61,2.4,3.1,3.9,161.683460053957,6,3
10227,52,25,1-52-2018-025-05,5,1,1G1ZD5E75BF1,17,20,37,2011,4,1,4,0,1,R,1,1655,5,0,1,1,1,40,1,0,0,995,0,0,0,59101,5,9,2,4,3,2,2,1,1,1,3,2,0,0,1,1,1,2,9,0,1,2,17,99,1,1,5,L,87,0,0,0,0,0,0,0,0,0,0,145,65,0,0,0,1,1,24,-8,-22,41963,998,-9,24,0,1,1,3,0,4,0,995,9.8,998,998,998,99.8,99.8,99.8,32.0632301446832,12,3
10227,52,25,1-52-2018-025-05,5,2,1GNEK13Z43R2,17,20,421,2003,15,3,15,99,1,F,1,2284,5,0,1,1,1,40,1,0,0,995,0,0,0,59044,9,9,2,3,3,2,2,1,1,1,1,1,0,0,1,1,1,2,9,0,1,4,66,99,1,1,5,L,86,0,0,0,0,0,0,0,0,0,0,65,145,0,0,0,1,1,19,-16,9,50098,998,115,19,0,1,1,1,0,6,0,995,9.8,998,998,998,99.8,99.8,99.8,32.0632301446832,12,3
10228,32,62,1-32-2018-062-09,9,1,1FTRW07L41KC,17,12,481,2001,34,5,31,0,1,B,2,1916,5,0,1,1,1,64,1,0,0,995,0,0,0,75240,1,1,1,3,1,1,2,1,2,3,1,1,0,0,3,1,0,0,1,1,14,2,11,1,1,2,2,D,25,0,0,0,0,0,0,0,0,0,0,250,250,0,0,0,1,9,999,999,999,9999999,999,999,999,7,0,1,2,0,6,0,995,0.0,120,999,90,0.0,0.0,0.0,4397.00751068928,7,3
10228,32,62,1-32-2018-062-09,9,2,1NXBR12E7XZ1,17,49,32,1999,4,1,1,0,1,F,2,1095,5,0,1,1,1,64,1,8,0,995,0,7,0,75229,9,9,1,3,2,1,2,1,2,4,3,1,0,0,3,1,0,0,9,0,14,3,51,1,1,1,2,D,24,0,0,0,0,0,0,0,0,0,0,250,250,0,0,0,1,9,999,999,999,9999999,999,999,999,7,0,99,99,0,99,0,995,9.8,998,998,998,99.8,99.8,99.8,4397.00751068928,7,3
10230,32,64,1-32-2018-064-03,3,1,19UDE2F78HA0,17,54,41,2017,4,1,3,0,1,B,1,1415,5,0,1,1,1,72,1,0,0,995,0,0,0,75002,1,1,2,3,3,2,1,1,1,1,1,1,0,0,1,1,1,2,9,1,11,2,15,99,1,2,4,J,72,0,0,0,0,0,0,0,0,0,0,310,335,0,0,0,1,4,14,13,5,9415,998,-24,13,0,4,9,97,0,5,0,995,9.8,998,998,998,99.8,99.8,99.8,1004.06613295558,7,3