CASEID,PSU,CASENO,CASENUMBER,CATEGORY,VEHNO,VIN,VINLENGTH,MAKE,MODEL,MODELYR,BODYTYPE,BODYCAT,VEHCLASS,SPECUSE,TRANSTAT,DAMPLANE,DAMSEV,CURBWT,CURBSRC,CARGOWT,CARGOSRC,INSPTYPE,TOWSTAT,SPEEDLIMIT,DRPRESENT,PARALCOHOL,ALCTEST,ALCTESTRESULT,ALCTESTSRC,PARDRUG,DRUGTEST,ZIP,RACE,ETHNICITY,RELTOJUNCT,TRAFFLOW,RDLANES,INITLANE,SURFTYPE,SURFCOND,ALIGNMENT,PROFILE,LINERIGHT,LINELEFT,RUMBINIT,RUMBROAD,LIGHTCOND,WEATHER,TRAFDEV,TRAFFUNCT,DISTRACT,PREFHE,PREMOVE,CRITCAT,CRITEVENT,MANEUVER,PRESTAB,PRELOC,CRASHCAT,CRASHCONF,CRASHTYPE,ROLLTYPE,ROLLTURN,ROLLINTRPT,ROLLPREMAN,ROLLINITYP,ROLLINLOC,ROLLOBJ,ROLLTRIP,ROLLDIR,ROLLDIST,DVANGTHIS,DVANGOTH,TOWHITCH,TRAJDOC,TREEPOLE,DVEVENT,DVBASIS,DVTOTAL,DVLONG,DVLAT,DVENERGY,DVSPEED,DVMOMENT,DVBES,DVEST,DVCONF,VAIS,VISS,VINJURED,VTREAT,INITOBJCLASS,HEADANGLECAT,SHLDRWIDTH,STRKLENGTH,STRKWIDTH,STRKHEIGHT,EDGEDISTX,EDGEDISTY,EDGEDISTZ,CASEWGT,PSUSTRAT,VERSION
10230,32,64,1-32-2018-064-03,3,2,1FTZF0725YKB,17,12,481,2000,34,5,31,0,1,F,1,1848,5,9999,9,2,0,72,1,0,0,995,0,0,0,75254,9,9,2,3,3,3,1,1,1,1,1,0,0,0,1,1,1,2,9,0,1,4,61,99,1,1,4,J,73,0,0,0,0,0,0,0,0,0,0,335,310,0,0,0,1,4,11,-11,0,13104,998,64,12,0,4,95,95,95,95,0,995,9.8,998,998,998,99.8,99.8,99.8,1004.06613295558,7,3
10232,25,23,1-25-2018-023-03,3,1,19XFC2F52GE2,17,37,31,2016,4,1,3,0,1,F,1,1244,5,0,1,4,1,48,1,0,0,995,0,0,0,04032,9,9,2,4,2,1,2,2,1,1,0,2,0,0,3,2,1,2,1,0,1,2,17,1,1,1,5,L,88,0,0,0,0,0,0,0,0,0,0,55,330,0,0,0,1,3,15,-13,-8,9667,998,-104,11,0,4,2,4,0,4,0,995,9.8,998,998,998,99.8,99.8,99.8,464.350432452939,2,3
10232,25,23,1-25-2018-023-03,3,2,4JGBB8GB2BA7,17,42,401,2011,14,3,14,0,1,L,1,2145,5,0,1,1,1,48,1,0,0,995,0,0,0,04107,9,9,2,3,4,1,2,2,1,2,1,1,0,0,3,2,1,2,1,0,1,4,66,1,1,1,5,L,89,0,0,0,0,0,0,0,0,0,0,330,55,0,0,0,1,3,9,-3,8,15628,998,-8,13,0,4,0,0,0,0,0,995,9.8,998,998,998,99.8,99.8,99.8,464.350432452939,2,3
10233,16,54,1-16-2018-054-04,4,1,5NPEB4AC7EH8,17,55,33,2014,4,1,4,0,1,F,1,1475,5,0,1,1,1,40,1,0,0,995,0,0,0,45238,2,2,2,4,2,1,2,1,1,1,0,2,0,0,1,1,2,2,1,0,1,2,17,2,1,2,5,L,86,0,0,0,0,0,0,0,0,0,0,295,20,0,0,0,1,3,21,-20,4,15848,998,22,16,0,4,1,1,0,0,0,995,9.8,998,998,998,99.8,99.8,99.8,931.148358085711,5,3
10233,16,54,1-16-2018-054-04,4,2,4T1BE32K53U2,17,49,40,2003,4,1,3,0,1,R,1,1435,5,0,2,4,1,56,1,0,0,995,0,0,0,45227,2,2,2,4,2,1,2,1,1,2,0,0,0,0,1,1,1,2,1,0,1,4,66,1,1,1,5,L,87,0,0,0,0,0,0,0,0,0,0,20,295,0,0,0,1,3,20,0,-20,36767,998,16,24,0,4,0,0,0,4,0,995,9.8,998,998,998,99.8,99.8,99.8,931.148358085711,5,3
10234,16,55,1-16-2018-055-05,5,1,KNDJF7235671,17,63,401,2006,14,3,14,0,1,F,1,1520,5,0,1,1,1,72,1,0,0,995,0,0,0,45040,1,2,0,4,2,1,2,1,1,4,1,2,0,0,1,1,0,0,1,0,1,3,52,2,1,1,2,D,28,0,0,0,0,0,0,0,0,0,0,15,15,0,0,0,1,1,15,-15,0,12243,998,0,14,0,4,0,0,0,0,0,995,9.8,998,998,998,99.8,99.8,99.8,17.9219498528641,5,3
10234,16,55,1-16-2018-055-05,5,2,4S4BRCCC2C32,17,48,45,2012,6,1,3,0,1,B,1,1648,5,0,1,1,1,72,1,0,0,995,0,0,0,45242,9,9,0,4,2,1,2,1,1,4,1,2,0,0,1,1,0,0,9,0,2,3,52,1,1,1,2,D,29,0,0,0,0,0,0,0,0,0,0,15,15,0,0,0,1,1,14,14,0,16203,998,-4,16,0,4,9,97,0,8,0,995,9.8,998,998,998,99.8,99.8,99.8,17.9219498528641,5,3
10235,16,56,1-16-2018-056-04,4,1,JM1GJ1U63F11,17,41,50,2015,4,1,4,0,1,R,2,1444,5,0,1,1,1,40,1,0,0,995,0,0,0,52805,1,2,2,4,2,1,2,1,1,1,0,0,0,0,1,8,2,2,1,0,1,2,17,1,1,1,5,L,87,0,0,0,0,0,0,0,0,0,0,105,40,0,0,0,1,1,26,5,-26,18305,998,-51,16,0,1,1,1,0,0,0,995,9.8,998,998,998,99.8,99.8,99.8,931.14835825977,5,3
10235,16,56,1-16-2018-056-04,4,2,1G1JC1240272,17,20,16,2002,2,1,2,0,1,F,2,1188,5,0,1,1,1,40,1,0,0,995,0,0,0,45237,2,2,2,4,4,1,2,1,1,1,0,3,0,0,1,8,0,0,9,0,1,4,66,1,1,1,5,L,86,0,0,0,0,0,0,0,0,0,0,40,105,0,0,0,1,1,36,-36,6,98494,998,20,44,0,1,1,1,0,4,0,995,9.8,998,998,998,99.8,99.8,99.8,931.14835825977,5,3
10236,24,37,1-24-2018-037-07,7,1,999999999999,99,99,499,9999,48,6,48,99,1,F,9,9999,9,9999,9,0,0,64,1,9,9,998,8,9,9,99999,9,9,2,4,4,2,2,2,1,1,3,2,0,0,1,2,0,0,9,0,1,3,50,99,9,9,2,D,20,0,0,0,0,0,0,0,0,0,0,275,275,9,0,0,1,0,999,999,999,9999999,999,999,999,9,0,95,95,95,95,0,995,9.8,998,998,998,99.8,99.8,99.8,1878.9747513933,1,3
10236,24,37,1-24-2018-037-07,7,2,1G1PC5SB5D71,17,20,25,2013,4,1,3,0,1,B,1,1407,5,0,1,1,1,64,1,0,0,995,0,0,0,07730,1,2,2,4,4,2,2,2,1,1,3,2,0,0,1,2,0,0,1,0,5,3,53,1,1,1,2,D,21,0,0,0,0,0,0,0,0,0,0,275,275,0,0,0,1,5,999,999,999,9999999,999,999,14,2,0,0,0,0,0,0,995,9.8,998,998,998,99.8,99.8,99.8,1878.9747513933,1,3
10237,27,28,1-27-2018-028-07,7,1,5N1AR1NB4BC6,17,35,401,2011,14,3,14,0,1,B,1,2198,5,0,1,2,0,72,1,8,9,998,8,7,9,05352,9,9,0,4,5,2,2,1,1,1,3,2,0,0,1,1,0,0,1,0,5,3,52,1,1,1,6,M,98,0,0,0,0,0,0,0,0,0,0,15,15,0,0,0,2,1,10,10,0,8011,998,0,10,0,4,95,95,95,95,0,995,9.8,998,998,998,99.8,99.8,99.8,129.951462733549,3,3
10237,27,28,1-27-2018-028-07,7,2,2HGFG12838H5,17,37,31,2008,2,1,3,0,1,B,1,1226,5,0,1,1,1,72,1,8,9,998,8,7,9,01247,1,2,0,4,5,2,2,1,1,1,3,2,0,0,1,1,0,0,1,0,5,3,53,2,1,1,2,D,21,0,0,0,0,0,0,0,0,0,0,15,15,0,0,0,1,1,20,20,0,5908,998,-13,11,0,1,1,2,0,4,0,995,9.8,998,998,998,99.8,99.8,99.8,129.951462733549,3,3
10237,27,28,1-27-2018-028-07,7,3,1C4NJDBB2DD1,17,2,1,2013,6,1,2,0,1,F,1,1473,5,0,1,1,1,72,1,8,9,998,8,7,9,01220,1,2,0,4,5,2,2,1,1,1,3,2,0,0,1,1,0,0,1,0,1,3,50,4,1,1,2,D,20,0,0,0,0,0,0,0,0,0,0,15,15,0,0,0,1,1,17,-17,0,31548,998,-10,23,0,1,1,1,0,0,0,995,9.8,998,998,998,99.8,99.8,99.8,129.951462733549,3,3
10238,27,29,1-27-2018-029-10,10,1,2HNYD2H47CH5,17,54,421,2012,15,3,15,0,1,B,1,2064,5,9999,9,0,0,56,1,0,0,995,0,0,0,01247,9,9,2,4,2,1,2,1,3,1,1,2,0,0,1,8,0,0,9,0,5,3,53,99,1,1,2,D,22,0,0,0,0,0,0,0,0,0,0,90,100,0,0,0,1,3,8,8,0,6803,998,0,9,0,4,95,95,95,95,0,995,9.8,998,998,998,99.8,99.8,99.8,740.083097438864,3,3
10238,27,29,1-27-2018-029-10,10,2,KMHDN45DX3U6,17,55,35,2003,4,1,2,0,1,F,1,1265,5,0,1,1,1,56,1,0,0,995,0,0,0,01301,1,2,2,4,2,1,2,1,3,1,1,2,0,0,1,8,0,0,3,0,14,3,50,4,1,1,2,D,20,0,0,0,0,0,0,0,0,0,0,100,90,0,0,0,1,3,14,-13,2,9001,998,-15,13,0,4,0,0,0,0,0,995,9.8,998,998,998,99.8,99.8,99.8,740.083097438864,3,3
10239,76,8,1-76-2018-008-04,4,1,5NPDH4AE1FH5,17,55,35,2015,4,1,3,0,1,F,1,1305,5,0,1,1,1,89,1,0,0,995,0,7,9,12590,9,9,0,4,2,1,2,1,1,2,1,4,0,0,1,1,0,0,9,1,1,2,13,99,9,4,1,A,1,1,1,2,4,2,4,60,4,2,8,998,998,0,0,0,1,7,999,999,999,9999999,999,999,999,6,0,0,0,0,5,3,998,0.9,120,120,999,12.2,1.5,12.3,332.509905511132,3,3
10240,19,49,1-19-2018-049-08,8,1,JTJGA31U1400,17,59,403,2004,14,3,14,0,1,F,2,1844,5,0,1,1,1,72,1,0,0,995,0,0,0,35601,1,2,2,1,3,3,2,2,1,1,1,2,0,0,1,8,1,2,1,0,11,2,15,99,1,2,4,J,68,0,0,0,0,0,0,0,0,0,0,0,230,0,0,0,1,5,999,999,999,9999999,999,999,29,3,0,3,10,1,3,0,995,9.8,998,998,998,99.8,99.8,99.8,132.571614795836,9,3
10240,19,49,1-19-2018-049-08,8,2,1XP5DB9X35D8,17,87,884,2005,66,8,68,0,1,F,9,,,,,,1,72,1,0,0,995,0,0,0,35960,9,9,2,1,2,2,2,2,1,1,3,2,0,0,1,8,1,2,9,0,1,2,17,99,1,1,4,J,69,,,,,,,,,,,,,,,,,,,,,,,,,,,95,95,95,95,,,9.8,998,998,998,99.8,99.8,99.8,132.571614795836,9,3
10241,19,50,1-19-2018-050-07,7,1,3N1CN7AP0CL8,17,35,50,2012,4,1,2,0,1,F,1,1042,5,0,1,1,1,72,1,0,0,995,0,0,0,35954,1,1,2,4,2,1,2,1,1,1,0,0,0,0,3,1,0,0,3,1,11,2,11,1,1,4,1,A,1,0,0,0,0,0,0,0,0,0,0,998,998,0,0,2,1,10,999,999,999,9999999,999,42,24,2,0,0,0,0,0,0,998,0.0,100,20,100,10.5,2.0,10.7,803.458787349616,9,3
10242,19,51,1-19-2018-051-09,9,1,2HGEJ6672YH6,17,37,31,2000,4,1,2,0,1,F,1,1067,5,0,1,1,1,56,1,0,0,995,0,0,0,35901,1,2,2,1,2,2,2,1,1,1,3,2,0,0,1,1,0,0,1,0,1,3,50,4,1,1,2,D,20,0,0,0,0,0,0,0,0,0,0,260,250,0,1,0,1,1,16,-16,3,9497,998,4,15,0,1,1,2,0,4,0,995,9.8,998,998,998,99.8,99.8,99.8,711.078620230217,9,3
10242,19,51,1-19-2018-051-09,9,2,JA4LX31GX3U1,17,52,47,2003,5,1,2,0,1,B,1,1470,5,0,1,1,1,56,1,0,0,995,0,0,0,35903,1,2,2,1,2,2,2,1,1,1,3,2,0,0,1,1,0,0,1,0,5,3,52,1,1,1,2,D,22,0,0,0,0,0,0,0,0,0,0,250,260,0,1,0,1,1,10,10,0,9753,998,-40,11,0,1,0,0,0,0,0,995,9.8,998,998,998,99.8,99.8,99.8,711.078620230217,9,3
10243,31,23,1-31-2018-023-09,9,1,1HGFA16888L0,17,37,31,2008,4,1,3,0,1,F,1,1199,5,0,2,1,1,56,1,0,0,995,0,0,0,62859,1,2,0,4,2,1,2,1,2,1,0,4,0,0,1,5,0,0,3,1,14,2,13,1,1,4,1,A,1,1,4,2,1,1,1,2,1,2,13,95,90,0,1,0,1,5,999,999,999,9999999,999,999,12,2,0,1,3,0,4,1,995,9.8,998,998,998,99.8,99.8,99.8,285.335126794877,6,3
10243,31,23,1-31-2018-023-09,9,2,1B7MF3361XJ5,17,7,482,1999,34,5,31,0,2,B,1,2850,5,195,1,5,,,,,,,,,,,,,,,,,,,,,,,,,,,,,,,,,,,,,,,,,,,,,,,,,,,,,,,,,,,,,,,,,,95,95,95,95,,,,,,,,,,285.335126794877,6,3
10244,10,29,1-10-2018-029-08,8,1,KL1TD66657B7,17,20,39,2007,5,1,1,0,1,F,1,1065,5,0,1,1,1,105,1,0,0,995,0,0,0,45383,9,9,0,1,5,3,2,2,1,1,3,3,0,3,1,2,0,0,1,0,1,3,51,1,1,1,2,D,24,0,0,0,0,0,0,0,0,0,0,180,180,0,0,0,1,3,14,-14,0,7562,998,40,13,0,4,9,97,0,8,0,995,9.8,998,998,998,99.8,99.8,99.8,72.1356652418213,4,3
10244,10,29,1-10-2018-029-08,8,2,1GNDS13S9822,17,20,403,2008,14,3,14,0,1,B,1,2052,5,9999,9,0,0,105,1,0,0,995,0,0,0,45321,9,9,0,2,5,3,2,2,1,1,3,3,0,3,1,2,0,0,1,0,2,3,53,1,1,1,2,D,25,0,0,0,0,0,0,0,0,0,0,180,180,0,0,0,1,3,7,7,0,5853,998,0,9,0,4,95,95,95,95,0,995,9.8,998,998,998,99.8,99.8,99.8,72.1356652418213,4,3
10245,10,30,1-10-2018-030-06,6,1,1D4HB48NX4F1,17,7,422,2004,15,3,15,0,1,B,1,2252,5,9999,9,0,1,56,1,0,0,995,0,0,0,45402,2,2,2,4,3,2,2,1,1,1,1,2,0,0,3,8,1,2,9,1,1,2,11,1,1,2,2,D,32,0,0,0,0,0,0,0,0,0,0,205,195,0,0,0,1,3,9,9,-3,12843,998,92,10,0,4,0,0,0,0,0,995,9.8,998,998,998,99.8,99.8,99.8,169.701474020375,4,3
10245,10,30,1-10-2018-030-06,6,2,3A8FY68899T5,17,6,52,2009,6,1,2,0,1,F,1,1498,5,0,1,1,1,56,1,0,0,995,0,0,0,45402,2,2,2,4,3,1,2,1,1,1,1,1,0,0,3,8,1,2,9,0,1,4,60,1,1,1,2,D,32,0,0,0,0,0,0,0,0,0,0,195,205,0,0,0,1,3,15,-14,3,12203,998,-36,14,0,4,1,1,0,5,0,995,9.8,998,998,998,99.8,99.8,99.8,169.701474020375,4,3
10246,17,55,1-17-2018-055-08,8,1,KMHDN46D24U7,17,55,35,2004,4,1,2,0,1,F,1,1217,5,0,1,1,1,48,1,0,1,0,2,1,2,61244,1,2,0,3,2,1,2,1,3,1,0,2,0,0,1,1,0,0,3,1,14,2,13,99,1,4,1,A,1,0,0,0,0,0,0,0,0,0,0,998,998,0,0,1,1,1,22,-22,0,23502,998,-1,22,0,1,1,1,0,4,0,998,0.0,88,88,119,3.5,1.8,4.0,80.684410928261,4,3
10247,17,56,1-17-2018-056-04,4,1,1FM5K8AR8FGB,17,12,401,2015,14,3,14,5,1,R,1,2146,5,91,1,1,1,999,1,9,0,995,0,9,0,61265,1,2,2,1,7,2,1,1,1,1,1,3,0,0,1,1,1,2,1,0,1,2,17,3,1,1,5,L,87,0,0,0,0,0,0,0,0,0,0,0,260,0,0,0,1,3,8,-3,-7,11590,998,-127,9,0,4,0,0,0,0,0,995,9.8,998,998,998,99.8,99.8,99.8,508.695713936098,4,3
10247,17,56,1-17-2018-056-04,4,2,1N4AL3APXHC2,17,35,47,2017,4,1,4,0,1,F,1,1453,5,0,2,0,1,999,1,9,0,995,0,9,0,50131,1,2,2,1,7,2,1,1,1,1,1,3,0,0,1,1,1,2,1,0,1,2,17,2,1,1,5,L,86,0,0,0,0,0,0,0,0,0,0,260,0,0,0,0,1,3,12,-12,2,7169,998,38,11,0,4,0,0,0,6,0,995,9.8,998,998,998,99.8,99.8,99.8,508.695713936098,4,3
10248,17,57,1-17-2018-057-08,8,1,3B7HF13Z2WG2,17,7,482,1998,34,5,31,0,1,F,1,2273,5,0,2,0,1,72,1,9,0,995,0,9,0,61264,1,2,0,4,2,1,2,1,1,1,1,2,0,0,1,1,0,0,3,0,1,3,50,4,1,1,2,D,20,0,0,0,0,0,0,0,0,0,0,280,280,0,0,0,1,3,14,-14,0,20380,998,0,15,0,4,1,1,0,0,0,995,9.8,998,998,998,99.8,99.8,99.8,120.75765386417,4,3
10248,17,57,1-17-2018-057-08,8,2,1GNDT13S5322,17,20,403,2003,14,3,14,0,1,B,1,2099,5,0,1,1,1,72,1,8,0,995,0,9,0,61201,1,2,0,4,2,1,2,1,1,1,1,2,0,0,1,1,0,0,9,0,5,3,53,99,1,1,2,D,21,0,0,0,0,0,0,0,0,0,0,280,280,0,0,0,1,3,15,15,0,13952,998,21,13,0,4,9,0,0,4,0,995,9.8,998,998,998,99.8,99.8,99.8,120.75765386417,4,3
10248,17,57,1-17-2018-057-08,8,3,1GCDT13X73K1,17,20,471,2003,34,5,30,0,1,B,1,2099,5,9999,9,0,0,72,1,9,0,995,0,7,0,61264,9,9,0,4,2,1,2,1,1,1,1,2,0,0,1,1,0,0,9,0,5,3,53,99,1,1,6,M,98,0,0,0,0,0,0,0,0,0,0,280,280,0,0,0,2,3,15,15,0,24132,998,0,17,0,4,95,95,95,95,0,995,9.8,998,998,998,99.8,99.8,99.8,120.75765386417,4,3
10249,15,57,1-15-2018-057-07,7,1,1FBSS3BL0CDB,17,12,461,2012,21,4,21,0,1,F,2,2683,5,0,1,1,1,56,1,0,0,995,0,0,0,11411,2,2,2,4,3,2,2,1,1,1,1,2,0,0,1,1,0,0,1,0,11,3,53,3,1,1,4,K,76,0,0,0,0,0,0,0,0,0,0,235,180,0,0,0,1,11,999,999,999,9999999,999,999,999,7,0,0,0,0,0,0,995,9.8,998,998,998,99.8,99.8,99.8,2669.3058882624,1,3
10249,15,57,1-15-2018-057-07,7,2,2LMPJ8KR4GBL,17,13,14,2016,6,1,4,0,1,L,9,1990,5,9999,9,0,0,56,1,0,0,995,0,0,0,11411,9,9,2,4,4,1,2,1,1,1,0,3,0,0,1,1,1,2,9,0,1,2,17,99,1,1,4,K,77,0,0,0,0,0,0,0,0,0,0,180,235,0,0,0,1,0,999,999,999,9999999,999,999,999,9,0,95,95,95,95,0,995,9.8,998,998,998,99.8,99.8,99.8,2669.3058882624,1,3
10249,15,57,1-15-2018-057-07,7,3,1FTNE24W85HB,17,12,461,2005,21,4,21,0,1,F,9,2268,5,9999,9,0,0,56,1,0,0,995,0,0,0,11520,9,9,2,5,4,3,2,1,1,1,2,2,0,0,1,1,1,2,9,0,5,4,67,99,1,1,6,M,98,0,0,0,0,0,0,0,0,0,0,0,210,0,0,0,2,0,999,999,999,9999999,999,999,999,9,0,95,95,95,95,0,995,9.8,998,998,998,99.8,99.8,99.8,2669.3058882624,1,3
10250,15,58,1-15-2018-058-03,3,1,2HKRM4H44GH6,17,37,402,2016,14,3,14,0,1,R,2,1586,5,0,2,0,1,48,1,0,0,995,0,0,0,11803,3,2,2,4,2,1,2,2,1,1,0,2,0,0,1,2,2,2,9,0,1,2,17,1,1,1,5,L,87,0,0,0,0,0,0,0,0,0,0,270,180,0,0,0,1,3,25,-4,-24,46532,998,27,27,0,4,0,0,0,0,0,995,9.8,998,998,998,99.8,99.8,99.8,643.614464982828,1,3
10250,15,58,1-15-2018-058-03,3,2,5FNYF4H44FB0,17,37,421,2015,15,3,15,0,1,F,1,2047,5,0,1,1,1,48,1,0,0,995,0,0,0,11510,2,2,2,4,3,1,2,2,1,1,1,1,0,0,1,2,0,0,1,0,1,4,66,2,9,1,5,L,86,0,0,0,0,0,0,0,0,0,0,180,270,0,0,0,1,3,19,-19,3,22579,998,-6,17,0,4,0,0,0,0,0,995,9.8,998,998,998,99.8,99.8,99.8,643.614464982828,1,3
10251,15,59,1-15-2018-059-04,4,1,1G1ZD5ST9JF1,17,20,37,2018,4,1,4,0,1,F,9,1400,5,9999,9,4,1,89,1,0,0,995,0,0,0,98311,9,9,0,3,3,3,2,1,1,9,3,2,0,0,5,1,0,0,9,0,1,3,52,99,1,1,2,D,28,0,0,0,0,0,0,0,0,0,0,40,40,0,0,0,1,12,999,999,999,9999999,999,999,999,9,0,0,0,0,0,0,995,9.8,998,998,998,99.8,99.8,99.8,1941.04324679681,1,3
10251,15,59,1-15-2018-059-04,4,2,1N4AL3AP2FC2,17,35,47,2015,4,1,4,0,1,B,9,1416,5,9999,9,0,0,89,1,0,0,995,0,0,0,11731,9,9,0,3,3,3,2,1,1,9,3,2,0,0,5,1,0,0,9,0,2,3,53,99,1,1,2,D,29,0,0,0,0,0,0,0,0,0,0,40,40,0,0,0,1,0,999,999,999,9999999,999,999,999,9,0,95,95,95,95,0,995,9.8,998,998,998,99.8,99.8,99.8,1941.04324679681,1,3
10252,13,62,1-13-2018-062-05,5,1,1G11C5SA7DF1,17,20,37,2013,4,1,3,0,1,F,2,1602,5,0,1,3,1,64,1,1,8,997,8,1,3,76013,1,1,2,5,6,2,2,1,1,1,1,3,0,0,3,1,1,2,3,1,1,2,13,1,1,4,1,A,1,0,0,0,0,0,0,0,0,0,0,998,998,0,0,0,1,12,999,999,999,9999999,999,999,999,3,0,9,97,0,3,0,998,0.0,30,0,11,24.0,1.3,25.0,68.0813935737057,7,3
10253,13,63,1-13-2018-063-06,6,1,1HGCP26839A0,17,37,32,2009,4,1,4,0,1,F,2,1523,5,0,1,1,1,56,1,0,0,995,0,0,0,75052,2,2,2,4,4,2,1,1,1,1,3,2,0,0,1,1,0,0,1,0,1,3,50,1,1,1,2,D,20,0,0,0,0,0,0,0,0,0,0,350,350,0,0,0,1,1,32,-32,0,20607,998,0,18,0,4,1,1,0,0,0,995,9.8,998,998,998,99.8,99.8,99.8,1389.49429262663,7,3
10253,13,63,1-13-2018-063-06,6,2,5TFRU54167X0,17,49,482,2007,34,5,31,0,1,B,1,2375,5,0,1,2,0,56,1,0,0,995,0,0,0,76053,9,9,2,4,4,2,1,1,1,1,3,2,0,0,1,1,0,0,9,0,5,3,53,99,1,1,2,D,22,0,0,0,0,0,0,0,0,0,0,350,350,0,0,0,1,1,21,21,0,83857,998,13,30,0,4,95,95,95,95,0,995,9.8,998,998,998,99.8,99.8,99.8,1389.49429262663,7,3
10254,13,64,1-13-2018-064-04,4,1,1D7HL48N14S5,17,7,472,2004,34,5,30,0,1,R,1,1925,5,0,1,1,1,64,1,0,0,995,0,0,0,76117,1,2,2,4,4,2,2,1,1,1,3,2,0,0,1,1,1,2,1,0,11,2,15,1,1,1,4,J,68,0,0,0,0,0,0,0,0,0,0,310,180,0,0,0,1,1,15,-11,-10,5626,998,178,6,0,1,0,0,0,0,0,995,9.8,998,998,998,99.8,99.8,99.8,3455.19344820131,7,3
10254,13,64,1-13-2018-064-04,4,2,1GNFLGEK9FZ1,17,20,404,2015,14,3,14,0,1,F,1,1782,5,0,1,1,1,64,1,0,0,995,0,0,0,76458,1,9,2,4,4,2,2,1,1,2,3,2,0,0,1,1,1,2,9,0,1,4,62,99,1,1,4,J,69,0,0,0,0,0,0,0,0,0,0,180,310,0,0,0,1,1,16,-16,3,57886,998,87,24,0,1,0,0,0,0,0,995,9.8,998,998,998,99.8,99.8,99.8,3455.19344820131,7,3
10255,29,26,1-29-2018-026-01,1,1,WVGEF9BPXCD0,17,30,421,2012,15,3,15,0,1,F,3,2137,5,0,1,1,1,105,1,1,9,998,8,0,9,02809,9,9,0,2,3,2,2,1,1,9,3,3,3,3,2,1,0,0,9,1,1,3,54,99,9,4,3,G,50,0,0,0,0,0,0,0,0,0,0,100,270,0,0,0,1,1,53,-52,9,200970,998,31,47,0,4,1,1,0,3,0,995,9.8,998,998,998,99.8,99.8,99.8,91.3660217576404,2,3
10255,29,26,1-29-2018-026-01,1,2,1J4GL58K53W5,17,2,405,2003,14,3,14,0,1,F,3,1834,5,9999,9,5,1,105,1,0,0,995,0,0,0,02920,1,2,0,2,3,2,2,1,1,9,3,3,2,3,2,1,0,0,9,1,1,3,54,99,9,4,3,G,51,1,2,2,9,7,1,1,3,1,999,270,100,0,0,0,1,1,60,-60,0,316754,998,0,65,0,4,6,75,1,1,1,995,9.8,998,998,998,99.8,99.8,99.8,91.3660217576404,2,3
10256,26,49,1-26-2018-049-04,4,1,3N1CN7AP8EL8,17,35,50,2014,4,1,2,0,1,R,1,1132,5,0,1,1,1,56,1,0,0,995,0,0,0,95660,1,2,2,4,4,1,2,1,1,1,1,2,0,0,1,8,0,0,1,0,11,2,15,1,1,1,4,J,68,0,0,0,0,0,0,0,0,0,0,350,270,0,0,0,1,3,6,-5,-4,4399,998,-17,9,0,4,0,0,0,0,0,995,9.8,998,998,998,99.8,99.8,99.8,739.086480247289,10,3
10256,26,49,1-26-2018-049-04,4,2,3KPFL4A79HE0,17,63,38,2017,4,1,3,0,1,F,1,1272,5,9999,9,0,0,56,1,0,0,995,0,0,0,95662,9,9,2,4,2,1,2,1,1,1,3,2,0,0,1,8,0,0,9,0,1,4,62,99,1,1,4,J,69,0,0,0,0,0,0,0,0,0,0,270,350,0,0,0,1,3,6,-3,5,1896,998,164,4,0,4,95,95,95,95,0,995,9.8,998,998,998,99.8,99.8,99.8,739.086480247289,10,3
10257,26,50,1-26-2018-050-09,9,1,19UUA56832A0,17,54,35,2002,4,1,3,0,1,F,1,1614,5,0,1,1,1,40,1,0,0,995,0,0,0,95811,2,9,0,4,2,1,2,1,2,1,1,2,0,0,1,1,0,0,9,1,14,2,10,2,1,2,3,I,64,0,0,0,0,0,0,0,0,0,0,220,70,0,0,0,1,1,13,-13,2,10339,998,6,12,0,1,99,99,0,6,0,995,9.8,998,998,998,99.8,99.8,99.8,1120.64733991297,10,3
10257,26,50,1-26-2018-050-09,9,2,1GNCS13WXW22,17,20,421,1998,15,3,15,0,1,L,1,1729,5,0,1,1,1,40,1,0,0,995,0,0,0,95828,1,9,0,4,2,1,2,1,1,1,1,2,0,0,1,1,0,0,1,0,1,4,62,2,1,1,3,I,65,1,1,2,5,7,1,1,2,1,4,70,220,0,0,0,1,1,13,-10,8,14589,998,-53,14,0,1,1,1,0,0,1,995,9.8,998,998,998,99.8,99.8,99.8,1120.64733991297,10,3
10257,26,50,1-26-2018-050-09,9,3,2GCEC19W4211,17,20,481,2002,34,5,30,0,2,L,1,2106,5,9999,9,4,,,,,,,,,,,,,,,,,,,,,,,,,,,,,,,,,,,,,,,,,,,,,,,,,,,,,,,,,,,,,,,,,,95,95,95,95,,,,,,,,,,1120.64733991297,10,3
10259,28,32,1-28-2018-032-09,9,1,1J4GL58K53W6,17,2,405,2003,14,3,14,0,1,9,9,1834,5,9999,9,0,1,72,1,0,0,995,0,0,0,16901,1,2,0,4,2,1,2,1,1,1,0,2,0,0,1,1,0,0,3,1,1,2,12,1,1,4,1,B,6,9,99,9,9,99,9,99,9,9,999,998,998,0,0,0,99,0,999,999,999,9999999,999,999,999,9,0,1,1,0,5,9,998,0.8,999,999,999,20.0,3.3,20.3,86.8213473198522,3,3