CASEID,PSU,CASENO,CASENUMBER,CATEGORY,VEHNO,VIN,VINLENGTH,MAKE,MODEL,MODELYR,BODYTYPE,BODYCAT,VEHCLASS,SPECUSE,TRANSTAT,DAMPLANE,DAMSEV,CURBWT,CURBSRC,CARGOWT,CARGOSRC,INSPTYPE,TOWSTAT,SPEEDLIMIT,DRPRESENT,PARALCOHOL,ALCTEST,ALCTESTRESULT,ALCTESTSRC,PARDRUG,DRUGTEST,ZIP,RACE,ETHNICITY,RELTOJUNCT,TRAFFLOW,RDLANES,INITLANE,SURFTYPE,SURFCOND,ALIGNMENT,PROFILE,LINERIGHT,LINELEFT,RUMBINIT,RUMBROAD,LIGHTCOND,WEATHER,TRAFDEV,TRAFFUNCT,DISTRACT,PREFHE,PREMOVE,CRITCAT,CRITEVENT,MANEUVER,PRESTAB,PRELOC,CRASHCAT,CRASHCONF,CRASHTYPE,ROLLTYPE,ROLLTURN,ROLLINTRPT,ROLLPREMAN,ROLLINITYP,ROLLINLOC,ROLLOBJ,ROLLTRIP,ROLLDIR,ROLLDIST,DVANGTHIS,DVANGOTH,TOWHITCH,TRAJDOC,TREEPOLE,DVEVENT,DVBASIS,DVTOTAL,DVLONG,DVLAT,DVENERGY,DVSPEED,DVMOMENT,DVBES,DVEST,DVCONF,VAIS,VISS,VINJURED,VTREAT,INITOBJCLASS,HEADANGLECAT,SHLDRWIDTH,STRKLENGTH,STRKWIDTH,STRKHEIGHT,EDGEDISTX,EDGEDISTY,EDGEDISTZ,CASEWGT,PSUSTRAT,VERSION
10335,15,61,1-15-2018-061-09,9,2,2B4GP44R8YR6,17,7,442,2000,20,4,20,0,1,F,9,1904,5,0,2,0,1,64,1,0,0,995,0,0,0,11554,3,2,2,4,4,1,2,1,1,1,1,3,0,0,1,1,0,0,1,0,1,4,67,8,1,1,4,K,83,0,0,0,0,0,0,0,0,0,0,145,30,0,0,0,1,0,999,999,999,9999999,999,999,999,9,0,0,0,0,0,0,995,2.1,120,12,120,2.0,2.8,3.5,1151.31223803642,1,3
10336,15,62,1-15-2018-062-02,2,1,19XFB2F58FE2,17,37,31,2015,4,1,3,0,1,L,2,1258,5,0,1,1,1,64,1,0,0,995,0,0,0,11741,9,9,2,3,1,1,2,2,1,2,1,2,0,0,3,2,0,0,9,0,1,2,17,2,1,1,5,L,89,0,0,0,0,0,0,0,0,0,0,160,250,0,0,0,1,3,30,-5,29,59049,998,-30,33,0,4,1,1,0,4,0,995,0.6,999,999,999,1.0,0.7,1.0,16.8922870962494,1,3
10336,15,62,1-15-2018-062-02,2,2,JN8AT2MV6GW1,17,35,51,2016,6,1,3,0,1,F,1,1610,5,9999,9,0,1,64,1,1,1,105,2,0,1,11783,1,2,2,1,3,2,2,2,1,1,3,1,0,0,3,2,0,0,1,0,1,4,66,1,9,1,5,L,88,0,0,0,0,0,0,0,0,0,0,250,160,0,0,0,1,3,23,-23,-4,25453,998,-37,19,0,4,2,5,0,3,0,995,9.8,998,998,998,99.8,99.8,99.8,16.8922870962494,1,3
10337,21,51,1-21-2018-051-10,10,1,1NXBR32E53Z0,17,49,32,2003,4,1,2,0,1,F,2,1130,5,0,2,1,1,64,1,9,0,995,0,9,0,99999,9,9,2,1,4,2,2,1,1,1,1,1,0,0,1,1,1,2,9,1,1,2,13,99,1,4,1,A,1,0,0,0,0,0,0,0,0,0,0,998,998,0,1,1,1,1,33,-33,0,58024,998,6,33,0,1,0,0,0,0,0,998,0.0,32,32,120,14.3,5.3,15.5,2907.47933199619,11,3
10338,31,25,1-31-2018-025-08,8,1,1G1AK55F7774,17,20,22,2007,4,1,2,0,1,T,1,1265,5,0,2,1,1,89,1,0,1,209,2,0,1,62821,1,2,0,4,2,1,2,1,1,1,1,4,0,0,2,5,0,0,9,1,1,2,12,99,2,4,1,B,6,1,9,2,2,1,4,61,1,2,35,997,997,0,0,0,2,6,999,999,999,9999999,999,999,999,6,0,4,21,1,3,3,997,0.0,120,120,120,34.6,8.9,35.9,325.58648159477,6,3
10340,16,60,1-16-2018-060-10,10,1,999999999999,99,99,399,9999,9,1,9,99,1,R,9,9999,9,9999,9,0,0,56,1,8,0,995,0,7,0,99999,9,9,0,4,4,2,2,1,1,2,3,2,0,0,1,8,0,0,9,1,6,2,11,99,1,2,2,F,44,0,0,0,0,0,0,0,0,0,0,215,180,9,0,0,1,0,999,999,999,9999999,999,999,999,9,0,95,95,95,95,0,995,9.8,998,998,998,99.8,99.8,99.8,2579.31272312202,5,3
10340,16,60,1-16-2018-060-10,10,2,19UUA66297A0,17,54,35,2007,4,1,3,0,1,L,9,1642,5,9999,9,0,1,56,1,0,0,995,0,0,0,45231,9,9,0,4,4,1,2,1,1,2,0,3,0,0,1,8,0,0,9,0,1,4,60,99,1,1,2,F,45,0,0,0,0,0,0,0,0,0,0,180,215,0,0,0,1,0,999,999,999,9999999,999,999,999,9,0,0,0,0,0,0,995,9.8,998,998,998,99.8,99.8,99.8,2579.31272312202,5,3
10342,13,68,1-13-2018-068-06,6,1,KNADE2237964,17,63,32,2009,4,1,1,0,1,R,1,1104,5,0,1,1,1,72,1,0,0,995,0,0,0,76244,1,2,2,1,4,4,1,1,1,4,5,0,0,0,1,1,1,2,2,0,11,2,15,1,1,1,4,J,68,0,0,0,0,0,0,0,0,0,0,130,0,0,0,0,1,3,10,-8,-6,7627,998,-13,13,0,4,1,1,0,4,0,995,9.8,998,998,998,99.8,99.8,99.8,787.06462962215,7,3
10342,13,68,1-13-2018-068-06,6,2,JM1BL1V72D17,17,41,51,2013,4,1,2,0,1,F,1,1304,5,9999,9,0,1,72,1,0,0,995,0,0,0,76244,1,1,2,1,4,3,2,1,1,1,3,3,0,0,1,1,1,2,1,0,1,4,62,3,1,1,4,J,69,0,0,0,0,0,0,0,0,0,0,0,130,0,0,0,1,3,8,-7,4,2908,998,106,6,0,4,1,1,0,0,0,995,9.8,998,998,998,99.8,99.8,99.8,787.06462962215,7,3
10356,24,39,1-24-2018-039-07,7,1,1HGCR2F38DA2,17,37,32,2013,4,1,4,0,1,F,2,1615,5,0,1,1,1,72,1,1,2,996,1,0,0,08234,3,2,2,4,4,2,2,1,1,1,1,1,0,0,2,1,1,2,3,1,1,2,10,7,1,2,3,I,66,0,0,0,0,0,0,0,0,0,0,240,50,0,0,0,1,8,999,999,999,9999999,999,999,999,7,0,0,0,0,0,0,995,9.8,998,998,998,99.8,99.8,99.8,1771.84805013578,1,3
10356,24,39,1-24-2018-039-07,7,2,2T1BR32E78C8,17,49,32,2008,4,1,2,0,1,R,2,1279,5,0,1,1,1,72,1,0,0,995,0,0,0,08234,1,2,2,4,3,2,2,1,1,1,1,2,0,0,2,1,1,2,1,0,5,4,62,3,1,1,3,I,66,0,0,0,0,0,0,0,0,0,0,50,240,0,0,0,1,8,999,999,999,9999999,999,999,999,7,0,0,0,0,0,0,995,9.8,998,998,998,99.8,99.8,99.8,1771.84805013578,1,3
10357,24,40,1-24-2018-040-04,4,1,KMHCT5AE0GU2,17,55,36,2016,5,1,2,0,1,F,3,1159,5,0,1,1,1,64,1,0,0,995,0,0,0,08230,1,2,2,4,3,2,2,1,1,1,1,2,0,0,1,1,1,2,1,0,11,2,15,1,1,2,4,J,68,0,0,0,0,0,0,0,0,0,0,270,115,0,0,0,1,3,47,-44,-16,109782,998,-69,44,0,4,0,0,0,0,0,995,9.8,998,998,998,99.8,99.8,99.8,1685.11907564951,1,3
10357,24,40,1-24-2018-040-04,4,2,2T3DFREV7DW1,17,49,402,2013,14,3,14,0,1,F,2,1615,5,0,1,3,1,64,1,0,0,995,0,0,0,08244,1,2,2,4,3,2,2,1,1,1,1,2,0,0,1,1,1,2,1,0,1,4,62,4,1,1,4,J,69,0,0,0,0,0,0,0,0,0,0,115,270,0,0,0,1,3,33,-33,0,98928,998,-61,35,0,4,2,4,0,4,0,995,9.8,998,998,998,99.8,99.8,99.8,1685.11907564951,1,3
10358,23,59,1-23-2018-059-02,2,1,1GC1KWE80GF1,17,20,481,2016,34,5,31,0,1,F,9,2991,5,9999,9,0,1,113,1,0,0,995,0,0,0,44901,9,9,0,2,3,3,2,1,1,1,3,2,1,3,1,8,0,0,9,0,1,6,88,99,1,1,1,C,13,0,0,0,0,0,0,0,0,0,0,998,998,0,0,0,1,0,999,999,999,9999999,999,999,999,9,0,1,3,0,4,0,998,9.8,998,998,998,99.8,99.8,99.8,58.0100435530798,5,3
10359,23,60,1-23-2018-060-10,10,1,1B7HC13Y51J5,17,7,482,2001,34,5,31,0,1,F,2,2243,5,200,1,1,1,89,1,0,0,995,0,0,0,43019,1,2,0,4,2,1,2,1,2,1,0,0,0,0,1,8,0,0,1,1,14,2,12,3,9,4,1,B,6,0,0,0,0,0,0,0,0,0,0,998,998,0,0,9,2,11,999,999,999,9999999,999,999,999,7,0,0,0,0,0,0,998,9.9,999,999,999,99.9,99.9,99.9,12585.2724006271,5,3
10360,23,61,1-23-2018-061-01,1,1,1FA6P8CF8G52,17,12,3,2016,2,1,3,0,1,R,2,1681,5,0,1,1,1,89,1,0,1,0,3,0,1,43016,1,9,2,4,5,3,2,1,1,1,1,2,0,0,1,1,1,2,9,0,11,2,15,99,1,1,4,J,68,0,0,0,0,0,0,0,0,0,0,275,185,0,0,0,1,5,999,999,999,9999999,999,999,30,3,0,5,26,1,1,0,995,2.2,119,107,107,8.6,2.7,8.9,76.1868333196657,5,3
10360,23,61,1-23-2018-061-01,1,2,1XP5DB9X83D5,17,87,884,2003,66,8,67,0,1,F,9,,,,,,1,89,1,0,8,997,8,0,3,43062,9,9,2,2,3,2,2,1,1,1,1,3,0,0,1,1,1,2,2,0,1,4,62,1,1,1,4,J,69,,,,,,,,,,,,,,,,,,,,,,,,,,,95,95,95,95,,,9.8,998,998,998,99.8,99.8,99.8,76.1868333196657,5,3
10361,28,34,1-28-2018-034-09,9,1,2GTEK19R6W15,17,23,481,1998,34,5,31,0,1,F,1,2212,5,136,1,1,1,32,1,0,0,995,0,0,0,16901,1,2,0,4,2,1,5,1,1,4,0,0,0,0,2,99,0,0,1,1,1,2,12,5,1,4,1,B,8,0,0,0,0,0,0,0,0,0,0,998,998,0,0,0,1,11,999,999,999,9999999,999,999,999,6,0,2,4,0,6,0,998,1.3,120,120,120,5.4,3.9,6.8,466.87303799211,3,3
10362,28,35,1-28-2018-035-07,7,1,JF1GH63649H8,17,48,38,2009,6,1,2,0,1,F,1,1385,5,0,1,1,1,56,1,0,0,995,0,0,0,16946,1,2,0,4,2,1,5,1,3,4,0,0,0,0,1,1,0,0,1,1,14,1,6,2,1,4,1,A,2,0,0,0,0,0,0,0,0,0,0,998,998,0,1,9,1,1,14,-14,2,11054,998,-31,14,0,4,0,0,0,0,0,998,0.0,28,28,120,13.4,2.6,13.6,527.527103585151,3,3
10365,66,23,1-66-2018-023-07,7,1,1GCDT1364581,17,20,473,2005,34,5,30,0,1,R,1,1815,5,0,1,1,1,40,1,0,0,995,0,7,0,65712,1,2,2,4,2,1,2,1,1,2,0,0,0,0,1,1,2,2,2,0,1,2,17,1,1,1,5,L,87,0,0,0,0,0,0,0,0,0,0,100,10,0,1,0,1,3,17,-9,-15,38594,998,54,22,0,4,0,0,0,0,0,995,9.8,998,998,998,99.8,99.8,99.8,250.620598493409,6,3
10365,66,23,1-66-2018-023-07,7,2,2CNALFEC0B64,17,20,404,2011,14,3,14,0,1,F,1,1706,5,0,1,1,1,40,1,0,0,995,0,7,0,65712,1,2,2,4,2,1,2,1,1,1,0,0,0,0,1,1,0,0,1,0,1,4,66,1,1,1,5,L,86,0,0,0,0,0,0,0,0,0,0,10,100,0,1,0,1,3,18,-16,9,12916,998,66,12,0,4,1,1,0,6,0,995,0.0,6,9,50,0.3,0.2,0.3,250.620598493409,6,3
10366,59,37,1-59-2018-037-04,4,1,JN8AS5MV7FW2,17,35,51,2015,6,1,3,0,1,F,2,1610,5,0,1,1,1,64,1,0,1,0,2,0,0,47850,1,2,2,4,4,2,2,2,1,1,3,2,0,0,1,2,0,0,1,0,1,4,67,4,1,1,4,K,83,0,0,0,0,0,0,0,0,0,0,150,40,0,0,0,1,1,26,-26,0,114463,998,0,42,0,1,1,1,0,6,0,995,9.8,998,998,998,99.8,99.8,99.8,822.764278819044,6,3
10366,59,37,1-59-2018-037-04,4,2,5GAEV23798J2,17,18,24,2008,6,1,5,0,1,L,1,2168,5,0,1,1,1,64,1,0,0,995,0,0,0,47885,9,9,2,4,2,1,2,2,1,1,1,2,0,0,1,2,2,2,9,0,11,2,15,99,9,1,4,K,82,0,0,0,0,0,0,0,0,0,0,40,150,0,0,0,1,1,20,-7,18,7288,998,-181,6,0,1,0,0,0,0,0,995,9.8,998,998,998,99.8,99.8,99.8,822.764278819044,6,3
10367,59,38,1-59-2018-038-08,8,1,1GNDT13W2X21,17,20,421,1999,15,3,15,0,1,R,1,1816,5,9999,9,4,1,89,1,0,0,995,0,0,0,47831,9,9,2,1,3,3,2,1,1,1,1,2,0,0,1,1,3,2,9,0,11,2,15,99,1,1,4,J,68,0,0,0,0,0,0,0,0,0,0,150,40,0,0,0,1,12,999,999,999,9999999,999,999,999,2,0,1,1,0,0,0,995,9.8,998,998,998,99.8,99.8,99.8,167.120381806406,6,3
10367,59,38,1-59-2018-038-08,8,2,2D4FV48T85H6,17,7,21,2005,6,1,5,0,1,F,1,1880,5,9999,9,4,1,89,1,0,0,995,0,0,0,47842,9,9,2,1,3,1,2,1,1,1,1,3,0,0,1,1,0,0,9,0,1,4,62,99,1,1,4,J,69,0,0,0,0,0,0,0,0,0,0,40,150,0,0,0,1,12,999,999,999,9999999,999,999,999,2,0,2,9,0,3,0,995,9.8,998,998,998,99.8,99.8,99.8,167.120381806406,6,3
10368,32,69,1-32-2018-069-09,9,1,4UZAC2EA2HCJ,17,82,881,2017,60,8,60,0,1,L,9,,,,,,0,64,1,0,0,995,0,0,0,75241,9,9,2,1,2,1,1,1,1,2,0,0,0,0,1,1,0,0,9,0,11,2,15,99,1,1,4,K,82,,,,,,,,,,,,,,,,,,,,,,,,,,,95,95,95,95,,,9.8,998,998,998,99.8,99.8,99.8,11761.6163672137,7,3
10368,32,69,1-32-2018-069-09,9,2,1FAFP38343W1,17,12,37,2003,4,1,2,0,1,F,2,1163,5,0,1,1,1,64,1,0,0,995,0,0,0,75217,2,2,2,1,4,2,1,1,1,1,3,3,0,0,1,1,0,0,9,0,1,4,72,99,1,1,4,K,83,0,0,0,0,0,0,0,0,0,0,170,80,0,0,0,1,5,999,999,999,9999999,999,999,30,3,0,99,99,0,0,0,995,9.8,998,998,998,99.8,99.8,99.8,11761.6163672137,7,3
10369,32,70,1-32-2018-070-01,1,1,1FDPE24L0YHC,17,12,461,2000,21,4,21,0,1,R,2,2304,5,0,1,1,1,72,1,1,1,45,3,7,2,75050,9,1,0,1,2,2,1,1,1,4,3,0,0,0,3,1,0,0,9,1,1,2,12,99,4,4,1,B,7,1,4,2,2,1,4,61,1,1,25,997,997,0,0,0,1,6,999,999,999,9999999,999,999,999,7,0,4,29,1,1,3,997,9.8,998,998,998,99.8,99.8,99.8,227.926783411252,7,3
10371,12,32,1-12-2018-032-01,1,1,1G1ZT51886F2,17,20,37,2006,4,1,3,0,1,F,9,1500,5,0,1,5,1,105,1,0,1,0,4,0,1,73401,2,2,0,4,2,1,2,1,2,1,1,2,2,3,2,1,0,0,9,1,14,2,10,1,1,2,3,G,50,0,0,0,0,0,0,0,0,0,0,85,270,0,0,0,1,5,999,999,999,9999999,999,999,999,9,0,6,75,1,1,0,995,9.8,998,998,998,99.8,99.8,99.8,449.62852847544,9,3
10371,12,32,1-12-2018-032-01,1,2,3HSDJAPR7FN0,17,84,881,2015,66,8,67,0,1,F,9,,,,,,1,105,1,0,0,995,0,0,0,48386,9,9,0,4,2,1,2,1,3,1,1,2,2,3,2,1,0,0,9,0,14,4,62,1,1,1,3,G,51,,,,,,,,,,,,,,,,,,,,,,,,,,,95,95,95,95,,,9.8,998,998,998,99.8,99.8,99.8,449.62852847544,9,3
10372,26,56,1-26-2018-056-03,3,1,2T1FF28P13C6,17,49,44,2003,1,1,3,0,1,F,9,1580,5,9999,9,0,1,80,1,0,0,995,0,0,0,95742,1,2,2,4,5,1,2,1,1,1,3,3,0,0,1,1,1,2,1,0,1,2,17,1,1,1,4,K,79,0,0,0,0,0,0,0,0,0,0,70,10,0,0,0,1,0,999,999,999,9999999,999,999,999,9,0,0,0,0,0,0,995,9.8,998,998,998,99.8,99.8,99.8,642.402600704815,10,3
10372,26,56,1-26-2018-056-03,3,2,2G1145S39H91,17,20,2,2017,4,1,4,1,1,L,1,1717,5,9999,9,4,1,56,1,0,0,995,0,0,0,95678,1,2,2,4,3,1,2,1,1,1,1,1,0,0,1,1,1,2,1,0,10,3,55,8,1,1,4,K,78,0,0,0,0,0,0,0,0,0,0,10,70,0,0,0,1,12,999,999,999,9999999,999,999,999,2,0,99,99,0,6,0,995,0.0,120,17,14,0.0,0.0,0.0,642.402600704815,10,3
10373,26,57,1-26-2018-057-02,2,1,4T1BK1FK4EU5,17,49,40,2014,4,1,3,0,1,F,1,1528,5,0,1,1,1,40,1,1,8,997,8,0,0,95843,1,2,2,4,2,1,2,1,1,1,0,0,0,0,3,8,2,2,9,1,1,2,17,4,1,4,1,C,11,0,0,0,0,0,0,0,0,0,0,270,160,0,1,0,1,3,13,-12,-5,8919,998,-30,12,0,4,1,1,0,4,0,995,0.0,68,57,120,0.0,5.1,5.1,25.5903509472387,10,3
10373,26,57,1-26-2018-057-02,2,2,JA4LS21H51P0,17,52,401,2001,14,3,14,0,2,L,1,1743,5,9999,9,4,,,,,,,,,,,,,,,,,,,,,,,,,,,,,,,,,,,,,,,,,,,,,,,,,,,,,,,,,,,,,,,,,,95,95,95,95,,,,,,,,,,25.5903509472387,10,3
10375,52,26,1-52-2018-026-10,10,1,1GMDX03E3WD2,17,22,441,1998,20,4,20,99,1,R,1,1760,5,9999,9,0,0,40,1,0,0,995,0,0,0,59101,9,9,2,4,3,1,2,1,1,1,1,1,0,0,1,1,1,2,9,0,1,2,17,99,1,2,5,L,87,0,0,0,0,0,0,0,0,0,0,150,55,0,0,0,1,3,24,0,-24,47285,998,17,26,0,4,95,95,95,95,0,995,9.8,998,998,998,99.8,99.8,99.8,2854.140660964,12,3
10375,52,26,1-52-2018-026-10,10,2,1GKFK16Z32J1,17,23,421,2002,15,3,15,0,1,F,1,2228,5,0,2,1,1,40,1,0,0,995,0,0,0,59457,1,2,2,3,3,2,2,1,1,1,1,1,0,0,1,1,1,2,1,0,1,2,17,2,1,1,5,L,86,0,0,0,0,0,0,0,0,0,0,55,150,0,0,0,1,3,16,-16,0,18664,998,17,14,0,1,0,0,0,0,0,995,9.8,998,998,998,99.8,99.8,99.8,2854.140660964,12,3
10376,32,71,1-32-2018-071-03,3,1,1FTEW1EG7FFB,17,12,481,2015,34,5,31,0,1,F,2,2130,5,0,1,1,1,113,1,8,0,995,0,7,0,75050,9,9,0,2,4,1,1,1,1,1,1,3,0,0,1,1,0,0,9,1,1,2,13,1,1,4,1,A,1,0,0,0,0,0,0,0,0,0,0,998,998,0,0,0,1,10,999,999,999,9999999,999,999,999,7,0,99,99,0,99,0,998,1.7,120,50,35,24.3,1.7,24.5,2920.46228130911,7,3
10377,16,61,1-16-2018-061-03,3,1,1FMZU34X9WUC,17,12,401,1998,14,3,14,0,1,R,3,1631,5,9999,9,0,1,56,1,0,0,995,0,0,0,45238,9,9,3,4,2,1,2,1,1,2,0,2,0,0,3,1,0,0,9,0,12,2,21,99,1,1,6,M,98,0,0,0,0,0,0,0,0,0,0,260,185,0,0,0,1,3,50,17,-47,216544,998,-30,56,0,4,0,0,0,0,0,995,9.8,998,998,998,99.8,99.8,99.8,64.701702442846,5,3
10377,16,61,1-16-2018-061-03,3,2,1HGCR2F77HA1,17,37,32,2017,4,1,4,0,1,F,3,1496,5,0,1,1,1,56,1,0,0,995,0,0,0,45211,2,2,0,4,2,1,2,1,1,4,0,2,0,0,3,1,0,0,1,0,1,4,71,3,1,1,6,M,98,0,0,0,0,0,0,0,0,0,0,185,260,0,0,0,1,3,52,-52,0,133945,998,0,46,0,4,1,1,0,4,0,995,9.8,998,998,998,99.8,99.8,99.8,64.701702442846,5,3
10378,16,62,1-16-2018-062-10,10,1,WVWCE63B85E1,17,30,46,2005,6,1,3,0,1,R,1,1584,5,91,2,1,1,89,1,0,0,995,0,0,0,66044,1,2,0,3,2,2,2,1,1,4,3,2,0,0,1,1,0,0,3,1,1,2,11,1,1,2,2,F,44,0,0,0,0,0,0,0,0,0,0,60,60,0,0,0,1,3,5,0,-5,3279,998,-124,5,0,4,0,0,0,0,0,995,9.8,998,998,998,99.8,99.8,99.8,1499.86369242519,5,3
10378,16,62,1-16-2018-062-10,10,2,1GCEK19866F2,17,20,481,2006,34,5,31,0,1,L,1,2290,5,9999,9,0,0,89,1,0,0,995,0,0,0,66044,9,9,0,3,2,1,2,1,1,4,1,3,0,0,1,1,0,0,9,0,1,4,60,1,1,1,2,F,45,0,0,0,0,0,0,0,0,0,0,60,60,0,0,0,1,3,4,0,4,1764,998,-12,4,0,4,95,95,95,95,0,995,9.8,998,998,998,99.8,99.8,99.8,1499.86369242519,5,3
10379,16,63,1-16-2018-063-07,7,1,4S3BE6868172,17,48,34,2001,4,1,3,0,1,F,1,1617,5,9999,9,0,1,89,1,0,0,995,0,0,0,45224,2,2,1,3,1,1,2,1,1,2,0,0,0,0,3,1,0,0,1,0,1,3,52,2,1,1,2,D,28,0,0,0,0,0,0,0,0,0,0,355,345,0,0,0,1,3,13,-13,0,10712,998,0,13,0,4,1,1,0,0,0,995,9.8,998,998,998,99.8,99.8,99.8,293.352813941714,5,3
10379,16,63,1-16-2018-063-07,7,2,19XFB2F8XDE0,17,37,31,2013,4,1,3,0,1,B,1,1236,5,0,1,1,1,89,1,0,0,995,0,0,0,45241,1,2,1,3,1,1,2,1,1,2,0,0,0,0,3,1,0,0,9,0,2,2,18,2,1,1,2,D,29,0,0,0,0,0,0,0,0,0,0,345,355,0,0,0,1,3,17,17,3,14912,998,8,17,0,4,0,0,0,0,0,995,9.8,998,998,998,99.8,99.8,99.8,293.352813941714,5,3
10380,27,31,1-27-2018-031-04,4,1,1D7HW22K95S1,17,7,472,2005,34,5,30,0,1,F,9,2012,5,9999,9,0,1,64,1,0,0,995,0,0,0,01201,9,9,2,1,3,2,2,2,1,1,1,1,0,0,1,1,1,2,9,0,1,2,17,99,1,1,4,K,83,0,0,0,0,0,0,0,0,0,0,80,285,0,0,0,1,0,999,999,999,9999999,999,999,999,9,0,99,99,0,99,0,995,9.8,998,998,998,99.8,99.8,99.8,171.82620299766,3,3
10380,27,31,1-27-2018-031-04,4,2,1FM5K8D82FGA,17,12,401,2015,14,3,14,0,1,L,1,2146,5,0,1,3,1,48,1,0,0,995,0,0,0,01201,4,2,2,4,4,3,2,2,1,1,1,2,0,0,1,1,1,2,1,0,11,4,66,4,1,1,4,K,82,0,0,0,0,0,0,0,0,0,0,285,80,0,0,0,1,12,999,999,999,9999999,999,999,999,1,0,0,0,0,0,0,995,9.8,998,998,998,99.8,99.8,99.8,171.82620299766,3,3
10381,27,32,1-27-2018-032-10,10,1,1N4AL21E88N4,17,35,47,2008,4,1,4,0,1,F,1,1429,5,0,1,1,1,48,1,0,0,995,0,0,0,01201,1,2,2,1,2,2,2,1,1,1,1,2,0,0,1,1,2,2,1,0,1,3,50,1,1,1,2,D,20,0,0,0,0,0,0,0,0,0,0,5,5,0,0,0,1,3,19,-19,0,17988,998,0,17,0,4,0,0,0,0,0,995,9.8,998,998,998,99.8,99.8,99.8,1180.06682769237,3,3
10381,27,32,1-27-2018-032-10,10,2,5TFUU4ENXCX0,17,49,472,2012,34,5,30,0,1,B,1,1834,5,9999,9,0,0,48,1,0,0,995,0,0,0,01201,9,9,2,1,2,2,2,1,1,1,1,2,0,0,1,1,2,2,9,0,5,3,53,99,1,1,2,D,22,0,0,0,0,0,0,0,0,0,0,5,5,0,0,0,1,3,15,15,0,20085,998,0,16,0,4,95,95,95,95,0,995,9.8,998,998,998,99.8,99.8,99.8,1180.06682769237,3,3
10383,10,33,1-10-2018-033-07,7,1,1N4BA41E16C8,17,35,39,2006,4,1,4,0,1,F,9,1576,5,9999,9,0,1,56,1,0,0,995,0,0,0,45415,9,9,2,4,5,2,2,1,1,1,1,1,0,0,1,1,1,2,1,0,1,4,66,99,1,1,5,L,88,0,0,0,0,0,0,0,0,0,0,135,40,0,0,0,1,0,999,999,999,9999999,999,999,999,9,0,99,99,0,99,0,995,9.8,998,998,998,99.8,99.8,99.8,263.809778041813,4,3
10383,10,33,1-10-2018-033-07,7,2,4T4BF1FK4DR2,17,49,40,2013,4,1,3,0,1,L,9,1441,5,9999,9,0,1,56,1,0,0,995,0,0,0,45065,9,9,2,4,2,1,2,1,1,1,1,2,0,0,1,1,1,2,1,0,1,4,66,99,1,1,5,L,89,0,0,0,0,0,0,0,0,0,0,40,135,0,0,0,1,0,999,999,999,9999999,999,999,999,9,0,0,0,0,0,0,995,9.8,998,998,998,99.8,99.8,99.8,263.809778041813,4,3
10383,10,33,1-10-2018-033-07,7,3,1FMCU0F71HUA,17,12,402,2017,14,3,14,0,1,F,9,1611,5,9999,9,0,0,56,1,0,0,995,0,0,0,45429,9,9,2,4,5,3,2,1,1,1,1,1,0,0,1,1,1,2,1,0,5,4,78,99,1,1,6,M,98,0,0,0,0,0,0,0,0,0,0,310,90,0,0,0,2,0,999,999,999,9999999,999,999,999,9,0,95,95,95,95,0,995,9.8,998,998,998,99.8,99.8,99.8,263.809778041813,4,3
10384,15,63,1-15-2018-063-02,2,1,3VW447AU7HM0,17,30,42,2017,5,1,2,0,1,F,3,1378,5,0,2,4,1,64,1,0,0,995,0,0,0,11739,1,2,0,1,3,1,2,1,2,1,1,3,0,0,3,1,0,0,1,1,14,1,8,7,4,4,1,B,8,0,0,0,0,0,0,0,0,0,0,998,998,0,0,2,2,11,999,999,999,9999999,999,999,999,8,0,2,6,0,3,0,998,0.3,9,9,119,7.3,0.3,7.4,16.8922870962494,1,3
10385,15,64,1-15-2018-064-04,4,1,1FDWE35P96HA,17,12,461,2006,21,4,21,0,1,R,9,2419,5,9999,9,0,0,56,1,9,0,995,0,9,0,11714,9,9,2,4,2,1,2,1,1,1,0,2,0,0,1,1,0,0,9,1,6,2,10,99,1,2,4,K,84,0,0,0,0,0,0,0,0,0,0,350,250,0,0,0,1,0,999,999,999,9999999,999,999,999,9,0,95,95,95,95,0,995,9.8,998,998,998,99.8,99.8,99.8,1021.4423107894,1,3
10385,15,64,1-15-2018-064-04,4,2,4T1BK1FK2GU5,17,49,40,2016,4,1,4,0,1,F,9,1552,5,9999,9,6,1,56,1,0,0,995,0,0,0,11793,9,9,2,4,2,1,2,1,1,1,0,0,0,0,1,1,2,2,9,0,11,2,15,99,1,1,4,K,84,0,0,0,0,0,0,0,0,0,0,250,350,0,0,0,1,12,999,999,999,9999999,999,999,999,9,0,0,0,0,0,0,995,9.8,998,998,998,99.8,99.8,99.8,1021.4423107894,1,3