CASEID,PSU,CASENO,CASENUMBER,CATEGORY,VEHNO,VIN,VINLENGTH,MAKE,MODEL,MODELYR,BODYTYPE,BODYCAT,VEHCLASS,SPECUSE,TRANSTAT,DAMPLANE,DAMSEV,CURBWT,CURBSRC,CARGOWT,CARGOSRC,INSPTYPE,TOWSTAT,SPEEDLIMIT,DRPRESENT,PARALCOHOL,ALCTEST,ALCTESTRESULT,ALCTESTSRC,PARDRUG,DRUGTEST,ZIP,RACE,ETHNICITY,RELTOJUNCT,TRAFFLOW,RDLANES,INITLANE,SURFTYPE,SURFCOND,ALIGNMENT,PROFILE,LINERIGHT,LINELEFT,RUMBINIT,RUMBROAD,LIGHTCOND,WEATHER,TRAFDEV,TRAFFUNCT,DISTRACT,PREFHE,PREMOVE,CRITCAT,CRITEVENT,MANEUVER,PRESTAB,PRELOC,CRASHCAT,CRASHCONF,CRASHTYPE,ROLLTYPE,ROLLTURN,ROLLINTRPT,ROLLPREMAN,ROLLINITYP,ROLLINLOC,ROLLOBJ,ROLLTRIP,ROLLDIR,ROLLDIST,DVANGTHIS,DVANGOTH,TOWHITCH,TRAJDOC,TREEPOLE,DVEVENT,DVBASIS,DVTOTAL,DVLONG,DVLAT,DVENERGY,DVSPEED,DVMOMENT,DVBES,DVEST,DVCONF,VAIS,VISS,VINJURED,VTREAT,INITOBJCLASS,HEADANGLECAT,SHLDRWIDTH,STRKLENGTH,STRKWIDTH,STRKHEIGHT,EDGEDISTX,EDGEDISTY,EDGEDISTZ,CASEWGT,PSUSTRAT,VERSION
10386,15,65,1-15-2018-065-04,4,1,3CZRU6H54GM7,17,37,404,2016,14,3,14,0,1,L,9,1389,5,0,2,6,1,56,1,0,0,995,0,0,0,11415,3,2,2,4,2,1,2,1,1,1,0,0,0,0,1,8,0,0,1,0,11,2,15,1,1,1,4,K,82,0,0,0,0,0,0,0,0,0,0,20,120,0,0,0,1,12,999,999,999,9999999,999,999,999,9,0,0,0,0,0,0,995,9.8,998,998,998,99.8,99.8,99.8,1021.4423107894,1,3
10386,15,65,1-15-2018-065-04,4,2,5XYKWDA25CG2,17,63,402,2012,14,3,14,0,1,F,9,1837,5,9999,9,0,0,56,1,0,0,995,0,0,0,11550,9,9,2,4,4,2,2,1,1,1,3,2,0,0,1,8,0,0,9,0,1,4,67,99,1,1,4,K,83,0,0,0,0,0,0,0,0,0,0,120,20,0,0,0,1,0,999,999,999,9999999,999,999,999,9,0,95,95,95,95,0,995,9.8,998,998,998,99.8,99.8,99.8,1021.4423107894,1,3
10387,31,26,1-31-2018-026-08,8,1,1G4HR52K1VH5,17,18,2,1997,4,1,4,0,1,F,2,1555,5,0,1,1,1,89,1,0,0,995,0,0,0,72335,9,9,2,4,2,1,2,1,1,4,1,2,0,0,1,1,2,2,9,0,1,2,14,8,1,4,1,C,14,0,0,0,0,0,0,0,0,0,0,998,998,0,0,0,1,10,999,999,999,9999999,999,0,27,3,0,9,97,0,8,0,998,0.0,120,120,120,6.2,4.1,7.3,342.02018286829,6,3
10388,31,27,1-31-2018-027-03,3,1,3N1AB7AP6FY2,17,35,43,2015,4,1,3,0,1,L,1,1293,5,0,1,1,1,89,1,0,1,0,2,1,2,62821,1,2,0,4,2,1,4,8,1,1,0,0,0,0,1,1,0,0,9,1,98,1,6,99,8,4,1,A,2,1,4,2,2,1,4,61,1,2,38,997,997,0,0,0,2,6,999,999,999,9999999,999,999,999,6,0,2,6,0,4,3,997,0.0,120,120,36,2.6,1.6,3.0,463.300143469966,6,3
10389,19,55,1-19-2018-055-03,3,1,1J4FA39S65P3,17,2,403,2005,14,3,14,0,1,F,2,1686,5,0,1,1,1,72,1,0,0,995,0,0,0,35904,1,2,0,1,2,2,2,1,2,1,3,2,0,0,1,1,0,0,1,0,14,3,50,2,1,1,2,D,20,0,0,0,0,0,0,0,0,0,0,10,10,0,0,0,1,1,29,-29,0,11240,998,13,13,0,1,1,1,0,4,0,995,9.8,998,998,998,99.8,99.8,99.8,285.360467259891,9,3
10389,19,55,1-19-2018-055-03,3,2,1N4AL3AP4EN2,17,35,47,2014,4,1,4,0,1,B,2,1451,5,0,1,1,1,72,1,0,0,995,0,0,0,39202,2,2,0,1,2,2,2,1,2,1,3,2,0,0,1,1,0,0,1,0,5,3,53,1,1,1,2,D,21,0,0,0,0,0,0,0,0,0,0,10,10,0,0,0,1,1,35,35,0,121212,998,34,45,0,4,1,1,0,4,0,995,9.8,998,998,998,99.8,99.8,99.8,285.360467259891,9,3
10389,19,55,1-19-2018-055-03,3,3,3GYFNBE33FS5,17,19,20,2015,6,1,4,0,1,B,1,2015,5,9999,9,0,0,72,1,0,0,995,0,0,0,99999,9,9,0,1,2,2,2,1,2,1,3,2,0,0,1,1,0,0,9,0,5,3,53,1,1,1,6,M,98,0,0,0,0,0,0,0,0,0,0,10,10,0,0,0,2,3,14,14,0,21247,998,0,16,0,4,95,95,95,95,0,995,9.8,998,998,998,99.8,99.8,99.8,285.360467259891,9,3
10389,19,55,1-19-2018-055-03,3,4,4T1BF1FK6EU3,17,49,40,2014,4,1,3,0,1,L,1,1441,5,0,1,2,0,72,1,0,0,995,0,0,0,36272,9,9,0,1,2,1,2,1,2,1,1,3,0,0,1,1,0,0,9,0,2,8,98,1,1,1,6,M,98,0,0,0,0,0,0,0,0,0,0,998,998,0,0,0,3,12,999,999,999,9999999,999,999,999,1,0,95,95,95,95,0,998,9.8,998,998,998,99.8,99.8,99.8,285.360467259891,9,3
10390,25,25,1-25-2018-025-07,7,1,KL1TD56E29B3,17,20,39,2009,4,1,1,0,1,F,1,1148,5,0,1,1,1,56,1,0,0,995,0,0,0,04092,9,9,0,4,2,1,2,1,1,2,1,4,0,0,1,1,0,0,9,0,1,3,50,99,1,1,2,D,20,0,0,0,0,0,0,0,0,0,0,45,45,0,0,0,1,3,24,-24,0,20632,998,0,21,0,4,0,0,0,0,0,995,9.8,998,998,998,99.8,99.8,99.8,932.604804127173,2,3
10390,25,25,1-25-2018-025-07,7,2,1C3CDFBA6DD3,17,7,29,2013,4,1,3,0,1,B,1,1471,5,9999,9,0,0,56,1,0,0,995,0,0,0,04105,9,9,0,4,2,1,2,1,1,2,1,4,0,0,1,1,0,0,1,0,5,3,53,99,1,1,2,D,21,0,0,0,0,0,0,0,0,0,0,45,45,0,0,0,1,3,20,20,0,29412,998,0,23,0,4,95,95,95,95,0,995,9.8,998,998,998,99.8,99.8,99.8,932.604804127173,2,3
10390,25,25,1-25-2018-025-07,7,3,5J6RM4H72GL0,17,37,402,2016,14,3,14,99,2,B,9,1586,5,9999,9,0,,,,,,,,,,,,,,,,,,,,,,,,,,,,,,,,,,,,,,,,,,,,,,,,,,,,,,,,,,,,,,,,,,95,95,95,95,,,,,,,,,,932.604804127173,2,3
10391,25,26,1-25-2018-026-04,4,1,JTMRFREV0JJ7,17,49,402,2018,14,3,14,0,1,F,1,1610,8,9999,9,4,1,97,1,0,0,995,0,0,0,04530,9,9,0,3,2,1,2,1,1,1,1,3,0,0,1,1,0,0,1,0,1,6,87,99,1,1,1,C,13,0,0,0,0,0,0,0,0,0,0,998,998,0,0,0,1,10,999,999,999,9999999,999,999,999,6,0,0,0,0,0,0,998,9.8,998,998,998,99.8,99.8,99.8,847.082654078361,2,3
10392,17,62,1-17-2018-062-07,7,1,JT2AT86FXL00,17,49,33,1990,2,1,1,0,1,F,1,1213,5,0,1,1,1,89,1,0,1,0,2,9,0,61241,1,2,0,4,2,1,2,1,1,1,1,4,0,0,1,1,0,0,1,0,1,6,87,4,1,1,1,C,13,0,0,0,0,0,0,0,0,0,0,998,998,0,0,0,1,10,999,999,999,9999999,999,-31,12,2,0,1,1,0,4,0,998,9.8,998,998,998,99.8,99.8,99.8,1214.79447510049,4,3
10392,17,62,1-17-2018-062-07,7,2,3VWRZ7AJ9AM0,17,30,40,2010,4,1,2,0,1,F,1,1465,5,0,1,1,1,89,1,9,0,995,0,9,0,61201,1,2,0,4,2,1,2,1,1,1,1,2,0,0,1,1,0,0,1,0,1,6,87,2,1,1,6,M,98,0,0,0,0,0,0,0,0,0,0,998,998,0,0,0,2,10,999,999,999,9999999,999,25,12,2,0,0,0,0,0,0,998,9.8,998,998,998,99.8,99.8,99.8,1214.79447510049,4,3
10393,17,63,1-17-2018-063-09,9,1,WDBUF56J26A7,17,42,48,2006,4,1,4,0,1,R,1,1680,5,0,1,1,1,72,1,8,0,995,0,7,0,94928,1,2,1,2,2,1,2,1,1,9,3,3,2,3,1,1,8,2,1,0,1,4,74,1,1,1,2,F,49,0,0,0,0,0,0,0,0,0,0,140,100,0,0,0,1,1,8,4,-7,5541,998,162,6,0,4,0,0,0,0,0,995,9.8,998,998,998,99.8,99.8,99.8,1069.71992473106,4,3
10393,17,63,1-17-2018-063-09,9,2,1C3EL45R14N1,17,6,43,2004,1,1,3,0,1,F,1,1522,5,0,1,1,1,72,1,8,0,995,0,7,0,61244,1,2,1,3,1,1,2,1,2,9,1,3,0,0,1,1,8,2,1,1,16,2,10,2,1,2,2,F,49,0,0,0,0,0,0,0,0,0,0,100,140,0,0,0,1,1,9,-9,3,10414,998,19,13,0,4,1,1,0,4,0,995,9.9,999,999,999,0.0,0.0,0.0,1069.71992473106,4,3
10394,17,64,1-17-2018-064-01,1,1,JN8DR09Y42W7,17,35,401,2002,14,3,14,0,1,F,3,1962,5,90,1,1,1,113,1,9,1,78,4,9,1,52753,9,9,0,1,2,2,2,1,1,9,3,1,1,3,1,1,0,0,9,1,1,2,12,99,9,4,1,B,6,1,10,9,2,1,4,61,1,1,999,998,998,0,0,0,1,12,999,999,999,9999999,999,999,999,4,0,9,0,0,1,3,998,1.2,999,120,999,99.9,99.9,99.9,107.235600535357,4,3
10395,29,29,1-29-2018-029-06,6,1,JNKBV61F57M8,17,58,37,2007,4,1,4,0,1,F,2,1680,5,0,1,1,1,48,1,0,0,995,0,0,0,02746,9,9,2,4,2,1,2,2,1,1,0,0,0,0,1,2,2,2,9,0,1,2,17,99,1,2,5,L,88,0,0,0,0,0,0,0,0,0,0,340,275,0,0,0,1,1,25,-22,-12,88927,998,-100,30,0,3,0,0,0,0,0,995,9.8,998,998,998,99.8,99.8,99.8,412.981243723421,2,3
10395,29,29,1-29-2018-029-06,6,2,1HGCP26799A0,17,37,32,2009,4,1,4,0,1,L,2,1523,5,0,1,1,1,48,1,0,0,995,0,0,0,02740,2,2,1,3,1,1,2,2,1,1,0,0,0,0,1,2,0,0,3,0,1,4,66,1,4,1,5,L,89,0,0,0,0,0,0,0,0,0,0,275,340,0,0,0,1,1,27,0,27,23653,998,-44,19,0,3,1,1,0,4,0,995,0.0,120,16,16,0.0,0.0,0.0,412.981243723421,2,3
10395,29,29,1-29-2018-029-06,6,3,1N4DL01A6YC2,17,35,47,2000,4,1,2,0,2,B,1,1304,5,0,1,5,,,,,,,,,,,,,,,,,,,,,,,,,,,,,,,,,,,,,,,,,,,,,,,,,,,,,,,,,,,,,,,,,,95,95,95,95,,,,,,,,,,412.981243723421,2,3
10396,14,29,1-14-2018-029-02,2,1,1D7HA18216J1,17,7,482,2006,34,5,31,0,1,F,9,9999,9,9999,9,0,1,64,1,0,0,995,0,0,0,78133,1,9,2,5,3,2,2,1,1,1,0,0,0,0,1,1,0,0,9,1,1,2,10,99,9,2,3,G,50,0,0,0,0,0,0,0,0,0,0,350,190,0,0,0,1,0,999,999,999,9999999,999,999,999,9,0,9,97,0,99,0,995,9.8,998,998,998,99.8,99.8,99.8,274.081452904409,8,3
10396,14,29,1-14-2018-029-02,2,2,1GNSCBKC7HR3,17,20,421,2017,15,3,15,0,1,F,2,2408,5,0,1,1,1,64,1,0,0,995,0,0,0,78133,1,2,2,5,3,2,2,1,1,1,4,4,0,0,1,1,0,0,1,0,5,4,62,1,1,1,3,G,51,0,0,0,0,0,0,0,0,0,0,190,350,0,0,0,1,98,999,999,999,9999999,999,999,999,7,0,3,14,1,4,0,995,9.8,998,998,998,99.8,99.8,99.8,274.081452904409,8,3
10397,13,69,1-13-2018-069-02,2,1,1XKTDU8X67J2,17,85,881,2007,66,8,67,0,1,B,9,,,,,,1,80,1,0,0,995,0,0,0,76244,9,9,0,2,3,2,1,1,1,1,3,3,0,0,3,1,0,0,9,0,1,3,53,1,1,1,2,D,25,,,,,,,,,,,,,,,,,,,,,,,,,,,95,95,95,95,,,9.8,998,998,998,99.8,99.8,99.8,48.9926711816002,7,3
10397,13,69,1-13-2018-069-02,2,2,3N1CE2CP3JL3,17,35,50,2018,5,1,2,0,1,F,3,1114,5,0,1,1,1,80,1,1,1,159,1,0,0,76148,3,9,0,2,3,2,1,1,1,1,3,3,0,0,3,1,0,0,9,0,1,3,51,3,1,1,2,D,24,0,0,0,0,0,0,0,0,0,0,0,0,0,0,0,1,5,999,999,999,9999999,999,999,999,8,0,4,41,1,3,0,995,9.8,998,998,998,99.8,99.8,99.8,48.9926711816002,7,3
10398,13,70,1-13-2018-070-05,5,1,1FTRX07LX1KF,17,12,481,2001,34,5,31,0,1,F,1,1911,5,9999,9,0,1,999,1,0,0,995,0,0,0,76052,1,2,2,1,4,2,1,1,1,1,3,5,0,0,3,1,1,2,3,0,1,3,50,1,1,1,2,D,20,0,0,0,0,0,0,0,0,0,0,0,0,0,0,0,1,3,23,-23,0,46009,998,0,24,0,4,0,0,0,0,0,995,9.8,998,998,998,99.8,99.8,99.8,77.3797269844641,7,3
10398,13,70,1-13-2018-070-05,5,2,1J4RS4GG3BC5,17,2,404,2011,14,3,14,0,1,B,1,2028,5,0,1,1,1,999,1,0,0,995,0,0,0,76137,1,1,2,1,4,2,1,1,1,1,3,5,0,0,3,1,1,2,1,0,5,3,53,1,1,1,2,D,21,0,0,0,0,0,0,0,0,0,0,0,0,0,0,0,1,3,22,22,0,35449,998,24,20,0,1,1,2,0,4,0,995,9.8,998,998,998,99.8,99.8,99.8,77.3797269844641,7,3
10399,13,71,1-13-2018-071-03,3,1,2GCEK19T7312,17,20,481,2003,34,5,31,0,1,F,2,2151,5,100,1,1,1,89,1,0,0,995,0,0,0,75860,1,9,2,1,5,2,2,1,1,1,1,3,0,0,1,8,1,2,9,0,1,2,17,99,1,1,4,J,69,0,0,0,0,0,0,0,0,0,0,270,20,0,0,0,1,5,999,999,999,9999999,999,999,999,7,0,99,99,0,99,0,995,9.8,998,998,998,99.8,99.8,99.8,1189.82865740832,7,3
10399,13,71,1-13-2018-071-03,3,2,1GNEC13Z92R1,17,20,431,2002,16,3,16,0,1,F,1,2228,5,9999,9,0,1,89,1,0,0,995,0,0,0,76053,1,1,2,1,4,4,2,1,1,1,1,2,0,0,1,8,1,2,9,0,11,4,63,99,1,1,4,J,68,0,0,0,0,0,0,0,0,0,0,320,220,0,0,0,3,3,4,-3,3,1355,998,58,4,0,4,2,5,0,4,0,995,9.8,998,998,998,99.8,99.8,99.8,1189.82865740832,7,3
10399,13,71,1-13-2018-071-03,3,3,WDC0G4JB7JV0,17,42,405,2018,14,3,14,0,1,L,1,1815,5,0,1,1,1,89,1,0,0,995,0,0,0,76022,9,1,2,1,3,1,2,1,1,1,1,1,0,0,1,8,1,2,9,0,5,4,67,99,1,1,6,M,98,0,0,0,0,0,0,0,0,0,0,220,320,0,0,0,3,3,5,-2,5,2845,998,-89,5,0,4,1,2,0,4,0,995,9.8,998,998,998,99.8,99.8,99.8,1189.82865740832,7,3
10400,22,34,1-22-2018-034-06,6,1,5TEWM72N44Z4,17,49,472,2004,34,5,30,0,1,F,1,1574,5,0,1,1,1,40,1,1,1,30,1,0,0,99163,1,2,2,4,4,2,2,1,1,1,1,2,0,0,1,1,0,0,1,0,1,4,62,2,1,1,3,G,51,0,0,0,0,0,0,0,0,0,0,165,305,0,0,0,1,1,23,-21,8,76638,998,74,30,0,4,0,0,0,0,0,995,9.8,998,998,998,99.8,99.8,99.8,381.591299918497,12,3
10400,22,34,1-22-2018-034-06,6,2,WMWMF33599TW,17,69,54,2009,3,1,1,0,1,F,2,1155,5,0,1,1,1,40,1,0,0,995,0,0,0,98105,1,2,2,4,4,2,2,1,3,1,1,2,0,0,1,1,3,2,1,1,14,2,15,2,1,3,3,G,50,0,0,0,0,0,0,0,0,0,0,305,165,0,0,0,1,1,31,-29,-11,16391,998,-11,18,0,4,1,1,0,5,0,995,9.8,998,998,998,99.8,99.8,99.8,381.591299918497,12,3
10404,30,38,1-30-2018-038-04,4,1,1C3CCCAB5FN6,17,6,18,2015,4,1,3,0,1,F,1,1575,5,0,1,1,1,89,1,0,0,995,0,0,0,85206,1,2,0,3,1,99,2,1,2,1,9,9,0,0,3,1,0,0,1,1,14,2,10,99,1,2,1,C,12,0,0,0,0,0,0,0,0,0,0,998,998,0,0,0,2,1,17,-13,-11,28374,998,-111,17,0,1,1,1,0,0,0,998,9.9,999,999,999,99.9,99.9,99.9,5312.93583380117,10,3
10405,30,39,1-30-2018-039-02,2,1,5TDZKRFH8GS1,17,49,403,2016,14,3,14,0,1,F,1,1925,5,0,2,0,1,40,1,0,0,995,0,0,0,85255,1,2,2,4,2,1,2,1,1,1,1,2,0,0,1,1,2,2,1,0,1,2,17,2,1,1,5,L,88,0,0,0,0,0,0,0,0,0,0,70,355,0,1,0,2,3,2,-1,-2,515,998,60,2,0,4,0,0,0,0,0,995,9.8,998,998,998,99.8,99.8,99.8,71.3890117348969,10,3
10405,30,39,1-30-2018-039-02,2,2,JTDKDTB34E10,17,49,46,2014,5,1,2,0,1,L,1,1135,5,0,1,1,1,48,1,0,1,0,2,0,1,85233,9,9,2,4,3,1,2,1,1,1,1,1,0,0,1,1,0,0,9,0,1,4,66,4,1,1,5,L,89,0,0,0,0,0,0,0,0,0,0,355,70,0,0,0,1,3,8,-4,7,6387,998,69,10,0,4,2,5,0,3,0,995,9.8,998,998,998,99.8,99.8,99.8,71.3890117348969,10,3
10406,33,55,1-33-2018-055-06,6,1,19XFB2F5XCE3,17,37,31,2012,4,1,3,0,1,F,1,1267,5,0,1,1,1,64,1,1,8,997,8,0,0,95966,1,2,2,4,2,1,2,1,1,1,1,2,0,0,1,1,2,2,9,0,1,2,17,1,1,1,5,L,86,0,0,0,0,0,0,0,0,0,0,270,350,0,0,0,1,5,999,999,999,9999999,999,999,15,2,0,2,5,0,6,0,995,9.8,998,998,998,99.8,99.8,99.8,160.89081987741,12,3
10406,33,55,1-33-2018-055-06,6,2,1HSCAAHN9YJ0,17,84,881,2000,66,8,67,0,1,R,9,,,,,,0,89,1,0,0,995,0,0,0,95954,9,9,2,4,4,2,2,1,1,1,1,1,0,2,1,1,0,0,9,0,1,4,66,3,1,1,5,L,87,,,,,,,,,,,,,,,,,,,,,,,,,,,95,95,95,95,,,9.8,998,998,998,99.8,99.8,99.8,160.89081987741,12,3
10407,33,56,1-33-2018-056-08,8,1,3C7WRMAL4FG6,17,7,880,2015,67,8,60,0,1,F,9,,,,,,0,40,1,9,0,995,0,9,0,95969,9,9,0,4,2,1,2,1,1,1,0,2,0,0,3,1,0,0,9,0,1,3,51,99,1,1,2,D,24,,,,,,,,,,,,,,,,,,,,,,,,,,,95,95,95,95,,,9.8,998,998,998,99.8,99.8,99.8,101.693885463413,12,3
10407,33,56,1-33-2018-056-08,8,2,JHMEG8642SS0,17,37,31,1995,4,1,2,0,1,B,3,1037,5,0,1,1,1,40,1,0,1,0,2,0,0,95928,1,2,0,4,2,1,2,1,1,1,0,2,0,0,3,1,0,0,9,0,1,3,53,1,1,1,2,D,25,0,0,0,0,0,0,0,0,0,0,20,20,0,0,0,1,5,999,999,999,9999999,999,999,50,4,0,1,2,0,4,0,995,0.0,120,120,21,0.0,0.0,0.0,101.693885463413,12,3
10408,21,52,1-21-2018-052-04,4,1,2C4RDGCG3FR5,17,7,442,2015,20,4,20,0,1,F,3,2050,5,9999,9,1,1,113,1,0,0,995,0,0,0,92064,1,9,0,2,3,2,1,1,1,9,1,3,0,3,1,1,0,0,9,1,1,2,13,99,1,4,1,A,1,0,0,0,0,0,0,0,0,0,0,998,998,0,0,0,2,12,999,999,999,9999999,999,999,999,4,0,99,99,0,99,0,998,2.7,999,999,999,99.9,99.9,99.9,616.982382470226,11,3
10409,21,53,1-21-2018-053-08,8,1,1GNDS13SX521,17,20,403,2005,14,3,14,0,1,T,1,2004,5,0,2,5,1,113,1,0,0,995,0,0,0,91344,1,2,0,1,2,1,2,1,1,9,3,2,1,3,4,1,0,0,3,1,1,2,12,8,9,4,1,A,1,1,8,2,2,1,4,61,1,1,36,997,997,0,1,0,2,6,999,999,999,9999999,999,999,999,6,0,3,14,1,3,3,997,3.3,999,999,999,60.7,17.0,63.4,116.320430262659,11,3
10415,26,59,1-26-2018-059-05,5,1,1FAHP35N99W1,17,12,37,2009,4,1,2,0,1,F,2,1189,5,0,1,1,1,89,1,1,1,250,2,9,1,95827,1,9,2,1,3,2,2,1,1,1,3,1,0,0,1,1,1,2,9,1,1,3,51,2,1,2,2,D,24,0,0,0,0,0,0,0,0,0,0,150,150,0,1,0,1,3,33,-33,0,49483,998,-42,30,0,4,1,2,0,4,0,995,9.8,998,998,998,99.8,99.8,99.8,49.9890512933533,10,3
10415,26,59,1-26-2018-059-05,5,2,5UXZV4C53D0E,17,34,401,2013,14,3,14,0,1,B,1,2250,5,9999,9,0,1,89,1,0,0,995,0,0,0,95823,3,9,2,1,3,3,2,1,1,1,1,0,0,0,1,1,1,2,9,0,4,3,53,99,1,1,2,D,25,0,0,0,0,0,0,0,0,0,0,150,150,0,0,0,1,3,18,18,0,37400,998,0,20,0,4,99,99,0,99,0,995,9.8,998,998,998,99.8,99.8,99.8,49.9890512933533,10,3
10416,21,55,1-21-2018-055-06,6,1,999999999999,99,49,32,2010,4,1,2,0,1,F,9,1279,5,9999,9,0,1,72,1,0,0,995,0,0,0,93313,2,9,2,4,5,2,2,1,2,1,3,2,0,0,1,1,0,0,3,1,14,2,12,99,1,4,1,B,6,0,0,0,0,0,0,0,0,0,0,998,998,0,0,0,2,0,999,999,999,9999999,999,999,999,9,0,1,3,0,4,0,998,2.7,120,15,14,10.4,5.2,11.5,275.191059499888,11,3
10417,20,70,1-20-2018-070-03,3,1,3VWRK69M93M1,17,30,40,2003,4,1,1,0,1,R,3,1308,5,46,2,1,1,89,1,0,0,995,0,0,0,94546,1,2,2,4,2,1,2,1,2,1,1,2,0,0,1,1,0,0,2,0,11,2,21,9,1,2,4,J,74,0,0,0,0,0,0,0,0,0,0,200,115,0,0,0,1,3,43,-15,-40,166502,998,66,49,0,4,2,5,0,6,0,995,9.8,998,998,998,99.8,99.8,99.8,140.826473447527,11,3
10417,20,70,1-20-2018-070-03,3,2,KM8SN4HF7FU0,17,55,401,2015,14,3,14,0,1,F,2,1790,5,0,2,0,1,89,1,0,0,995,0,0,0,93465,1,2,2,4,2,1,2,1,3,1,1,2,0,0,1,1,0,0,1,0,14,4,62,2,1,1,4,J,74,0,0,0,0,0,0,0,0,0,0,115,200,0,0,0,1,3,32,-30,11,55682,998,75,24,0,4,1,1,0,4,0,995,9.8,998,998,998,99.8,99.8,99.8,140.826473447527,11,3
10418,20,71,1-20-2018-071-03,3,1,3VW2K7AJ6EM4,17,30,40,2014,4,1,3,0,1,F,2,1307,5,9999,9,5,1,56,1,0,0,995,0,0,0,93955,1,9,0,4,4,2,2,1,1,1,3,2,0,0,1,8,0,0,9,0,1,3,52,99,1,1,2,D,28,0,0,0,0,0,0,0,0,0,0,200,200,0,0,0,1,12,999,999,999,9999999,999,999,999,3,0,99,99,0,99,0,995,9.8,998,998,998,99.8,99.8,99.8,140.826473447527,11,3
10418,20,71,1-20-2018-071-03,3,2,JF2GPABC6G82,17,48,403,2016,14,3,14,0,1,B,9,1455,5,9999,9,0,1,56,1,0,0,995,0,0,0,93924,1,9,0,4,4,2,2,1,1,1,3,2,0,0,1,8,0,0,9,0,2,3,52,99,1,1,2,D,29,0,0,0,0,0,0,0,0,0,0,200,200,0,0,0,1,0,999,999,999,9999999,999,999,999,9,0,99,99,0,99,0,995,9.8,998,998,998,99.8,99.8,99.8,140.826473447527,11,3
10418,20,71,1-20-2018-071-03,3,3,1N4DL01D61C2,17,35,47,2001,4,1,2,0,1,B,9,1300,5,9999,9,0,0,56,1,0,0,995,0,0,0,95076,9,9,0,4,4,2,2,1,1,1,3,2,0,0,1,8,0,0,9,0,2,3,52,99,1,1,6,M,98,0,0,0,0,0,0,0,0,0,0,200,200,0,0,0,2,0,999,999,999,9999999,999,999,999,9,0,95,95,95,95,0,995,9.8,998,998,998,99.8,99.8,99.8,140.826473447527,11,3
10418,20,71,1-20-2018-071-03,3,4,999999999999,99,99,999,9999,99,10,99,99,1,9,9,,,,,,0,56,1,9,0,995,0,9,0,99999,9,9,0,4,4,2,2,1,1,1,3,2,0,0,1,8,0,0,9,0,5,3,52,99,1,1,6,M,98,,,,,,,,,,,,,,,,,,,,,,,,,,,95,95,95,95,,,9.8,998,998,998,99.8,99.8,99.8,140.826473447527,11,3
10419,66,24,1-66-2018-024-10,10,1,1GTEC14MXWZ5,17,23,481,1998,34,5,31,0,1,R,1,1790,5,0,1,2,0,64,1,0,0,995,0,7,0,65708,9,9,2,4,2,1,2,1,1,2,0,0,0,0,1,8,2,2,2,0,1,4,66,9,1,1,5,L,87,0,0,0,0,0,0,0,0,0,0,5,275,0,1,0,1,1,19,-3,-18,26429,998,125,15,0,1,95,95,95,95,0,995,0.0,6,6,30,2.6,1.3,2.9,1366.92404149826,6,3
10419,66,24,1-66-2018-024-10,10,2,1N4AL21E67N4,17,35,47,2007,4,1,4,0,1,F,1,1429,5,0,1,1,1,89,1,0,0,995,0,7,0,65769,1,2,2,4,2,1,2,1,1,1,1,2,0,0,1,8,0,0,1,0,1,2,17,2,2,1,5,L,86,0,0,0,0,0,0,0,0,0,0,275,5,0,1,0,1,1,22,-22,4,44230,998,31,27,0,1,0,0,0,0,0,995,9.8,998,998,998,99.8,99.8,99.8,1366.92404149826,6,3
10420,10,34,1-10-2018-034-08,8,1,1GNET16S2561,17,20,403,2005,14,3,14,0,1,F,1,2271,5,0,1,1,1,56,1,0,0,995,0,0,0,45404,1,2,2,4,2,1,2,1,1,1,0,4,0,0,1,1,0,0,2,0,11,4,63,9,1,2,4,J,68,0,0,0,0,0,0,0,0,0,0,250,90,0,0,0,1,1,12,-12,-2,24269,998,-52,15,0,4,0,0,0,5,0,995,9.8,998,998,998,99.8,99.8,99.8,31.1380676181556,4,3
10420,10,34,1-10-2018-034-08,8,2,2G1WF52E0491,17,20,2,2004,4,1,4,0,1,F,1,1572,5,0,1,1,1,56,1,0,0,995,0,0,0,45424,9,9,2,4,2,1,2,1,1,1,0,4,0,0,1,1,0,0,1,0,1,2,17,1,1,1,4,J,69,0,0,0,0,0,0,0,0,0,0,90,250,0,0,0,1,1,18,-17,3,11475,998,-16,13,0,4,9,97,0,8,0,995,9.8,998,998,998,99.8,99.8,99.8,31.1380676181556,4,3
10422,20,72,1-20-2018-072-08,8,1,5N1ED28T72C5,17,35,402,2002,14,3,14,0,1,R,1,1897,5,0,2,5,1,40,1,0,0,995,0,0,0,93905,9,1,2,4,5,3,2,1,1,1,1,2,0,0,1,8,1,2,1,0,11,2,15,1,1,1,4,J,68,0,0,0,0,0,0,0,0,0,0,340,225,0,0,0,1,12,999,999,999,9999999,999,999,999,2,0,0,0,0,0,0,995,9.8,998,998,998,99.8,99.8,99.8,69.7195463491907,11,3