CASEID,PSU,CASENO,CASENUMBER,CATEGORY,VEHNO,VIN,VINLENGTH,MAKE,MODEL,MODELYR,BODYTYPE,BODYCAT,VEHCLASS,SPECUSE,TRANSTAT,DAMPLANE,DAMSEV,CURBWT,CURBSRC,CARGOWT,CARGOSRC,INSPTYPE,TOWSTAT,SPEEDLIMIT,DRPRESENT,PARALCOHOL,ALCTEST,ALCTESTRESULT,ALCTESTSRC,PARDRUG,DRUGTEST,ZIP,RACE,ETHNICITY,RELTOJUNCT,TRAFFLOW,RDLANES,INITLANE,SURFTYPE,SURFCOND,ALIGNMENT,PROFILE,LINERIGHT,LINELEFT,RUMBINIT,RUMBROAD,LIGHTCOND,WEATHER,TRAFDEV,TRAFFUNCT,DISTRACT,PREFHE,PREMOVE,CRITCAT,CRITEVENT,MANEUVER,PRESTAB,PRELOC,CRASHCAT,CRASHCONF,CRASHTYPE,ROLLTYPE,ROLLTURN,ROLLINTRPT,ROLLPREMAN,ROLLINITYP,ROLLINLOC,ROLLOBJ,ROLLTRIP,ROLLDIR,ROLLDIST,DVANGTHIS,DVANGOTH,TOWHITCH,TRAJDOC,TREEPOLE,DVEVENT,DVBASIS,DVTOTAL,DVLONG,DVLAT,DVENERGY,DVSPEED,DVMOMENT,DVBES,DVEST,DVCONF,VAIS,VISS,VINJURED,VTREAT,INITOBJCLASS,HEADANGLECAT,SHLDRWIDTH,STRKLENGTH,STRKWIDTH,STRKHEIGHT,EDGEDISTX,EDGEDISTY,EDGEDISTZ,CASEWGT,PSUSTRAT,VERSION
10422,20,72,1-20-2018-072-08,8,2,1FMZU63K32ZC,17,12,473,2002,34,5,30,0,1,F,1,1970,5,9999,9,5,1,56,1,0,0,995,0,0,0,93905,9,1,2,4,5,1,2,1,1,1,1,3,0,0,1,8,1,2,9,0,1,4,62,99,1,1,4,J,69,0,0,0,0,0,0,0,0,0,0,225,340,0,0,0,1,12,999,999,999,9999999,999,999,999,2,0,2,5,0,4,0,995,9.8,998,998,998,99.8,99.8,99.8,69.7195463491907,11,3
10423,24,41,1-24-2018-041-03,3,1,2FMDK3JC0BBA,17,12,24,2011,6,1,4,0,1,F,1,1852,5,0,1,2,0,80,1,0,0,995,0,0,0,08201,9,9,2,4,4,2,2,1,1,1,3,2,0,0,1,1,0,0,9,0,1,3,50,99,1,1,2,D,20,0,0,0,0,0,0,0,0,0,0,95,95,0,0,0,1,3,13,-13,0,11688,998,0,13,0,4,95,95,95,95,0,995,9.8,998,998,998,99.8,99.8,99.8,577.990290562299,1,3
10423,24,41,1-24-2018-041-03,3,2,KNAFX6A82G55,17,63,38,2016,2,1,3,0,1,B,1,1302,5,0,1,1,1,80,1,0,0,995,0,0,0,08037,1,1,2,4,4,2,2,1,1,1,3,2,0,0,1,1,0,0,1,0,5,3,53,2,1,1,2,D,21,0,0,0,0,0,0,0,0,0,0,95,95,0,0,0,1,3,17,17,0,16339,998,0,18,0,4,0,0,0,5,0,995,9.8,998,998,998,99.8,99.8,99.8,577.990290562299,1,3
10424,12,33,1-12-2018-033-04,4,1,1G1ZS57F67F2,17,20,37,2007,4,1,3,0,1,F,2,1416,5,0,1,1,1,72,1,0,0,995,0,0,0,73401,5,2,2,4,4,2,2,1,1,1,3,2,0,0,1,1,0,0,1,0,1,4,67,1,1,1,4,K,83,0,0,0,0,0,0,0,0,0,0,0,250,0,0,0,1,1,28,-24,-14,69934,998,-103,28,0,1,2,5,0,3,0,995,9.8,998,998,998,99.8,99.8,99.8,1006.73005033281,9,3
10424,12,33,1-12-2018-033-04,4,2,1FMJU1FT6GEF,17,12,422,2016,15,3,15,0,1,L,1,2652,5,0,1,1,1,56,1,0,0,995,0,0,0,74075,7,1,2,4,2,1,2,1,1,1,0,2,0,0,1,1,2,2,1,0,11,2,15,1,1,1,4,K,82,0,0,0,0,0,0,0,0,0,0,250,0,0,0,0,1,1,15,-12,10,25394,998,-59,15,0,1,0,0,0,0,0,995,9.8,998,998,998,99.8,99.8,99.8,1006.73005033281,9,3
10425,12,34,1-12-2018-034-04,4,1,1FT7W2BT4HEE,17,12,481,2017,34,5,31,0,1,F,1,2938,5,0,1,1,1,105,1,0,0,995,0,0,0,73491,1,2,0,4,2,1,2,1,2,4,1,2,2,3,1,1,0,0,3,1,14,2,10,8,1,2,3,G,50,0,0,0,0,0,0,0,0,0,0,65,250,0,0,0,1,5,999,999,999,9999999,999,999,16,2,0,2,4,0,6,0,995,9.8,998,998,998,99.8,99.8,99.8,1006.73005033281,9,3
10425,12,34,1-12-2018-034-04,4,2,3HSFMAHR2YN0,17,84,881,2000,66,8,67,0,1,F,9,,,,,,1,105,1,0,0,995,0,0,0,74525,9,9,0,4,2,1,2,1,3,1,1,2,2,3,1,1,0,0,9,0,14,4,62,99,1,1,3,G,51,,,,,,,,,,,,,,,,,,,,,,,,,,,95,95,95,95,,,9.8,998,998,998,99.8,99.8,99.8,1006.73005033281,9,3
10426,23,62,1-23-2018-062-03,3,1,JF2SJAWC9HH4,17,48,401,2017,14,3,14,0,1,F,1,1498,5,0,1,1,1,89,1,0,0,995,0,0,0,43062,1,2,2,4,2,1,2,1,1,1,1,2,0,0,1,1,0,0,3,0,11,2,15,99,1,1,4,J,68,0,0,0,0,0,0,0,0,0,0,310,180,0,0,0,1,1,16,-14,-8,14191,998,-62,14,0,1,1,1,0,3,0,995,9.8,998,998,998,99.8,99.8,99.8,240.428380821584,5,3
10426,23,62,1-23-2018-062-03,3,2,1N4AL3AP5GN3,17,35,47,2016,4,1,4,0,1,F,1,1453,5,9999,9,1,1,89,1,0,0,995,0,0,0,43201,9,9,2,4,2,1,2,1,1,1,1,4,0,0,1,1,0,0,9,0,1,4,62,99,1,1,4,J,69,0,0,0,0,0,0,0,0,0,0,180,310,0,0,0,1,1,17,-16,6,23837,998,39,19,0,1,1,1,0,4,0,995,9.8,998,998,998,99.8,99.8,99.8,240.428380821584,5,3
10426,23,62,1-23-2018-062-03,3,3,MLHPC4460H54,17,37,705,2017,80,9,80,0,1,9,9,,,,,,1,89,1,0,0,995,0,0,0,43001,9,9,2,4,2,1,2,1,1,1,1,2,0,0,1,1,2,2,9,0,5,4,62,99,1,1,6,M,98,,,,,,,,,,,,,,,,,,,,,,,,,,,95,95,95,95,,,9.8,998,998,998,99.8,99.8,99.8,240.428380821584,5,3
10427,23,63,1-23-2018-063-03,3,1,2T1BURHE4FC3,17,49,32,2015,4,1,3,0,1,F,1,1265,5,0,1,1,1,89,1,0,1,0,2,1,2,43015,9,9,0,4,2,1,2,1,1,1,1,2,0,0,1,1,0,0,1,1,1,4,62,8,1,4,1,A,3,0,0,0,0,0,0,0,0,0,0,998,998,0,0,2,1,11,999,999,999,9999999,999,999,999,6,0,1,1,0,4,0,998,0.6,30,30,119,30.8,5.8,31.5,240.428380821584,5,3
10428,23,64,1-23-2018-064-09,9,1,1C3CDFBB2FD1,17,7,29,2015,4,1,3,0,1,F,2,1445,5,9999,9,0,0,72,1,0,0,995,0,0,0,43035,9,9,2,4,6,2,2,1,1,1,2,3,0,0,1,1,1,2,9,0,1,3,52,99,1,1,2,D,28,0,0,0,0,0,0,0,0,0,0,260,260,0,0,0,1,3,26,-26,0,31819,998,0,24,0,4,95,95,95,95,0,995,9.8,998,998,998,99.8,99.8,99.8,868.070855800104,5,3
10428,23,64,1-23-2018-064-09,9,2,3N1AB61E98L7,17,35,43,2008,4,1,3,0,1,B,2,1351,5,0,1,1,1,72,1,0,0,995,0,0,0,43614,2,2,2,4,6,2,2,1,1,1,1,3,0,0,1,1,1,2,1,0,2,3,53,2,1,1,2,D,29,0,0,0,0,0,0,0,0,0,0,260,260,0,0,0,1,3,26,26,0,44295,998,-24,28,0,4,0,0,0,0,0,995,9.8,998,998,998,99.8,99.8,99.8,868.070855800104,5,3
10429,11,6,1-11-2018-006-03,3,1,1FAHP3FN9AW1,17,12,37,2010,4,1,2,0,1,F,1,1225,5,0,1,1,1,72,1,1,1,384,2,0,0,23225,9,9,2,1,3,3,2,1,1,2,1,2,0,0,1,1,1,2,1,0,1,2,17,2,1,1,5,L,86,0,0,0,0,0,0,0,0,0,0,350,75,0,0,0,1,1,19,-17,10,36391,998,75,24,0,1,0,0,0,4,0,995,9.8,998,998,998,99.8,99.8,99.8,5618.90484567629,8,3
10429,11,6,1-11-2018-006-03,3,2,2T1BURHE5GC7,17,49,32,2016,4,1,3,0,1,R,1,1265,5,0,1,1,1,72,1,0,0,995,0,0,0,23833,9,9,2,1,5,4,2,1,1,1,1,1,0,0,1,1,1,2,1,0,1,2,17,3,1,1,5,L,87,0,0,0,0,0,0,0,0,0,0,75,350,0,0,0,1,1,19,-9,-16,9214,998,-54,13,0,1,0,0,0,4,0,995,9.8,998,998,998,99.8,99.8,99.8,5618.90484567629,8,3
10430,52,27,1-52-2018-027-04,4,1,1GTHK43K19F1,17,23,481,2009,34,5,31,99,1,R,1,2711,5,1588,2,5,0,56,1,0,9,998,8,0,9,59101,9,9,2,1,4,1,2,2,2,2,1,1,0,0,1,2,1,2,9,0,14,2,17,1,1,1,5,L,87,0,0,0,0,0,0,0,0,0,0,350,220,1,0,0,1,5,999,999,999,9999999,999,999,999,6,0,95,95,95,95,0,995,9.8,998,998,998,99.8,99.8,99.8,260.60203452364,12,3
10430,52,27,1-52-2018-027-04,4,2,KM8J3CA24GU0,17,55,402,2016,14,3,14,0,1,F,1,1634,5,0,1,3,1,56,1,0,9,998,8,0,9,59105,9,9,2,3,3,2,2,2,1,2,1,1,0,0,1,2,1,2,9,0,1,2,17,1,1,1,5,L,86,0,0,0,0,0,0,0,0,0,0,220,350,0,0,0,1,5,999,999,999,9999999,999,999,999,6,0,0,0,0,0,0,995,9.8,998,998,998,99.8,99.8,99.8,260.60203452364,12,3
10432,32,72,1-32-2018-072-10,10,1,1NXBR12E2WZ0,17,49,32,1998,4,1,1,0,1,F,1,1095,5,0,1,1,1,48,1,0,0,995,0,0,0,75052,1,1,0,4,2,1,1,1,1,1,0,0,0,0,2,1,0,0,3,0,1,3,50,1,1,1,2,D,20,0,0,0,0,0,0,0,0,0,0,5,5,0,0,0,1,3,15,-15,0,8675,998,62,12,0,4,0,0,0,0,0,995,9.8,998,998,998,99.8,99.8,99.8,23297.1646788849,7,3
10432,32,72,1-32-2018-072-10,10,2,1HGEJ7226YL0,17,37,31,2000,4,1,2,0,2,B,1,1067,5,9999,9,0,,,,,,,,,,,,,,,,,,,,,,,,,,,,,,,,,,,,,,,,,,,,,,,,,,,,,,,,,,,,,,,,,,95,95,95,95,,,,,,,,,,23297.1646788849,7,3
10433,32,73,1-32-2018-073-01,1,1,JM3LV5225K01,17,41,441,1989,20,4,20,0,1,F,3,1571,5,0,1,1,1,113,1,0,1,0,3,0,2,75119,1,2,0,3,4,4,2,1,1,2,3,2,0,0,3,1,0,0,9,1,1,2,12,1,1,4,1,B,6,0,0,0,0,0,0,0,0,0,0,998,998,0,0,1,1,1,57,-57,0,219602,998,-32,57,0,4,5,43,1,1,0,998,3.5,60,60,120,32.0,6.5,32.5,83.203849708798,7,3
10434,32,74,1-32-2018-074-04,4,1,3N1AB7AP7GY3,17,35,43,2016,4,1,3,0,1,F,9,1306,5,9999,9,0,1,64,1,0,0,995,0,0,0,75249,1,1,0,1,3,1,1,1,3,1,0,3,0,0,1,1,0,0,3,1,14,2,13,99,1,4,1,A,1,0,0,0,0,0,0,0,0,0,0,998,998,0,0,7,1,0,999,999,999,9999999,999,999,999,9,0,0,0,0,0,0,998,0.0,30,30,120,7.5,1.3,7.7,3395.80995874587,7,3
10435,16,64,1-16-2018-064-09,9,1,3N1CB51DX6L5,17,35,43,2006,4,1,1,0,1,F,3,1170,5,0,1,1,1,56,1,0,0,995,0,0,0,45246,7,2,0,4,5,2,2,1,1,1,1,3,0,0,1,8,0,0,9,1,1,1,9,99,3,4,1,A,2,0,0,0,0,0,0,0,0,0,0,998,998,0,0,1,1,1,43,-43,0,94859,998,30,43,0,1,1,1,0,6,0,998,0.0,25,50,120,0.6,0.5,0.8,1588.10371259264,5,3
10436,16,65,1-16-2018-065-06,6,1,4S4BSBNC1G33,17,48,45,2016,4,1,3,0,1,L,1,1614,5,9999,9,0,0,56,1,0,0,995,0,0,0,45244,9,9,2,4,2,1,2,1,1,4,0,0,0,0,1,8,0,0,9,0,11,3,55,99,1,1,4,K,82,0,0,0,0,0,0,0,0,0,0,30,140,0,0,0,1,3,22,-11,19,52649,998,-60,27,0,4,95,95,95,95,0,995,9.8,998,998,998,99.8,99.8,99.8,527.968646016426,5,3
10436,16,65,1-16-2018-065-06,6,2,1N4AL2AP6CN4,17,35,47,2012,4,1,4,0,1,F,1,1437,5,0,1,1,1,56,1,0,0,995,0,0,0,45255,1,2,2,4,3,2,2,1,1,4,1,2,0,0,1,8,0,0,1,0,1,3,55,1,1,1,4,K,83,0,0,0,0,0,0,0,0,0,0,140,30,0,0,0,1,3,23,-23,-4,22694,998,-84,17,0,4,1,1,0,0,0,995,9.8,998,998,998,99.8,99.8,99.8,527.968646016426,5,3
10437,16,66,1-16-2018-066-07,7,1,2G1WF52E4492,17,20,2,2004,4,1,4,0,1,F,1,1572,5,0,1,1,1,56,1,0,0,995,0,0,0,45202,1,2,0,4,2,1,2,2,2,1,0,2,0,0,1,2,0,0,1,1,14,2,10,4,1,2,3,G,50,0,0,0,0,0,0,0,0,0,0,255,80,0,0,0,1,1,12,-9,8,16760,998,150,12,0,4,0,0,0,5,0,995,9.8,998,998,998,99.8,99.8,99.8,1803.48105293533,5,3
10437,16,66,1-16-2018-066-07,7,2,1G1AT58H4971,17,20,22,2009,4,1,2,0,1,F,1,1261,5,0,1,1,1,56,1,0,0,995,0,0,0,45220,9,9,0,4,2,1,2,2,3,1,0,2,0,0,1,2,0,0,9,0,14,4,62,99,1,1,3,G,51,0,0,0,0,0,0,0,0,0,0,80,255,0,0,0,1,1,14,-11,9,16195,998,99,14,0,4,0,0,0,0,0,995,9.8,998,998,998,99.8,99.8,99.8,1803.48105293533,5,3
10438,10,35,1-10-2018-035-05,5,1,1G1ZS52F35F3,17,20,37,2005,4,1,3,0,1,L,1,1440,5,0,1,1,1,56,1,0,0,995,0,0,0,45402,2,2,2,4,2,1,2,1,1,1,0,2,0,0,3,8,2,2,1,0,1,2,17,8,1,1,5,L,89,0,0,0,0,0,0,0,0,0,0,260,0,0,0,0,1,3,9,-3,8,8660,998,-102,9,0,4,1,1,0,4,0,995,9.8,998,998,998,99.8,99.8,99.8,21.7779466372294,4,3
10438,10,35,1-10-2018-035-05,5,2,2G1WB5EK3A12,17,20,2,2010,4,1,4,0,1,F,1,1613,5,9999,9,0,1,56,1,0,0,995,0,0,0,45415,9,9,2,4,2,1,2,1,1,1,0,2,0,0,3,8,0,0,9,0,1,4,66,99,1,1,5,L,88,0,0,0,0,0,0,0,0,0,0,0,260,0,0,0,1,3,9,-8,-1,3717,998,-41,7,0,4,9,97,0,8,0,995,9.8,998,998,998,99.8,99.8,99.8,21.7779466372294,4,3
10439,52,29,1-52-2018-029-06,6,1,2GNFLGE51C63,17,20,404,2012,14,3,14,0,1,L,1,1782,5,0,1,1,1,80,1,0,0,995,0,0,0,59106,1,2,2,4,2,1,2,1,1,1,1,2,0,0,1,1,2,2,2,0,1,2,17,2,2,2,5,L,89,0,0,0,0,0,0,0,0,0,0,0,85,0,1,0,1,3,13,-5,12,22296,998,111,14,0,4,3,10,1,3,0,995,9.8,998,998,998,99.8,99.8,99.8,85.5822223845407,12,3
10439,52,29,1-52-2018-029-06,6,2,1FMFU18L33LB,17,12,422,2003,15,3,15,0,1,F,1,2579,5,0,1,1,1,72,1,0,0,995,0,0,0,59102,1,2,2,4,2,1,2,1,1,1,1,2,0,0,1,1,0,0,1,0,1,4,66,2,2,1,5,L,88,0,0,0,0,0,0,0,0,0,0,85,0,0,1,0,1,3,9,-8,-5,12096,998,-106,9,0,4,1,1,0,4,0,995,9.8,998,998,998,99.8,99.8,99.8,85.5822223845407,12,3
10440,59,39,1-59-2018-039-05,5,1,JN8AS5MT2AW5,17,35,51,2010,6,1,3,0,1,F,3,1485,5,0,1,1,1,48,1,0,1,0,2,0,2,47807,9,9,0,3,2,1,2,1,1,1,0,3,0,0,1,1,0,0,9,1,1,2,11,99,1,4,1,C,11,0,0,0,0,0,0,0,0,0,0,280,280,0,0,0,1,3,41,-41,7,93091,998,35,38,0,4,1,1,0,4,0,995,9.8,998,998,998,99.8,99.8,99.8,140.815710085151,6,3
10440,59,39,1-59-2018-039-05,5,2,JN8AS5MV6AW1,17,35,51,2010,6,1,3,0,2,B,3,1564,5,9999,9,0,,,,,,,,,,,,,,,,,,,,,,,,,,,,,,,,,,,,,,,,,,,,,,,,,,,,,,,,,,,,,,,,,,95,95,95,95,,,,,,,,,,140.815710085151,6,3
10441,28,36,1-28-2018-036-07,7,1,2A4RR5D12AR2,17,6,441,2010,20,4,20,0,1,F,1,2044,5,181,1,1,1,113,1,0,0,995,0,0,0,14469,1,2,0,1,4,1,2,1,1,1,1,3,2,3,4,1,0,0,1,0,1,6,87,1,1,1,1,C,13,0,0,0,0,0,0,0,0,0,0,998,998,0,0,0,1,10,999,999,999,9999999,999,1,11,2,0,0,0,0,0,0,998,9.8,998,998,998,99.8,99.8,99.8,587.321285194385,3,3
10442,15,66,1-15-2018-066-06,6,1,1G8ZK52762Z1,17,24,1,2002,4,1,2,0,1,F,3,1067,5,0,1,1,1,64,1,0,0,995,0,0,0,11552,9,9,2,1,3,3,1,1,1,1,1,2,0,0,5,1,1,2,9,0,11,2,15,2,1,1,4,J,68,0,0,0,0,0,0,0,0,0,0,150,10,0,0,0,1,3,49,-42,-24,120992,998,-91,43,0,4,2,6,0,3,0,995,9.8,998,998,998,99.8,99.8,99.8,754.836984395845,1,3
10442,15,66,1-15-2018-066-06,6,2,1HGCP26479A0,17,37,32,2009,4,1,4,0,1,F,2,1468,5,9999,9,0,1,64,1,0,0,995,0,0,0,11501,1,1,2,1,3,2,1,1,1,1,3,1,0,0,5,1,1,2,9,0,1,4,62,99,1,1,4,J,69,0,0,0,0,0,0,0,0,0,0,10,150,0,0,0,1,3,37,-36,6,120992,998,36,44,0,4,1,1,0,4,0,995,9.8,998,998,998,99.8,99.8,99.8,754.836984395845,1,3
10443,15,67,1-15-2018-067-03,3,1,1FDRF3G63FEA,17,12,481,2015,34,5,31,0,1,F,9,2913,5,9999,9,0,0,48,1,0,0,995,0,0,0,11793,9,9,2,4,4,2,2,1,1,1,3,2,0,0,1,1,0,0,9,0,11,2,15,99,1,1,4,J,68,0,0,0,0,0,0,0,0,0,0,140,0,1,0,0,1,0,999,999,999,9999999,999,999,999,9,0,95,95,95,95,0,995,9.8,998,998,998,99.8,99.8,99.8,568.698486311619,1,3
10443,15,67,1-15-2018-067-03,3,2,5N1DR2MM3HC6,17,35,401,2017,14,3,14,0,1,F,1,2119,5,0,1,1,1,48,1,0,0,995,0,0,0,11793,9,9,2,4,4,1,2,1,1,1,1,3,0,0,1,1,0,0,9,0,1,4,62,4,1,1,4,J,69,0,0,0,0,0,0,0,0,0,0,0,140,0,0,0,1,5,999,999,999,9999999,999,999,12,2,0,1,2,0,4,0,995,9.8,998,998,998,99.8,99.8,99.8,568.698486311619,1,3
10444,15,68,1-15-2018-068-04,4,1,JTDKN3DU8F04,17,49,46,2015,5,1,3,0,1,F,9,1380,5,0,2,0,1,48,1,0,0,995,0,0,0,11563,1,2,0,4,2,1,4,1,1,1,0,0,0,0,1,1,0,0,1,0,1,1,5,2,1,1,1,C,12,0,0,0,0,0,0,0,0,0,0,998,998,0,0,0,1,0,999,999,999,9999999,999,999,999,9,0,0,0,0,0,0,998,9.8,998,998,998,99.8,99.8,99.8,1715.10806019225,1,3
10445,25,27,1-25-2018-027-01,1,1,1J4GL58K73W6,17,2,405,2003,14,3,14,0,1,F,3,1834,5,9999,9,1,1,72,1,0,1,0,4,0,1,04009,1,2,0,4,2,1,2,2,1,1,1,4,1,0,1,2,0,0,9,1,1,2,10,1,1,2,3,G,50,0,0,0,0,0,0,0,0,0,0,170,0,0,0,0,1,5,999,999,999,9999999,999,999,53,4,0,3,14,2,1,0,995,9.8,998,998,998,99.8,99.8,99.8,150.425127471,2,3
10445,25,27,1-25-2018-027-01,1,2,1GNEK13T83R2,17,20,421,2003,15,3,15,0,1,F,3,2211,5,9999,9,1,1,72,1,0,1,0,2,0,2,04055,1,2,0,4,3,2,2,2,1,1,3,2,1,0,1,2,0,0,1,0,1,4,62,1,1,1,3,G,51,0,0,0,0,0,0,0,0,0,0,0,170,1,0,0,1,5,999,999,999,9999999,999,999,999,5,0,5,33,1,3,0,995,9.8,998,998,998,99.8,99.8,99.8,150.425127471,2,3
10446,27,33,1-27-2018-033-03,3,1,3MZBM1U73FM1,17,41,51,2015,4,1,3,0,1,F,1,1284,5,0,1,1,1,40,1,9,9,998,8,9,9,99999,9,9,0,4,2,1,2,1,2,4,1,2,0,0,2,1,0,0,9,1,14,2,13,1,1,4,1,A,1,0,0,0,0,0,0,0,0,0,0,998,998,0,0,7,1,10,999,999,999,9999999,999,70,13,2,0,99,99,0,99,0,998,0.1,999,999,999,12.8,0.8,12.8,88.9890585627466,3,3
10447,66,25,1-66-2018-025-01,1,1,1GNDS13S8224,17,20,401,2002,14,3,14,0,1,T,2,2015,5,0,1,1,1,113,1,0,0,995,0,7,0,67217,1,2,0,2,2,2,2,1,1,4,3,2,1,3,1,1,0,0,3,1,1,2,12,4,3,4,1,A,2,1,2,2,2,1,4,61,1,2,28,997,997,0,1,0,2,6,999,999,999,9999999,999,999,999,7,0,3,22,1,1,3,997,2.8,120,120,-48,10.8,5.9,12.1,200.68044634236,6,3
10448,31,28,1-31-2018-028-07,7,1,JN1AZ4EH3AM5,17,35,48,2010,2,1,2,0,1,L,1,1488,5,0,2,1,1,0,1,0,0,995,0,0,0,61554,1,2,2,1,2,1,2,1,1,1,1,2,0,0,1,1,2,2,3,0,11,3,55,1,1,7,4,K,82,0,0,0,0,0,0,0,0,0,0,50,150,0,0,0,1,5,999,999,999,9999999,999,999,7,1,0,0,0,0,0,0,995,9.8,998,998,998,99.8,99.8,99.8,346.50890140151,6,3
10448,31,28,1-31-2018-028-07,7,2,1FTSX21P55EB,17,12,481,2005,34,5,31,0,1,F,1,2818,5,427,2,1,1,89,1,0,0,995,0,0,0,61944,1,2,2,1,2,1,2,1,1,1,1,2,0,0,1,1,0,0,1,0,1,3,55,3,1,1,4,K,83,0,0,0,0,0,0,0,0,0,0,150,50,1,0,0,1,5,999,999,999,9999999,999,999,999,2,0,0,0,0,0,0,995,0.0,40,20,10,0.0,0.0,0.0,346.50890140151,6,3
10449,19,56,1-19-2018-056-04,4,1,1GNCS13W2X21,17,20,401,1999,14,3,14,0,1,F,1,1729,5,0,1,1,1,72,1,0,0,995,0,0,0,35904,2,2,2,1,4,2,2,1,1,1,3,3,0,0,1,1,1,2,1,0,1,4,62,4,1,1,4,J,69,0,0,0,0,0,0,0,0,0,0,300,40,0,0,0,1,1,14,-14,0,38725,998,9,22,0,4,0,0,0,0,0,995,9.8,998,998,998,99.8,99.8,99.8,460.645542685533,9,3
10449,19,56,1-19-2018-056-04,4,2,KNDJP3A51G73,17,63,37,2016,6,1,2,0,1,T,1,1287,5,0,1,1,1,72,1,0,0,995,0,0,0,35904,1,2,2,1,4,4,2,1,1,1,1,2,0,0,1,1,1,2,1,0,11,2,15,1,1,1,4,J,68,1,2,2,5,1,1,61,1,2,5,997,997,0,0,0,2,6,999,999,999,9999999,999,999,999,6,0,0,0,0,0,3,997,9.8,998,998,998,99.8,99.8,99.8,460.645542685533,9,3
10450,19,57,1-19-2018-057-09,9,1,5PVNJ8JN0E4S,17,98,806,2014,61,8,60,0,1,L,9,,,,,,1,80,1,0,0,995,0,0,0,35901,9,9,2,1,2,2,2,1,1,1,3,2,0,0,1,1,0,0,1,0,1,4,65,99,1,1,4,K,77,,,,,,,,,,,,,,,,,,,,,,,,,,,95,95,95,95,,,9.9,999,999,999,99.9,99.9,99.9,559.028045790177,9,3
10450,19,57,1-19-2018-057-09,9,2,JHLRE383X8C0,17,37,402,2008,14,3,14,0,1,R,1,1544,5,0,1,1,1,80,1,0,0,995,0,0,0,35904,1,2,2,4,2,1,2,1,1,1,0,0,0,0,1,1,2,2,1,0,11,2,15,99,1,1,4,K,76,0,0,0,0,0,0,0,0,0,0,110,110,0,0,0,1,5,999,999,999,9999999,999,999,19,2,0,0,0,0,4,0,995,3.0,120,1,120,14.0,8.0,16.0,559.028045790177,9,3
10451,19,58,1-19-2018-058-04,4,1,JTKJF5C76E30,17,67,32,2014,3,1,3,0,1,F,1,1417,5,0,1,1,1,40,1,0,0,995,0,0,0,35903,1,2,0,4,2,1,2,1,2,2,0,0,0,0,2,1,0,0,1,1,14,2,12,4,1,4,1,B,6,0,0,0,0,0,0,0,0,0,0,998,998,0,1,1,3,11,999,999,999,9999999,999,999,999,6,0,0,0,0,0,0,998,0.0,120,120,-42,4.8,2.1,5.4,460.64554276656,9,3
10452,17,65,1-17-2018-065-05,5,1,1NXBU4EE9AZ3,17,49,32,2010,4,1,2,0,1,F,1,1279,5,46,1,1,1,89,1,1,8,997,8,9,0,61242,1,2,0,4,2,1,2,3,1,4,4,1,0,0,2,2,0,0,3,1,1,2,12,1,1,4,1,B,6,0,0,0,0,0,0,0,0,0,0,998,998,0,0,0,2,1,13,-13,-2,10311,998,-41,13,0,1,3,17,1,3,0,998,1.4,120,81,0,0.5,4.6,2.2,47.9233869628999,4,3
10453,17,66,1-17-2018-066-06,6,1,1GCEK14W5VZ1,17,20,481,1997,34,5,30,0,1,F,1,1839,5,9999,9,0,0,48,1,9,0,995,0,9,0,61614,9,9,2,4,4,1,2,1,1,1,0,1,0,0,1,1,1,2,3,0,1,2,17,99,1,1,5,L,86,0,0,0,0,0,0,0,0,0,0,190,260,0,0,0,1,3,8,-4,7,6335,998,199,6,0,4,95,95,95,95,0,995,9.8,998,998,998,99.8,99.8,99.8,237.208455160444,4,3
10453,17,66,1-17-2018-066-06,6,2,1G1ZC5EU6BF1,17,20,37,2011,4,1,4,0,1,R,1,1549,5,0,1,1,1,48,1,0,0,995,0,0,1,61265,1,1,2,3,4,2,2,1,1,1,1,3,0,0,1,1,1,2,9,0,1,4,68,3,1,1,5,L,87,0,0,0,0,0,0,0,0,0,0,260,190,0,0,0,1,3,9,-7,-4,10192,998,56,12,0,4,1,1,0,4,0,995,9.8,998,998,998,99.8,99.8,99.8,237.208455160444,4,3
10454,17,67,1-17-2018-067-08,8,1,1GNET16S1661,17,20,403,2006,14,3,14,0,1,F,3,2084,5,0,1,1,1,48,1,9,1,0,2,9,2,61265,1,2,1,4,4,1,2,1,1,1,0,3,0,0,3,1,0,0,3,1,16,2,10,1,1,2,2,F,47,0,0,0,0,0,0,0,0,0,0,998,998,0,0,0,2,8,999,999,999,9999999,999,999,999,8,0,3,10,1,3,0,998,0.0,999,999,999,39.2,1.8,39.3,100.831120146452,4,3
10454,17,67,1-17-2018-067-08,8,2,5XYZU3LB0HG4,17,55,401,2017,14,3,14,0,1,R,1,1569,5,0,1,2,0,48,1,9,0,995,0,9,0,61244,9,9,1,4,4,2,2,1,1,1,2,3,0,0,3,1,5,2,9,1,1,4,61,99,1,1,2,F,45,0,0,0,0,0,0,0,0,0,0,180,180,0,0,0,1,3,5,5,-1,2343,998,-59,6,0,1,95,95,95,95,0,995,9.8,998,998,998,99.8,99.8,99.8,100.831120146452,4,3
10455,29,30,1-29-2018-030-03,3,1,WVWAK73C06P0,17,30,46,2006,4,1,3,99,1,F,1,1499,5,9999,9,0,0,48,1,0,0,995,0,0,0,02740,9,9,2,4,2,1,2,1,1,1,0,0,0,0,1,1,2,2,9,0,1,2,17,99,1,9,5,L,88,0,0,0,0,0,0,0,0,0,0,235,165,0,0,0,1,3,6,-6,-2,1886,998,-74,5,0,4,95,95,95,95,0,995,9.8,998,998,998,99.8,99.8,99.8,209.846101987063,2,3