CASEID,PSU,CASENO,CASENUMBER,CATEGORY,VEHNO,VIN,VINLENGTH,MAKE,MODEL,MODELYR,BODYTYPE,BODYCAT,VEHCLASS,SPECUSE,TRANSTAT,DAMPLANE,DAMSEV,CURBWT,CURBSRC,CARGOWT,CARGOSRC,INSPTYPE,TOWSTAT,SPEEDLIMIT,DRPRESENT,PARALCOHOL,ALCTEST,ALCTESTRESULT,ALCTESTSRC,PARDRUG,DRUGTEST,ZIP,RACE,ETHNICITY,RELTOJUNCT,TRAFFLOW,RDLANES,INITLANE,SURFTYPE,SURFCOND,ALIGNMENT,PROFILE,LINERIGHT,LINELEFT,RUMBINIT,RUMBROAD,LIGHTCOND,WEATHER,TRAFDEV,TRAFFUNCT,DISTRACT,PREFHE,PREMOVE,CRITCAT,CRITEVENT,MANEUVER,PRESTAB,PRELOC,CRASHCAT,CRASHCONF,CRASHTYPE,ROLLTYPE,ROLLTURN,ROLLINTRPT,ROLLPREMAN,ROLLINITYP,ROLLINLOC,ROLLOBJ,ROLLTRIP,ROLLDIR,ROLLDIST,DVANGTHIS,DVANGOTH,TOWHITCH,TRAJDOC,TREEPOLE,DVEVENT,DVBASIS,DVTOTAL,DVLONG,DVLAT,DVENERGY,DVSPEED,DVMOMENT,DVBES,DVEST,DVCONF,VAIS,VISS,VINJURED,VTREAT,INITOBJCLASS,HEADANGLECAT,SHLDRWIDTH,STRKLENGTH,STRKWIDTH,STRKHEIGHT,EDGEDISTX,EDGEDISTY,EDGEDISTZ,CASEWGT,PSUSTRAT,VERSION
10535,29,32,1-29-2018-032-10,10,2,1GNET16S0461,17,20,403,2004,14,3,14,0,1,F,1,2092,5,46,2,1,1,89,1,0,0,995,0,0,9,02915,1,2,0,2,3,1,2,1,1,9,1,3,0,0,3,1,0,0,1,0,1,4,60,2,1,1,2,F,45,0,0,0,0,0,0,0,0,0,0,270,0,0,0,0,3,3,18,-18,0,19280,998,0,15,0,4,0,0,0,0,0,995,9.8,998,998,998,99.8,99.8,99.8,7568.67980275292,2,3
10536,19,59,1-19-2018-059-09,9,1,JHMEG864XNS0,17,37,31,1992,4,1,2,0,1,F,2,1027,5,0,1,1,1,40,1,0,0,995,0,0,0,35976,1,2,2,4,3,1,2,1,1,1,0,1,0,0,1,8,1,2,3,0,1,2,17,99,1,1,4,K,83,0,0,0,0,0,0,0,0,0,0,120,350,0,0,0,1,3,27,-27,0,22186,998,-36,22,0,4,1,1,0,6,0,995,9.8,998,998,998,99.8,99.8,99.8,242.743949306903,9,3
10536,19,59,1-19-2018-059-09,9,2,1FMPU20585LB,17,12,422,2005,15,3,15,0,1,L,1,2524,5,9999,9,0,0,40,1,0,0,995,0,0,0,35901,9,9,2,4,2,1,2,1,1,1,0,0,0,0,1,8,1,2,9,0,11,4,66,99,1,1,4,K,82,0,0,0,0,0,0,0,0,0,0,350,120,0,0,0,1,3,12,-7,9,27721,998,-70,15,0,4,95,95,95,95,0,995,9.8,998,998,998,99.8,99.8,99.8,242.743949306903,9,3
10537,19,60,1-19-2018-060-03,3,1,1G1JA6SH9E41,17,20,28,2014,5,1,1,0,1,R,1,1259,5,0,1,1,1,72,1,0,0,995,0,0,0,35905,1,2,2,1,3,1,2,1,1,1,1,2,0,0,1,1,1,2,9,0,11,2,15,99,1,1,4,J,68,0,0,0,0,0,0,0,0,0,0,210,120,0,0,0,1,1,23,-12,-20,19904,998,54,18,0,1,1,2,0,4,0,995,9.8,998,998,998,99.8,99.8,99.8,61.3044553608765,9,3
10537,19,60,1-19-2018-060-03,3,2,1G2ZH18N7741,17,22,22,2007,2,1,4,0,1,F,1,1548,5,0,1,1,1,72,1,0,0,995,0,0,0,35906,1,2,2,1,4,3,2,1,1,1,3,3,0,0,1,1,1,2,1,0,1,2,17,2,1,1,4,J,69,0,0,0,0,0,0,0,0,0,0,120,210,0,0,0,1,1,18,-16,9,45874,998,93,22,0,1,1,2,0,4,0,995,9.8,998,998,998,99.8,99.8,99.8,61.3044553608765,9,3
10538,19,61,1-19-2018-061-09,9,1,1GNCS18ZXP01,17,20,401,1993,14,3,14,0,1,F,1,1454,5,100,1,1,1,40,1,0,0,995,0,0,0,35904,1,2,3,4,2,1,2,2,1,1,1,2,0,0,2,2,0,0,3,1,1,3,52,3,1,1,2,D,28,0,0,0,0,0,0,0,0,0,0,170,220,0,1,0,1,3,7,-7,0,3416,998,0,7,0,4,0,0,0,3,0,995,0.2,15,18,120,1.8,0.8,1.9,242.743949306903,9,3
10538,19,61,1-19-2018-061-09,9,2,1N4AL21E97C1,17,35,47,2007,4,1,4,0,1,B,1,1429,5,0,1,1,1,40,1,0,0,995,0,0,0,36272,2,2,3,4,2,1,2,2,1,1,1,1,0,0,2,2,0,0,1,0,10,3,52,1,1,1,2,D,31,0,0,0,0,0,0,0,0,0,0,220,170,0,1,0,1,3,8,5,-6,8203,998,174,8,0,4,0,0,0,4,0,995,9.8,998,998,998,99.8,99.8,99.8,242.743949306903,9,3
10539,26,65,1-26-2018-065-01,1,1,1LNFM97V3WY6,17,13,5,1998,4,1,3,0,1,U,3,1755,5,0,1,1,1,105,1,9,9,998,8,9,9,95823,2,9,1,1,2,1,2,1,3,9,1,3,0,0,3,1,0,0,9,1,14,2,12,99,9,4,1,B,7,1,6,1,2,1,4,61,1,2,999,996,996,0,0,6,3,7,999,999,999,9999999,999,999,999,8,0,9,0,0,1,3,996,5.9,999,999,999,99.9,99.9,99.9,57.1251605684296,10,3
10540,26,66,1-26-2018-066-03,3,1,4V4WC9EH8JN8,17,51,884,2018,66,8,68,0,1,R,9,,,,,,0,80,1,0,0,995,0,0,0,93204,9,9,0,2,3,2,2,1,1,1,3,3,0,0,1,1,0,0,9,1,15,2,11,99,1,2,2,F,46,,,,,,,,,,,,,,,,,,,,,,,,,,,95,95,95,95,,,9.8,998,998,998,99.8,99.8,99.8,935.460579982428,10,3
10540,26,66,1-26-2018-066-03,3,2,2HGFB2F8XFH5,17,37,31,2015,4,1,3,0,1,F,1,1258,5,0,1,1,1,80,1,0,0,995,0,0,0,95828,9,9,0,2,3,1,2,1,1,1,0,3,0,0,1,1,0,0,9,0,1,4,60,99,1,1,2,F,45,0,0,0,0,0,0,0,0,0,0,998,998,0,1,1,2,1,18,-18,0,21677,998,-72,18,0,4,0,0,0,4,0,998,0.0,40,34,120,10.7,7.0,12.4,935.460579982428,10,3
10541,21,60,1-21-2018-060-08,8,1,2HKRL18651H5,17,37,441,2001,20,4,20,0,1,T,2,1927,5,0,2,1,1,113,1,0,1,0,2,0,1,93591,1,1,0,1,2,2,1,1,2,9,3,2,1,3,1,1,0,0,9,1,14,2,12,1,1,4,1,B,6,1,6,2,2,5,4,31,1,2,50,997,997,0,0,0,2,6,999,999,999,9999999,999,999,999,7,0,2,5,0,3,2,997,9.8,998,998,998,99.8,99.8,99.8,142.762847372467,11,3
10542,21,61,1-21-2018-061-02,2,1,3N1AB7AP5HY3,17,35,43,2017,4,1,3,0,1,F,3,1300,5,0,1,1,1,105,1,1,1,177,2,0,2,92570,9,1,1,2,5,1,1,1,2,9,1,3,0,0,3,1,0,0,9,1,14,1,9,4,3,4,1,A,2,0,0,0,0,0,0,0,0,0,0,998,998,0,0,0,5,1,50,-43,25,187849,998,93,50,0,1,2,9,0,3,0,998,2.2,999,999,999,2.5,1.7,3.1,11.470238003013,11,3
10543,21,62,1-21-2018-062-07,7,1,1FMCU0D70AKC,17,12,402,2010,14,3,14,0,1,F,1,1540,5,0,1,1,1,56,1,0,0,995,0,0,0,92324,9,9,2,4,2,1,2,1,1,1,0,2,0,0,1,1,1,2,9,0,1,2,17,99,1,1,5,L,88,0,0,0,0,0,0,0,0,0,0,255,165,0,0,0,1,3,20,-10,-17,25879,998,-175,12,0,4,0,0,0,0,0,995,9.8,998,998,998,99.8,99.8,99.8,957.594521085562,11,3
10543,21,62,1-21-2018-062-07,7,2,5NPEU46F96H1,17,55,33,2006,4,1,3,0,1,L,1,1569,5,9999,9,0,1,56,1,0,0,995,0,0,0,92401,9,1,2,4,5,2,2,1,1,1,3,2,0,0,1,1,1,2,1,0,1,4,66,1,1,1,5,L,89,0,0,0,0,0,0,0,0,0,0,165,255,0,0,0,1,3,18,-16,9,68228,998,-87,27,0,4,1,1,0,4,0,995,9.8,998,998,998,99.8,99.8,99.8,957.594521085562,11,3
10544,30,41,1-30-2018-041-07,7,1,KNDMB2338962,17,63,441,2009,20,4,20,0,1,F,1,2107,5,0,1,1,1,105,1,0,0,995,0,0,0,85301,1,1,0,2,4,1,2,1,1,1,1,3,0,0,1,1,0,0,1,0,1,3,52,1,1,1,2,D,28,0,0,0,0,0,0,0,0,0,0,200,200,0,0,0,1,3,12,-12,0,12753,998,18,12,0,4,0,0,0,0,0,995,9.8,998,998,998,99.8,99.8,99.8,4297.01406776919,10,3
10544,30,41,1-30-2018-041-07,7,2,1GYEC63808R1,17,19,421,2008,15,3,15,0,1,B,1,2598,5,9999,9,0,0,105,1,0,0,995,0,0,0,85022,9,9,0,2,5,1,2,1,1,1,1,3,0,0,1,1,0,0,1,0,2,3,53,1,1,1,2,D,29,0,0,0,0,0,0,0,0,0,0,200,200,0,0,0,1,3,10,10,0,10017,998,0,10,0,4,95,95,95,95,0,995,9.8,998,998,998,99.8,99.8,99.8,4297.01406776919,10,3
10545,30,43,1-30-2018-043-03,3,1,1FTWW30RX8EA,17,12,481,2008,34,5,31,0,1,F,9,9999,9,0,2,0,1,64,1,0,0,995,0,0,0,85310,1,2,0,1,7,3,2,1,1,1,3,3,0,0,1,1,0,0,3,0,1,3,50,4,1,1,2,D,20,0,0,0,0,0,0,0,0,0,0,255,255,0,0,0,1,0,999,999,999,9999999,999,999,999,9,0,0,0,0,0,0,995,9.8,998,998,998,99.8,99.8,99.8,958.170370239135,10,3
10545,30,43,1-30-2018-043-03,3,2,2C4RDGBG4HR6,17,7,442,2017,20,4,20,0,1,B,9,2050,5,0,2,0,1,64,1,0,0,995,0,0,0,85308,9,9,0,1,7,3,2,1,1,1,3,3,0,0,1,1,0,0,1,0,5,3,53,1,1,1,2,D,21,0,0,0,0,0,0,0,0,0,0,255,255,0,0,0,1,0,999,999,999,9999999,999,999,999,9,0,0,0,0,5,0,995,9.8,998,998,998,99.8,99.8,99.8,958.170370239135,10,3
10545,30,43,1-30-2018-043-03,3,3,1VWAT7A34EC0,17,30,46,2014,4,1,4,0,1,B,1,1458,5,0,2,6,1,64,1,0,0,995,0,0,0,85306,1,2,0,1,7,3,2,1,1,1,3,3,0,0,1,1,0,0,1,0,5,3,53,1,1,1,6,M,98,0,0,0,0,0,0,0,0,0,0,255,255,0,0,0,2,5,999,999,999,9999999,999,999,999,1,0,1,1,0,5,0,995,9.8,998,998,998,99.8,99.8,99.8,958.170370239135,10,3
10545,30,43,1-30-2018-043-03,3,4,999999999999,99,99,999,9999,99,10,99,99,1,9,9,,,,,,9,999,0,7,7,887,6,8,8,99998,8,8,0,1,7,3,2,1,1,1,3,3,0,0,1,1,0,0,0,8,0,3,53,0,0,0,6,M,98,,,,,,,,,,,,,,,,,,,,,,,,,,,95,95,95,95,,,9.8,998,998,998,99.8,99.8,99.8,958.170370239135,10,3
10546,23,68,1-23-2018-068-07,7,1,JH4CU2F68AC0,17,54,39,2010,4,1,3,0,1,F,2,1545,5,9999,9,1,1,113,1,0,0,995,0,0,0,45459,9,9,0,2,3,2,2,2,1,1,3,3,0,3,1,2,0,0,9,1,1,2,13,99,1,4,1,A,1,0,0,0,0,0,0,0,0,0,0,998,998,0,0,9,1,1,31,-31,0,63105,998,-16,31,0,1,0,0,0,0,0,998,1.8,119,17,119,80.9,23.4,85.0,952.988867117834,5,3
10547,20,80,1-20-2018-080-05,5,1,1FTFW1ET3DFB,17,12,481,2013,34,5,31,0,1,L,2,1739,5,9999,9,0,1,89,1,0,0,995,0,0,0,93960,9,1,2,4,2,1,2,1,1,9,0,2,0,0,1,1,2,2,9,0,11,2,15,99,1,1,4,K,82,0,0,0,0,0,0,0,0,0,0,260,0,0,0,0,1,3,37,6,36,134158,998,6,44,0,4,9,97,0,8,0,995,9.8,998,998,998,99.8,99.8,99.8,35.6232074893624,11,3
10547,20,80,1-20-2018-080-05,5,2,2C3CDYAG2DH7,17,7,28,2013,2,1,5,0,1,F,2,1739,5,150,1,1,1,105,1,0,0,995,0,0,0,93926,9,9,2,2,4,3,2,1,1,9,3,1,0,0,1,1,0,0,1,0,1,4,67,99,1,7,4,K,83,0,0,0,0,0,0,0,0,0,0,0,260,0,0,0,1,3,32,-30,11,50978,998,49,24,0,4,3,9,1,3,0,995,9.8,998,998,998,99.8,99.8,99.8,35.6232074893624,11,3
10547,20,80,1-20-2018-080-05,5,3,3MZBM1K78FM1,17,41,51,2015,5,1,3,0,1,F,9,1361,5,9999,9,0,0,105,1,0,0,995,0,0,0,93926,9,9,2,2,2,2,2,1,1,9,1,3,0,0,1,1,0,0,9,0,1,8,98,99,1,1,6,M,98,0,0,0,0,0,0,0,0,0,0,998,998,0,0,0,2,0,999,999,999,9999999,999,999,999,9,0,95,95,95,95,0,998,9.8,998,998,998,99.8,99.8,99.8,35.6232074893624,11,3
10547,20,80,1-20-2018-080-05,5,4,KNDCE3LC7H50,17,63,403,2017,14,3,14,0,1,F,9,1436,5,9999,9,0,0,105,1,0,0,995,0,0,0,93908,9,9,2,4,2,1,2,1,1,9,1,3,0,0,1,1,0,0,9,0,1,8,98,99,1,1,6,M,98,0,0,0,0,0,0,0,0,0,0,998,998,0,0,0,3,0,999,999,999,9999999,999,999,999,9,0,95,95,95,95,0,998,9.8,998,998,998,99.8,99.8,99.8,35.6232074893624,11,3
10558,16,70,1-16-2018-070-05,5,1,WDDGF81X69R0,17,42,42,2009,4,1,3,0,1,F,2,1600,5,0,1,1,1,40,1,0,0,995,0,0,0,99999,9,9,2,4,3,2,2,1,1,1,3,2,0,0,3,1,1,2,9,0,1,2,17,1,1,1,5,L,88,0,0,0,0,0,0,0,0,0,0,125,30,0,0,0,1,4,35,-30,-17,148779,998,-90,41,0,4,0,0,0,0,0,995,9.8,998,998,998,99.8,99.8,99.8,37.0005626515962,5,3
10558,16,70,1-16-2018-070-05,5,2,5FNRL5H65BB0,17,37,441,2011,20,4,20,0,1,L,2,2041,5,0,2,4,1,40,1,0,0,995,0,0,0,45249,1,2,2,4,2,1,2,1,1,1,0,0,0,0,3,1,1,2,1,0,1,4,66,1,1,1,5,L,89,0,0,0,0,0,0,0,0,0,0,30,125,0,0,0,1,4,26,-17,20,84893,998,-175,21,0,4,1,2,0,4,0,995,0.0,999,999,999,0.9,0.7,1.2,37.0005626515962,5,3
10559,16,71,1-16-2018-071-02,2,1,4T1BE32K05U5,17,49,40,2005,4,1,3,0,1,L,2,1455,5,0,1,1,1,56,1,0,0,995,0,0,0,45044,1,1,3,4,2,1,1,1,1,1,0,0,0,0,1,1,0,0,1,0,11,2,15,1,1,7,4,K,82,0,0,0,0,0,0,0,0,0,0,130,225,0,0,0,1,1,37,-6,37,22466,998,95,16,0,1,1,1,0,4,0,995,9.8,998,998,998,99.8,99.8,99.8,30.2605400482505,5,3
10559,16,71,1-16-2018-071-02,2,2,3N1CN7AP2HL8,17,35,50,2017,4,1,2,0,1,F,3,1132,5,0,1,1,1,56,1,0,0,995,0,0,0,45227,2,1,0,4,4,2,2,1,1,1,3,2,0,0,1,1,0,0,1,0,1,4,72,1,1,1,4,K,83,1,4,2,5,1,4,63,1,2,999,225,130,0,0,0,1,1,51,-51,0,218923,998,15,69,0,1,1,1,0,4,3,995,0.0,120,999,999,99.9,99.9,99.9,30.2605400482505,5,3
10560,16,72,1-16-2018-072-09,9,1,1XKYDP9X6JJ1,17,85,884,2018,66,8,68,0,1,F,9,,,,,,0,89,1,0,0,995,0,0,0,52632,9,9,1,2,4,2,2,1,1,2,3,3,0,3,1,1,0,0,9,0,1,3,52,99,1,1,2,D,28,,,,,,,,,,,,,,,,,,,,,,,,,,,95,95,95,95,,,9.8,998,998,998,99.8,99.8,99.8,2271.47199984834,5,3
10560,16,72,1-16-2018-072-09,9,2,4T1BE32K02U5,17,49,40,2002,4,1,3,0,1,B,3,1435,5,0,1,1,1,89,1,0,0,995,0,0,0,45002,9,9,1,2,4,2,2,1,1,2,3,3,0,3,1,1,0,0,9,0,2,3,52,99,1,1,2,D,29,0,0,0,0,0,0,0,0,0,0,35,35,0,0,0,1,5,999,999,999,9999999,999,999,45,4,0,99,99,0,99,0,995,9.8,998,998,998,99.8,99.8,99.8,2271.47199984834,5,3
10560,16,72,1-16-2018-072-09,9,3,1FMCU0GD7HUB,17,12,402,2017,14,3,14,0,1,B,1,1611,5,9999,9,4,0,89,1,0,0,995,0,0,0,45140,9,9,1,2,4,2,2,1,1,2,3,3,0,3,1,1,0,0,9,0,1,3,52,99,1,1,6,M,98,0,0,0,0,0,0,0,0,0,0,35,35,0,0,0,2,3,23,23,0,28327,998,0,21,0,4,95,95,95,95,0,995,9.8,998,998,998,99.8,99.8,99.8,2271.47199984834,5,3
10560,16,72,1-16-2018-072-09,9,4,3G1BB5SM8HS5,17,20,25,2017,4,1,3,0,1,L,9,1250,5,9999,9,0,0,89,1,0,0,995,0,0,0,45248,9,9,1,2,4,2,2,1,1,2,3,3,0,3,1,1,0,0,9,0,1,3,52,99,1,1,6,M,98,0,0,0,0,0,0,0,0,0,0,35,35,0,0,0,3,0,999,999,999,9999999,999,999,999,9,0,95,95,95,95,0,995,9.8,998,998,998,99.8,99.8,99.8,2271.47199984834,5,3
10561,28,39,1-28-2018-039-06,6,1,1GCRKSE78CZ1,17,20,481,2012,34,5,31,0,1,F,1,2408,5,0,1,1,1,72,1,0,0,995,0,0,0,16912,1,2,0,4,2,1,2,1,1,1,1,4,0,0,1,1,0,0,3,1,1,2,12,1,1,4,1,B,6,0,0,0,0,0,0,0,0,0,0,998,998,0,0,1,6,1,17,-17,0,29312,998,-48,17,0,1,1,1,0,4,0,998,1.3,999,999,120,99.9,99.9,99.9,77.7650967510451,3,3
10562,23,69,1-23-2018-069-03,3,1,KNAFZ6A36F53,17,63,38,2015,2,1,3,0,1,F,9,1353,5,9999,9,0,1,89,1,0,0,995,0,0,0,43066,9,9,0,4,2,1,2,1,1,1,1,2,0,0,4,1,0,0,9,0,1,6,87,99,1,1,1,C,13,0,0,0,0,0,0,0,0,0,0,998,998,0,0,0,1,0,999,999,999,9999999,999,999,999,9,0,9,97,0,8,0,998,9.8,998,998,998,99.8,99.8,99.8,186.565294292052,5,3
10563,23,70,1-23-2018-070-03,3,1,5J8TB4H58JL0,17,54,402,2018,14,3,14,0,1,F,9,1783,8,9999,9,0,1,72,1,0,0,995,0,0,0,43065,9,9,2,4,5,2,2,1,1,1,3,1,0,0,1,1,1,2,9,0,1,4,67,99,1,1,4,J,69,0,0,0,0,0,0,0,0,0,0,10,275,0,0,0,1,0,999,999,999,9999999,999,999,999,9,0,9,97,0,5,0,995,9.8,998,998,998,99.8,99.8,99.8,186.565294292052,5,3
10563,23,70,1-23-2018-070-03,3,2,58ABK1GGXHU0,17,59,31,2017,4,1,4,0,1,L,9,1610,5,9999,9,0,1,72,1,0,0,995,0,0,0,43016,9,9,2,4,4,2,2,1,1,1,1,2,0,0,1,1,1,2,9,0,11,2,15,99,1,1,4,J,68,0,0,0,0,0,0,0,0,0,0,275,10,0,0,0,1,0,999,999,999,9999999,999,999,999,9,0,9,97,0,5,0,995,9.8,998,998,998,99.8,99.8,99.8,186.565294292052,5,3
10564,23,71,1-23-2018-071-03,3,1,WVWAS71K37W2,17,30,36,2007,3,1,2,0,1,L,1,1349,5,0,1,1,1,72,1,0,0,995,0,0,0,43202,9,9,2,4,2,1,2,2,1,1,1,2,0,0,1,2,2,2,9,0,1,2,17,99,1,1,5,L,89,0,0,0,0,0,0,0,0,0,0,265,0,0,0,0,1,1,23,-4,23,32210,998,18,24,0,1,0,0,0,0,0,995,9.8,998,998,998,99.8,99.8,99.8,186.565294292052,5,3
10564,23,71,1-23-2018-071-03,3,2,1N4AL3AP9FN9,17,35,47,2015,4,1,4,0,1,F,1,1416,5,0,1,1,1,89,1,0,0,995,0,0,0,44301,9,9,2,4,2,1,2,2,1,1,1,2,0,0,1,2,0,0,9,0,1,4,66,99,1,1,5,L,88,0,0,0,0,0,0,0,0,0,0,0,265,0,0,0,1,1,21,-20,-4,24670,998,-37,19,0,1,99,99,0,0,0,995,9.8,998,998,998,99.8,99.8,99.8,186.565294292052,5,3
10565,52,31,1-52-2018-031-10,10,1,1G8ZK52702Z1,17,24,1,2002,4,1,2,0,1,F,2,1067,5,0,1,1,1,56,1,0,0,995,0,0,0,59101,9,9,2,4,4,2,2,1,1,1,1,2,0,0,1,8,1,2,1,0,1,3,50,1,1,1,2,D,20,0,0,0,0,0,0,0,0,0,0,90,90,0,0,0,1,3,30,-30,0,34171,998,15,27,0,4,0,0,0,0,0,995,9.8,998,998,998,99.8,99.8,99.8,1090.12728038583,12,3
10565,52,31,1-52-2018-031-10,10,2,1GCDL19W81B1,17,20,441,2001,20,4,20,0,1,B,1,1906,5,9999,9,0,0,56,1,0,0,995,0,0,0,59101,9,9,2,4,4,2,2,1,1,1,1,2,0,0,1,8,1,2,1,0,5,3,52,1,1,1,2,D,22,0,0,0,0,0,0,0,0,0,0,90,90,0,0,0,1,3,19,19,0,35665,998,0,22,0,4,95,95,95,95,0,995,9.8,998,998,998,99.8,99.8,99.8,1090.12728038583,12,3
10566,52,32,1-52-2018-032-06,6,1,JTEBU14R3801,17,49,401,2008,14,3,14,0,1,B,1,1950,5,0,1,3,0,72,1,0,9,998,8,0,9,59044,9,9,0,1,4,1,2,1,1,1,0,3,0,0,1,1,0,0,1,0,2,2,18,2,1,1,2,D,29,0,0,0,0,0,0,0,0,0,0,70,70,0,0,0,1,12,999,999,999,9999999,999,999,999,2,0,95,95,95,95,0,995,9.8,998,998,998,99.8,99.8,99.8,52.1273631659197,12,3
10566,52,32,1-52-2018-032-06,6,2,1GC4K0C8XBF1,17,20,481,2011,34,5,31,0,1,F,9,2985,5,0,1,3,1,72,1,0,9,998,8,0,9,59102,9,9,0,2,4,1,2,1,1,1,0,3,0,0,1,1,0,0,1,0,1,3,52,2,1,1,2,D,28,0,0,0,0,0,0,0,0,0,0,70,70,0,0,0,1,12,999,999,999,9999999,999,999,999,9,0,0,0,0,0,0,995,9.8,998,998,998,99.8,99.8,99.8,52.1273631659197,12,3
10566,52,32,1-52-2018-032-06,6,3,999999999999,99,99,399,9999,9,1,9,99,1,B,9,9999,9,9999,9,0,0,72,1,9,0,995,0,9,0,99999,9,9,0,1,4,1,2,1,1,1,0,3,0,0,1,1,0,0,1,0,1,2,18,99,1,1,6,M,98,0,0,0,0,0,0,0,0,0,0,70,70,0,0,0,2,0,999,999,999,9999999,999,999,999,9,0,95,95,95,95,0,995,9.8,998,998,998,99.8,99.8,99.8,52.1273631659197,12,3
10567,32,78,1-32-2018-078-05,5,1,1G6KD54Y52U1,17,19,3,2002,4,1,5,0,1,B,3,1804,5,0,1,1,1,72,1,0,0,995,0,0,0,75104,2,2,0,1,3,2,1,1,1,1,3,3,0,0,2,1,0,0,9,0,1,3,53,99,1,1,2,D,25,0,0,0,0,0,0,0,0,0,0,160,160,0,0,0,1,1,42,42,0,157794,998,0,47,0,1,0,0,0,0,0,995,9.8,998,998,998,99.8,99.8,99.8,150.002569215052,7,3
10567,32,78,1-32-2018-078-05,5,2,2G1WC5E3XD12,17,20,2,2013,4,1,4,0,1,F,3,1613,5,100,1,1,1,72,1,0,8,997,8,0,3,75232,2,2,0,1,3,2,1,1,1,1,3,3,0,0,2,1,0,0,1,0,1,3,51,2,1,1,2,D,24,0,0,0,0,0,0,0,0,0,0,160,160,0,0,0,1,1,44,-44,0,109103,998,-20,39,0,1,1,1,0,3,0,995,9.8,998,998,998,99.8,99.8,99.8,150.002569215052,7,3
10568,32,79,1-32-2018-079-02,2,1,SAJWA05B09HR,17,39,37,2009,4,1,5,0,1,F,1,1822,5,9999,9,4,1,40,1,0,0,995,0,0,0,75019,3,9,2,4,2,1,1,1,1,1,0,0,0,0,1,1,2,2,9,0,11,2,15,99,1,1,4,K,82,0,0,0,0,0,0,0,0,0,0,230,350,0,0,0,1,3,8,-7,4,4301,998,112,6,0,4,99,99,0,5,0,995,9.8,998,998,998,99.8,99.8,99.8,98.0977126772131,7,3
10568,32,79,1-32-2018-079-02,2,2,5N1AZ2MG8FN2,17,35,49,2015,6,1,4,0,1,R,1,1787,5,0,1,1,1,48,1,0,0,995,0,0,0,75067,1,2,2,4,4,2,1,1,1,1,5,5,0,0,1,1,0,0,1,0,1,4,67,3,1,1,4,K,83,0,0,0,0,0,0,0,0,0,0,350,230,0,0,0,1,3,8,-7,-4,6983,998,-21,10,0,4,1,3,0,4,0,995,9.8,998,998,998,99.8,99.8,99.8,98.0977126772131,7,3
10569,32,80,1-32-2018-080-10,10,1,1D7HA18N15J5,17,7,482,2005,34,5,31,0,1,F,1,2225,5,100,1,1,1,64,1,0,0,995,0,0,0,75243,1,1,2,1,3,1,1,1,1,1,0,3,0,0,1,1,0,0,1,0,1,4,60,4,1,1,4,J,71,0,0,0,0,0,0,0,0,0,0,300,310,1,0,0,1,5,999,999,999,9999999,999,999,999,2,0,1,1,0,0,0,995,9.8,998,998,998,99.8,99.8,99.8,23936.8367783949,7,3
10569,32,80,1-32-2018-080-10,10,2,1XP5DB9X3WD4,17,87,890,1998,66,8,68,0,1,R,9,,,,,,0,64,1,0,0,995,0,0,0,75603,9,9,2,1,3,2,1,1,1,1,3,0,0,0,1,1,0,0,9,0,10,2,16,1,1,1,4,J,70,,,,,,,,,,,,,,,,,,,,,,,,,,,95,95,95,95,,,9.8,998,998,998,99.8,99.8,99.8,23936.8367783949,7,3
10570,27,36,1-27-2018-036-07,7,1,2CTFLEEY7A63,17,23,402,2010,14,3,14,0,1,R,1,1823,5,0,1,1,1,56,1,0,0,995,0,0,0,01247,1,2,0,4,2,1,2,1,1,1,1,2,0,0,1,1,0,0,1,0,10,3,52,2,1,1,4,J,74,0,0,0,0,0,0,0,0,0,0,290,205,0,0,0,1,3,11,2,-10,11690,998,-20,12,0,4,0,0,0,0,0,995,9.8,998,998,998,99.8,99.8,99.8,345.262878845246,3,3
10570,27,36,1-27-2018-036-07,7,2,4S3BMEP68D20,17,48,34,2013,4,1,3,0,1,F,1,1624,5,0,1,6,1,56,1,0,0,995,0,0,0,01267,1,2,0,4,2,1,2,1,1,1,1,2,0,0,1,1,0,0,1,0,1,2,11,4,1,2,4,J,74,0,0,0,0,0,0,0,0,0,0,205,290,0,0,0,1,3,12,-12,-2,7231,998,-38,10,0,4,0,0,0,0,0,995,9.8,998,998,998,99.8,99.8,99.8,345.262878845246,3,3
10572,10,38,1-10-2018-038-06,6,1,2G4WB52K6411,17,18,20,2004,4,1,3,0,1,B,1,1563,5,9999,9,0,0,64,1,0,0,995,0,0,0,45417,9,9,0,4,5,1,2,1,1,1,1,1,0,0,1,8,0,0,1,0,15,3,51,1,1,1,2,D,25,0,0,0,0,0,0,0,0,0,0,0,0,0,0,0,1,3,16,16,0,23748,998,0,20,0,4,95,95,95,95,0,995,9.8,998,998,998,99.8,99.8,99.8,232.539041141895,4,3
10572,10,38,1-10-2018-038-06,6,2,1C3CC4FB0AN1,17,6,43,2010,4,1,3,0,1,F,1,1599,5,0,1,1,1,64,1,0,0,995,0,0,0,45417,9,9,0,4,5,2,2,1,1,1,1,1,0,0,1,8,0,0,1,1,1,3,51,2,1,2,2,D,24,0,0,0,0,0,0,0,0,0,0,0,0,0,0,0,1,3,15,-15,0,9009,998,60,11,0,4,9,97,0,8,0,995,9.8,998,998,998,99.8,99.8,99.8,232.539041141895,4,3