CASEID,PSU,CASENO,CASENUMBER,CATEGORY,VEHNO,VIN,VINLENGTH,MAKE,MODEL,MODELYR,BODYTYPE,BODYCAT,VEHCLASS,SPECUSE,TRANSTAT,DAMPLANE,DAMSEV,CURBWT,CURBSRC,CARGOWT,CARGOSRC,INSPTYPE,TOWSTAT,SPEEDLIMIT,DRPRESENT,PARALCOHOL,ALCTEST,ALCTESTRESULT,ALCTESTSRC,PARDRUG,DRUGTEST,ZIP,RACE,ETHNICITY,RELTOJUNCT,TRAFFLOW,RDLANES,INITLANE,SURFTYPE,SURFCOND,ALIGNMENT,PROFILE,LINERIGHT,LINELEFT,RUMBINIT,RUMBROAD,LIGHTCOND,WEATHER,TRAFDEV,TRAFFUNCT,DISTRACT,PREFHE,PREMOVE,CRITCAT,CRITEVENT,MANEUVER,PRESTAB,PRELOC,CRASHCAT,CRASHCONF,CRASHTYPE,ROLLTYPE,ROLLTURN,ROLLINTRPT,ROLLPREMAN,ROLLINITYP,ROLLINLOC,ROLLOBJ,ROLLTRIP,ROLLDIR,ROLLDIST,DVANGTHIS,DVANGOTH,TOWHITCH,TRAJDOC,TREEPOLE,DVEVENT,DVBASIS,DVTOTAL,DVLONG,DVLAT,DVENERGY,DVSPEED,DVMOMENT,DVBES,DVEST,DVCONF,VAIS,VISS,VINJURED,VTREAT,INITOBJCLASS,HEADANGLECAT,SHLDRWIDTH,STRKLENGTH,STRKWIDTH,STRKHEIGHT,EDGEDISTX,EDGEDISTY,EDGEDISTZ,CASEWGT,PSUSTRAT,VERSION
10572,10,38,1-10-2018-038-06,6,3,3GNEC16T11G2,17,20,431,2001,16,3,16,0,1,R,1,2424,5,9999,9,0,0,64,1,0,0,995,0,0,0,45417,9,9,0,4,5,3,2,1,1,1,1,0,0,0,1,8,0,0,1,0,1,4,61,1,1,1,6,M,98,0,0,0,0,0,0,0,0,0,0,0,80,0,0,0,2,3,7,-7,-1,6975,998,100,7,0,4,95,95,95,95,0,995,9.8,998,998,998,99.8,99.8,99.8,232.539041141895,4,3
10573,24,44,1-24-2018-044-03,3,1,2C3CCAAG1EH2,17,6,51,2014,4,1,5,0,1,F,1,1797,5,0,1,1,1,80,1,0,0,995,0,0,0,08234,2,2,0,3,2,1,2,1,1,1,1,3,0,0,2,1,0,0,1,1,1,2,13,4,1,4,1,A,3,0,0,0,0,0,0,0,0,0,0,998,998,0,0,0,1,1,13,-13,0,14391,998,52,13,0,4,0,0,0,0,0,998,4.1,120,120,100,38.7,17.2,41.5,879.333902288455,1,3
10574,66,26,1-66-2018-026-09,9,1,JTDBT923X710,17,49,51,2007,4,1,2,0,1,R,2,1050,5,0,1,1,1,105,1,0,0,995,0,7,0,64836,1,2,0,4,2,1,2,1,1,1,1,2,3,3,1,1,0,0,3,1,1,2,13,7,4,4,1,B,7,1,2,2,2,2,4,60,4,1,6,997,997,0,1,0,1,6,999,999,999,9999999,999,999,999,7,0,1,1,0,4,3,997,9.8,998,998,998,99.8,99.8,99.8,1497.75490777934,6,3
10575,29,33,1-29-2018-033-10,10,1,2B3KA43R87H6,17,7,24,2007,4,1,5,0,1,F,1,1733,5,0,1,2,0,48,1,0,0,995,0,0,0,02703,9,9,2,4,2,1,2,1,1,1,1,2,0,0,1,1,2,2,9,0,1,2,17,99,1,1,5,L,86,0,0,0,0,0,0,0,0,0,0,120,200,0,0,0,1,1,12,-4,11,34097,998,222,12,0,1,95,95,95,95,0,995,9.8,998,998,998,99.8,99.8,99.8,4382.31603328602,2,3
10575,29,33,1-29-2018-033-10,10,2,1FTPW14585FB,17,12,481,2005,34,5,31,0,1,R,1,2495,5,0,2,1,1,48,1,0,0,995,0,0,0,02703,1,2,2,4,2,1,2,1,1,1,0,2,0,0,1,1,0,0,1,0,1,4,66,9,1,1,5,L,87,0,0,0,0,0,0,0,0,0,0,200,120,0,0,0,1,1,9,-7,-4,10220,998,100,8,0,1,1,1,0,0,0,995,9.8,998,998,998,99.8,99.8,99.8,4382.31603328602,2,3
10576,29,34,1-29-2018-034-03,3,1,1NXBU40E99Z0,17,49,32,2009,4,1,2,0,1,F,1,1279,5,0,1,1,1,40,1,8,9,998,8,7,9,02738,9,9,2,4,2,1,2,1,1,1,0,0,0,0,1,1,2,2,9,0,1,2,17,2,1,1,5,L,88,0,0,0,0,0,0,0,0,0,0,85,0,0,0,0,1,1,19,-14,-12,31477,998,-115,18,0,1,2,6,0,4,0,995,9.8,998,998,998,99.8,99.8,99.8,178.111350824607,2,3
10576,29,34,1-29-2018-034-03,3,2,1FTFW1ET5EFB,17,12,481,2014,34,5,31,0,1,L,1,2574,5,9999,9,1,1,40,1,8,9,998,8,7,9,02719,9,9,2,4,2,1,2,1,1,1,0,0,0,0,1,1,0,0,9,0,1,4,66,1,4,2,5,L,89,0,0,0,0,0,0,0,0,0,0,0,85,0,0,0,1,1,10,-5,8,12643,998,-78,10,0,1,1,1,0,4,0,995,9.8,998,998,998,99.8,99.8,99.8,178.111350824607,2,3
10577,25,30,1-25-2018-030-09,9,1,1J4GW48S34C1,17,2,404,2004,14,3,14,0,1,L,2,1812,5,0,1,1,1,48,1,0,0,995,0,0,0,04103,1,2,2,1,2,1,2,1,1,1,0,0,0,0,2,1,2,2,1,0,11,2,15,1,1,1,4,K,82,0,0,0,0,0,0,0,0,0,0,10,120,0,0,0,1,3,30,-15,26,78568,998,4,33,0,4,2,5,0,6,0,995,9.8,998,998,998,99.8,99.8,99.8,3459.40722847,2,3
10577,25,30,1-25-2018-030-09,9,2,1GKEK13T73J3,17,23,431,2003,16,3,16,0,1,F,1,2288,5,9999,9,0,1,48,1,0,0,995,0,0,0,04015,9,9,2,1,2,1,2,1,1,1,1,2,0,0,2,1,0,0,1,0,1,4,67,1,1,1,4,K,83,0,0,0,0,0,0,0,0,0,0,120,10,0,0,0,1,3,24,-24,-4,42625,998,-41,21,0,4,99,99,0,99,0,995,9.8,998,998,998,99.8,99.8,99.8,3459.40722847,2,3
10578,12,36,1-12-2018-036-03,3,1,1GTEC14W6WZ5,17,23,481,1998,34,5,31,0,1,F,2,1790,5,0,1,1,1,56,1,1,8,997,8,1,3,73401,1,2,2,4,2,1,2,1,1,2,0,0,0,0,1,1,2,2,9,0,1,2,17,1,1,1,5,L,88,0,0,0,0,0,0,0,0,0,0,160,70,0,0,0,1,1,27,-27,-5,107186,998,-3,38,0,4,1,1,0,4,0,995,0.0,4,4,999,1.0,1.9,2.2,724.323097179874,9,3
10578,12,36,1-12-2018-036-03,3,2,2T3NFREV8JW4,17,49,402,2018,14,3,14,0,1,L,2,1597,8,0,1,1,1,56,1,0,0,995,0,0,0,73401,1,2,2,4,2,1,2,1,1,2,0,0,0,0,1,1,2,2,9,0,1,4,66,8,1,1,5,L,89,0,0,0,0,0,0,0,0,0,0,70,160,0,0,0,1,1,29,-5,29,17281,998,66,14,0,4,1,1,0,4,0,995,9.8,998,998,998,99.8,99.8,99.8,724.323097179874,9,3
10579,12,37,1-12-2018-037-05,5,1,2LMDJ6JK4DBL,17,13,14,2013,6,1,4,0,1,F,2,2008,5,0,1,1,1,113,1,0,0,995,0,0,0,75494,1,2,0,2,2,2,2,1,1,1,3,2,1,3,1,1,0,0,3,1,1,3,51,1,1,1,2,D,24,0,0,0,0,0,0,0,0,0,0,20,10,0,0,0,1,5,999,999,999,9999999,999,999,36,3,0,4,26,1,3,0,995,9.8,998,998,998,99.8,99.8,99.8,286.829610873214,9,3
10579,12,37,1-12-2018-037-05,5,2,3AKJGLDR6GSG,17,82,881,2016,66,8,68,0,1,B,9,,,,,,0,113,1,0,0,995,0,0,0,75090,9,9,0,2,2,1,2,1,1,1,1,3,2,3,1,1,0,0,9,0,1,3,53,1,1,1,2,D,25,,,,,,,,,,,,,,,,,,,,,,,,,,,95,95,95,95,,,9.8,998,998,998,99.8,99.8,99.8,286.829610873214,9,3
10580,19,62,1-19-2018-062-07,7,1,1G1ZD5EU6CF3,17,20,37,2012,4,1,4,0,1,F,1,1551,5,0,2,1,1,56,1,0,0,995,0,0,0,35954,2,2,0,4,5,2,2,1,1,1,3,2,0,0,1,1,0,0,1,1,1,3,55,7,1,4,1,B,8,0,0,0,0,0,0,0,0,0,0,220,330,0,0,0,2,3,16,-16,0,35824,998,0,24,0,1,0,0,0,0,0,995,9.8,998,998,998,99.8,99.8,99.8,1899.04083667344,9,3
10580,19,62,1-19-2018-062-07,7,2,1N4AL3AP7DC1,17,35,47,2013,4,1,4,0,2,B,9,1437,5,9999,9,0,,,,,,,,,,,,,,,,,,,,,,,,,,,,,,,,,,,,,,,,,,,,,,,,,,,,,,,,,,,,,,,,,,95,95,95,95,,,,,,,,,,1899.04083667344,9,3
10580,19,62,1-19-2018-062-07,7,3,5J6RW1H95HL0,17,37,402,2017,14,3,14,0,2,F,1,1502,5,9999,9,0,,,,,,,,,,,,,,,,,,,,,,,,,,,,,,,,,,,,,,,,,,,,,,,,,,,,,,,,,,,,,,,,,,95,95,95,95,,,,,,,,,,1899.04083667344,9,3
10581,19,63,1-19-2018-063-06,6,1,1FMCU0GXXDUC,17,12,402,2013,14,3,14,0,1,L,1,1588,5,0,1,1,1,64,1,0,0,995,0,0,0,35956,1,2,2,4,2,1,2,1,1,2,0,2,0,0,1,1,2,2,2,0,11,2,15,4,1,1,4,K,82,0,0,0,0,0,0,0,0,0,0,340,90,0,1,0,1,1,18,-6,17,18962,998,107,13,0,1,2,9,0,3,0,995,9.8,998,998,998,99.8,99.8,99.8,495.744231074778,9,3
10581,19,63,1-19-2018-063-06,6,2,WDCGG5GB4CF9,17,42,403,2012,14,3,14,0,1,F,1,1804,5,0,1,1,1,64,1,0,0,995,0,0,0,35956,1,2,2,4,2,1,2,1,3,4,1,2,0,0,1,1,0,0,1,0,14,4,67,7,1,1,4,K,83,0,0,0,0,0,0,0,0,0,0,90,340,0,1,0,1,1,17,-17,0,38431,998,38,22,0,1,1,1,0,4,0,995,9.8,998,998,998,99.8,99.8,99.8,495.744231074778,9,3
10582,19,64,1-19-2018-064-04,4,1,4T1BF1FK9FU8,17,49,40,2015,4,1,4,0,1,F,1,1467,5,0,1,1,1,56,1,0,0,995,0,0,0,36272,1,2,2,1,6,2,2,2,1,1,3,3,0,0,1,1,1,2,3,0,2,3,52,7,1,1,2,D,28,0,0,0,0,0,0,0,0,0,0,10,20,0,0,0,1,3,14,-14,0,10995,998,67,12,0,4,0,0,0,0,0,995,9.8,998,998,998,99.8,99.8,99.8,1384.91014493416,9,3
10582,19,64,1-19-2018-064-04,4,2,3FA6P0LU3JR2,17,12,23,2018,4,1,4,0,1,B,1,1660,5,9999,9,0,0,56,1,0,0,995,0,0,0,70739,9,9,2,1,4,2,2,2,1,1,1,3,0,0,1,1,1,2,9,0,2,3,52,99,1,1,2,D,29,0,0,0,0,0,0,0,0,0,0,20,10,0,0,0,1,3,13,13,-2,15306,998,48,15,0,4,95,95,95,95,0,995,9.8,998,998,998,99.8,99.8,99.8,1384.91014493416,9,3
10583,31,32,1-31-2018-032-10,10,1,1B7HC16Y3WS6,17,7,482,1998,34,5,31,0,1,F,1,1920,5,504,8,1,1,999,1,0,0,995,0,0,0,62979,1,9,0,4,2,1,4,1,1,3,0,0,0,0,1,1,0,0,1,0,1,3,51,7,1,1,2,D,24,0,0,0,0,0,0,0,0,0,0,305,305,0,0,0,1,5,999,999,999,9999999,999,999,17,2,0,0,0,0,0,0,995,9.8,998,998,998,99.8,99.8,99.8,4483.25199255508,6,3
10583,31,32,1-31-2018-032-10,10,2,999999999999,99,98,998,2012,92,10,90,99,1,B,9,,,,,,0,999,1,0,0,995,0,0,0,62954,9,9,0,4,2,1,4,1,1,3,0,0,0,0,1,1,0,0,9,0,1,3,53,99,1,1,2,D,25,,,,,,,,,,,,,,,,,,,,,,,,,,,95,95,95,95,,,9.8,998,998,998,99.8,99.8,99.8,4483.25199255508,6,3
10584,15,72,1-15-2018-072-04,4,1,KNMAT2MV0FP5,17,35,51,2015,6,1,3,0,1,F,1,1610,5,0,1,1,1,48,1,0,0,995,0,0,0,11771,9,9,2,4,2,1,2,1,3,1,1,2,0,0,3,1,0,0,3,1,14,2,13,3,1,4,1,A,1,0,0,0,0,0,0,0,0,0,0,998,998,0,0,2,1,10,999,999,999,9999999,999,67,19,2,0,0,0,0,0,0,998,1.3,30,30,120,0.8,0.5,0.9,732.616772321372,1,3
10585,15,73,1-15-2018-073-03,3,1,WDDGJ4HB1EG2,17,42,42,2014,2,1,3,0,1,F,2,1550,5,0,1,1,1,40,1,0,0,995,0,0,0,11003,2,9,0,4,2,1,2,1,2,1,0,0,0,0,3,1,0,0,9,1,14,2,12,99,9,4,1,C,11,0,0,0,0,0,0,0,0,0,0,225,55,0,0,0,1,11,999,999,999,9999999,999,999,999,7,0,1,1,0,4,0,995,0.0,120,10,120,4.5,2.9,5.4,242.922331988394,1,3
10585,15,73,1-15-2018-073-03,3,2,999999999999,99,58,37,2011,2,1,4,0,2,F,9,1652,5,9999,9,0,,,,,,,,,,,,,,,,,,,,,,,,,,,,,,,,,,,,,,,,,,,,,,,,,,,,,,,,,,,,,,,,,,95,95,95,95,,,,,,,,,,242.922331988394,1,3
10585,15,73,1-15-2018-073-03,3,3,KMHDN46D46U2,17,55,35,2006,4,1,2,0,2,F,1,1195,5,9999,9,4,,,,,,,,,,,,,,,,,,,,,,,,,,,,,,,,,,,,,,,,,,,,,,,,,,,,,,,,,,,,,,,,,,95,95,95,95,,,,,,,,,,242.922331988394,1,3
10586,15,74,1-15-2018-074-06,6,1,5FRYD4H48GB0,17,54,421,2016,15,3,15,0,1,F,1,1970,5,9999,9,0,0,48,1,0,0,995,0,0,0,11710,9,9,0,4,4,1,2,1,1,1,0,1,0,0,1,1,0,0,9,0,8,8,98,99,1,7,2,F,49,0,0,0,0,0,0,0,0,0,0,350,10,0,0,0,1,3,18,-17,3,18256,998,40,15,0,4,95,95,95,95,0,995,9.8,998,998,998,99.8,99.8,99.8,322.432299248375,1,3
10586,15,74,1-15-2018-074-06,6,2,2HNYD2H43AH5,17,54,421,2010,15,3,15,0,1,R,1,2064,5,0,1,1,1,48,1,0,0,995,0,0,0,11746,9,9,0,4,4,1,2,1,1,1,1,3,0,0,1,1,0,0,9,0,1,4,64,99,1,1,2,F,49,0,0,0,0,0,0,0,0,0,0,10,350,0,0,0,1,3,16,14,-8,33651,998,-65,18,0,4,99,99,0,0,0,995,1.9,70,75,55,1.8,0.7,2.1,322.432299248375,1,3
10587,33,58,1-33-2018-058-02,2,1,1HGCG2257YA0,17,37,32,2000,2,1,3,0,1,L,1,1480,5,0,1,1,1,105,1,0,1,0,2,0,1,95932,1,1,0,4,2,1,2,1,1,1,1,4,3,2,2,1,0,0,9,0,8,2,21,1,1,6,6,M,98,0,0,0,0,0,0,0,0,0,0,110,170,0,0,0,1,1,21,-4,20,7167,998,96,9,0,1,1,1,0,3,0,995,9.8,998,998,998,99.8,99.8,99.8,27.9619541822388,12,3
10587,33,58,1-33-2018-058-02,2,2,4T1BF1FKXEU7,17,49,40,2014,4,1,3,0,1,F,1,1441,5,0,1,1,1,105,1,0,1,0,2,0,2,95965,3,2,0,4,2,1,2,1,1,1,1,4,3,2,2,1,0,0,9,0,1,4,64,3,1,1,6,M,98,0,0,0,0,0,0,0,0,0,0,170,110,0,0,0,1,1,19,-14,-12,73354,998,-131,25,0,1,2,4,0,3,0,995,9.8,998,998,998,99.8,99.8,99.8,27.9619541822388,12,3
10588,17,71,1-17-2018-071-06,6,1,2HGFG12867H5,17,37,31,2007,2,1,3,0,1,R,2,1227,5,0,1,4,1,89,1,9,0,995,0,9,0,61254,9,9,3,4,2,1,2,1,1,4,0,4,0,0,1,1,0,0,9,0,11,2,15,99,1,1,4,K,76,0,0,0,0,0,0,0,0,0,0,210,190,0,0,0,1,3,28,18,-22,51476,998,-44,30,0,4,0,0,0,0,0,995,9.8,998,998,998,99.8,99.8,99.8,217.56771702627,4,3
10588,17,71,1-17-2018-071-06,6,2,1G4GF5E34DF2,17,18,22,2013,4,1,4,0,1,F,1,1785,5,0,1,1,1,89,1,9,0,995,0,9,0,61238,1,2,3,4,2,1,2,1,1,1,1,2,0,0,1,1,0,0,1,0,1,4,70,2,2,1,4,K,77,0,0,0,0,0,0,0,0,0,0,190,210,0,0,0,1,3,19,-16,9,22096,998,45,16,0,4,1,2,0,6,0,995,9.8,998,998,998,99.8,99.8,99.8,217.56771702627,4,3
10589,17,72,1-17-2018-072-10,10,1,1GCEK19T91Z2,17,20,481,2001,34,5,31,0,1,B,1,2151,5,0,1,1,1,113,1,9,0,995,0,9,0,61275,1,1,1,3,1,1,2,2,2,4,1,1,2,2,1,2,0,0,1,1,14,1,6,2,3,4,1,B,7,0,0,0,0,0,0,0,0,0,0,998,998,0,0,0,1,8,999,999,999,9999999,999,999,999,6,0,0,0,0,0,0,998,1.4,119,999,999,99.9,1.6,99.9,4000.24894282422,4,3
10590,17,73,1-17-2018-073-04,4,1,1C6RR6MT4ES1,17,7,482,2014,34,5,31,0,1,T,1,2333,5,0,1,1,1,113,1,9,0,995,0,9,0,90804,1,1,0,1,2,1,2,2,3,1,1,3,2,3,1,2,0,0,1,1,14,1,9,2,4,4,1,B,7,1,6,2,2,1,4,61,1,1,31,997,997,0,0,0,1,6,999,999,999,9999999,999,999,999,6,0,0,0,0,0,3,997,9.8,998,998,998,99.8,99.8,99.8,583.0789017897,4,3
10591,76,10,1-76-2018-010-03,3,1,2C4RC1BG2GR1,17,6,441,2016,20,4,20,0,1,F,9,2115,5,0,2,4,1,89,1,8,0,995,0,0,0,12051,1,2,0,4,2,1,2,1,1,1,1,2,0,0,1,1,0,0,3,1,1,2,13,1,1,4,1,A,1,0,0,0,0,0,0,0,0,0,0,998,998,0,1,0,1,12,999,999,999,9999999,999,999,999,9,0,1,1,0,4,0,998,1.2,120,120,-60,12.5,1.8,12.9,485.026533564,3,3
10592,14,33,1-14-2018-033-03,3,1,3FA6P0G73FR2,17,12,23,2015,4,1,4,0,1,L,1,1554,5,0,2,1,1,48,1,0,0,995,0,0,0,78222,1,2,0,4,2,1,2,1,1,4,0,0,0,0,1,1,5,2,1,0,11,2,15,1,1,1,4,J,72,0,0,0,0,0,0,0,0,0,0,250,300,0,0,0,1,5,999,999,999,9999999,999,999,11,2,0,2,6,0,4,0,995,9.8,998,998,998,99.8,99.8,99.8,1970.55622329544,8,3
10592,14,33,1-14-2018-033-03,3,2,3C6UD5HL7CG3,17,7,482,2012,34,5,31,0,1,F,1,2878,5,9999,9,1,1,48,1,0,0,995,0,0,0,78130,1,9,0,4,2,1,2,1,1,4,0,0,0,0,1,1,5,2,9,1,6,4,61,99,1,2,4,J,73,0,0,0,0,0,0,0,0,0,0,300,250,1,0,0,1,5,999,999,999,9999999,999,999,999,2,0,0,0,0,0,0,995,0.0,120,999,999,9.2,2.5,9.3,1970.55622329544,8,3
10593,14,34,1-14-2018-034-03,3,1,1G1YD3D74E51,17,20,4,2014,2,1,3,0,1,F,1,1525,5,0,1,1,1,105,1,0,1,0,2,0,2,77055,1,2,0,3,2,1,2,1,1,9,3,1,1,3,1,1,0,0,9,1,15,3,51,99,1,2,2,D,24,0,0,0,0,0,0,0,0,0,0,220,220,0,0,0,1,1,15,-15,0,20798,998,0,18,0,1,3,10,1,4,0,995,3.5,120,120,999,99.9,99.9,99.9,1970.55622329544,8,3
10593,14,34,1-14-2018-034-03,3,2,JN1BJ1CP0HW0,17,35,51,2017,6,1,3,0,1,B,1,1550,5,0,1,1,1,105,1,0,0,995,0,0,0,78006,1,9,0,3,2,1,2,1,1,9,1,3,2,3,1,1,0,0,9,0,1,4,60,99,1,1,2,D,27,0,0,0,0,0,0,0,0,0,0,220,220,0,0,0,1,1,14,14,0,6957,998,56,10,0,4,1,1,0,4,0,995,9.8,998,998,998,99.8,99.8,99.8,1970.55622329544,8,3
10594,26,67,1-26-2018-067-06,6,1,2T1BR32E43C0,17,49,32,2003,4,1,2,0,1,F,2,1130,5,0,1,1,1,40,1,9,0,995,0,9,0,99999,9,9,2,4,2,1,2,1,1,1,0,0,0,0,2,1,2,2,9,0,1,2,17,99,1,1,5,L,88,0,0,0,0,0,0,0,0,0,0,240,150,0,0,0,1,3,33,-21,-26,59663,998,-153,25,0,4,99,99,0,99,0,995,9.8,998,998,998,99.8,99.8,99.8,713.302175311544,10,3
10594,26,67,1-26-2018-067-06,6,2,1FADP3F24DL2,17,12,37,2013,4,1,3,0,1,L,2,1340,5,9999,9,4,1,40,1,0,1,0,2,0,2,95660,1,2,2,4,2,1,2,1,1,1,0,0,0,0,2,1,0,0,9,0,1,2,17,99,1,1,5,L,89,0,0,0,0,0,0,0,0,0,0,150,240,0,0,0,1,3,25,-19,16,138415,998,-164,31,0,4,2,6,0,3,0,995,0.0,120,4,116,2.1,1.3,2.3,713.302175311544,10,3
10595,26,68,1-26-2018-068-06,6,1,19UUA56882A0,17,54,35,2002,4,1,3,0,1,F,1,1614,5,9999,9,4,1,40,1,0,0,995,0,0,0,77502,1,9,3,3,1,1,2,1,1,1,0,0,0,0,1,1,0,0,9,0,11,2,15,99,1,1,4,K,82,0,0,0,0,0,0,0,0,0,0,220,340,0,0,0,1,12,999,999,999,9999999,999,999,999,2,0,0,0,0,0,0,995,9.8,998,998,998,99.8,99.8,99.8,713.302175311544,10,3
10595,26,68,1-26-2018-068-06,6,2,1B3CC5FB9AN1,17,7,26,2010,4,1,3,0,1,R,1,1618,5,9999,9,4,1,40,1,0,0,995,0,0,0,95337,1,9,3,4,2,1,2,1,2,1,0,0,0,0,1,1,0,0,9,0,14,4,72,99,1,1,4,K,83,0,0,0,0,0,0,0,0,0,0,340,220,0,0,0,1,12,999,999,999,9999999,999,999,999,2,0,1,1,0,0,0,995,9.8,998,998,998,99.8,99.8,99.8,713.302175311544,10,3
10596,26,69,1-26-2018-069-09,9,1,1GNDS13S4322,17,20,403,2003,14,3,14,0,1,F,1,2015,5,0,1,1,1,64,1,0,0,995,0,0,0,95758,2,2,0,1,3,1,2,1,3,1,0,3,0,0,1,1,0,0,3,1,14,2,13,1,1,4,1,A,1,0,0,0,0,0,0,0,0,0,0,998,998,0,1,0,3,10,999,999,999,9999999,999,-25,17,2,0,1,2,0,6,0,998,0.0,46,46,30,12.5,5.1,13.8,2272.19495834451,10,3
10597,13,78,1-13-2018-078-04,4,1,5UXKU6C55F0R,17,34,44,2015,5,1,5,0,1,F,9,2345,5,9999,9,0,1,56,1,0,0,995,0,0,0,75052,2,9,2,4,2,1,1,1,1,1,0,0,0,0,3,1,0,0,9,1,1,2,13,99,1,4,1,A,1,0,0,0,0,0,0,0,0,0,0,998,998,0,0,6,1,0,999,999,999,9999999,999,999,999,9,0,0,0,0,0,0,998,0.0,50,50,120,4.0,1.5,4.3,8109.25631872847,7,3
10598,18,36,1-18-2018-036-06,6,1,3FADP4FJXCM1,17,12,32,2012,5,1,1,0,1,F,1,1170,5,0,1,1,1,40,1,0,0,995,0,0,0,54720,7,1,3,4,2,1,2,1,1,1,0,0,0,0,1,1,0,0,3,1,1,2,13,1,1,4,1,A,1,0,0,0,0,0,0,0,0,0,0,998,998,0,0,1,1,1,12,-12,0,7318,998,36,12,0,1,1,1,0,6,0,998,0.0,51,51,68,0.3,0.8,0.9,112.362531033094,6,3
10599,18,37,1-18-2018-037-04,4,1,1FAHP3FN4BW1,17,12,37,2011,4,1,2,0,1,F,1,1225,5,0,1,1,1,72,1,0,0,995,0,0,0,54703,9,9,2,1,3,2,1,1,1,1,1,3,0,0,1,1,1,2,9,0,1,4,66,99,1,1,5,L,88,0,0,0,0,0,0,0,0,0,0,355,265,0,0,0,1,1,18,-16,-9,31472,998,-71,22,0,1,9,97,0,99,0,995,9.8,998,998,998,99.8,99.8,99.8,315.991991053885,6,3
10599,18,37,1-18-2018-037-04,4,2,3GNCJLSB2GL1,17,20,406,2016,14,3,14,0,1,L,1,1382,5,0,1,1,1,40,1,0,0,995,0,0,0,54701,1,2,2,4,3,1,2,1,1,1,0,1,0,0,1,1,1,2,3,0,1,4,66,1,1,1,5,L,89,0,0,0,0,0,0,0,0,0,0,265,355,0,0,0,1,1,15,-8,13,11039,998,-90,11,0,1,0,0,0,0,0,995,9.8,998,998,998,99.8,99.8,99.8,315.991991053885,6,3
10600,30,44,1-30-2018-044-01,1,1,1G1ND52F05M2,17,20,37,2005,4,1,3,0,1,F,2,1440,5,0,1,1,1,72,1,1,1,140,2,0,1,85254,9,9,0,4,7,3,2,1,1,1,3,2,0,0,3,1,0,0,9,1,1,2,12,99,1,4,1,B,6,0,0,0,0,0,0,0,0,0,0,998,998,0,0,1,1,1,28,-28,0,51688,998,-49,28,0,4,3,27,1,1,0,998,0.0,50,50,120,8.0,1.4,8.3,175.806618964903,10,3
10600,30,44,1-30-2018-044-01,1,2,1N4DL01D5YC1,17,35,47,2000,4,1,2,0,1,N,9,1304,5,9999,9,0,0,72,1,0,0,995,0,0,0,85257,9,9,0,4,7,3,2,1,1,1,3,2,0,0,3,1,0,0,1,0,1,9,99,1,1,1,6,M,98,0,0,0,0,0,0,0,0,0,0,997,997,0,0,0,2,0,999,999,999,9999999,999,999,999,9,0,95,95,95,95,0,997,9.8,998,998,998,99.8,99.8,99.8,175.806618964903,10,3
10600,30,44,1-30-2018-044-01,1,3,JTDKDTB38C15,17,49,46,2012,4,1,2,0,1,N,9,1135,5,9999,9,0,0,72,1,0,0,995,0,0,0,85257,9,9,0,4,7,3,2,1,1,1,3,2,0,0,3,1,0,0,1,0,1,9,99,1,1,1,6,M,98,0,0,0,0,0,0,0,0,0,0,997,997,0,0,0,3,0,999,999,999,9999999,999,999,999,9,0,95,95,95,95,0,997,9.8,998,998,998,99.8,99.8,99.8,175.806618964903,10,3
10601,21,63,1-21-2018-063-01,1,1,1FMDU32XXTZA,17,12,401,1996,14,3,14,0,1,R,2,1600,5,0,2,4,1,113,1,0,0,995,0,1,2,90278,1,9,0,1,3,3,2,1,1,9,3,2,1,3,2,1,0,0,9,1,1,2,12,1,3,4,1,B,7,1,16,2,2,1,3,61,1,2,999,997,997,0,0,0,1,6,999,999,999,9999999,999,999,999,7,0,1,2,0,1,3,997,9.8,998,998,998,99.8,99.8,99.8,53.6403718666782,11,3
10602,21,64,1-21-2018-064-04,4,1,2GKFLXE3XE63,17,23,402,2014,14,3,14,0,1,F,9,1823,5,0,2,0,1,113,1,0,0,995,0,0,0,84414,1,1,0,2,2,2,2,1,1,9,3,2,0,3,1,1,0,0,3,1,1,2,12,99,1,4,1,B,6,0,0,0,0,0,0,0,0,0,0,998,998,0,0,0,1,0,999,999,999,9999999,999,999,999,9,0,0,0,0,3,0,998,3.7,120,999,999,41.6,10.1,42.8,2306.6242275943,11,3
10603,21,65,1-21-2018-065-03,3,1,3N1AB7AP5HY3,17,35,43,2017,4,1,3,0,1,F,1,1300,5,0,2,4,1,64,1,9,1,216,2,9,9,92411,9,1,0,4,5,2,2,1,1,1,3,2,0,0,1,1,0,0,3,1,1,4,61,7,1,2,4,J,73,0,0,0,0,0,0,0,0,0,0,0,320,0,0,0,1,3,13,-13,0,5870,998,0,10,0,3,0,0,0,3,0,995,9.8,998,998,998,99.8,99.8,99.8,878.394963938424,11,3
10603,21,65,1-21-2018-065-03,3,2,2G1WG5EK9B11,17,20,2,2011,4,1,4,0,1,L,1,1613,5,0,2,1,1,64,1,1,9,998,8,0,9,92394,9,1,0,4,5,1,2,1,1,1,0,3,0,0,1,1,0,0,3,1,11,2,15,1,1,2,4,J,72,0,0,0,0,0,0,0,0,0,0,320,0,0,1,0,1,3,10,8,6,14517,998,127,11,0,3,0,0,0,0,0,995,9.8,998,998,998,99.8,99.8,99.8,878.394963938424,11,3