CASEID,PSU,CASENO,CASENUMBER,CATEGORY,VEHNO,VIN,VINLENGTH,MAKE,MODEL,MODELYR,BODYTYPE,BODYCAT,VEHCLASS,SPECUSE,TRANSTAT,DAMPLANE,DAMSEV,CURBWT,CURBSRC,CARGOWT,CARGOSRC,INSPTYPE,TOWSTAT,SPEEDLIMIT,DRPRESENT,PARALCOHOL,ALCTEST,ALCTESTRESULT,ALCTESTSRC,PARDRUG,DRUGTEST,ZIP,RACE,ETHNICITY,RELTOJUNCT,TRAFFLOW,RDLANES,INITLANE,SURFTYPE,SURFCOND,ALIGNMENT,PROFILE,LINERIGHT,LINELEFT,RUMBINIT,RUMBROAD,LIGHTCOND,WEATHER,TRAFDEV,TRAFFUNCT,DISTRACT,PREFHE,PREMOVE,CRITCAT,CRITEVENT,MANEUVER,PRESTAB,PRELOC,CRASHCAT,CRASHCONF,CRASHTYPE,ROLLTYPE,ROLLTURN,ROLLINTRPT,ROLLPREMAN,ROLLINITYP,ROLLINLOC,ROLLOBJ,ROLLTRIP,ROLLDIR,ROLLDIST,DVANGTHIS,DVANGOTH,TOWHITCH,TRAJDOC,TREEPOLE,DVEVENT,DVBASIS,DVTOTAL,DVLONG,DVLAT,DVENERGY,DVSPEED,DVMOMENT,DVBES,DVEST,DVCONF,VAIS,VISS,VINJURED,VTREAT,INITOBJCLASS,HEADANGLECAT,SHLDRWIDTH,STRKLENGTH,STRKWIDTH,STRKHEIGHT,EDGEDISTX,EDGEDISTY,EDGEDISTZ,CASEWGT,PSUSTRAT,VERSION
10643,17,76,1-17-2018-076-06,6,1,3FAHP02149R1,17,12,23,2009,4,1,3,0,1,F,1,1429,5,0,1,1,1,89,1,9,0,995,0,9,0,61244,1,2,2,4,5,1,1,1,1,2,1,3,0,0,1,1,1,2,1,0,1,4,62,3,1,1,4,J,69,0,0,0,0,0,0,0,0,0,0,20,130,0,0,0,1,1,17,-13,11,42687,998,109,22,0,1,1,1,0,6,0,995,9.8,998,998,998,99.8,99.8,99.8,123.111854906476,4,3
10643,17,76,1-17-2018-076-06,6,2,5GALRBED3AJ1,17,18,24,2010,6,1,5,0,1,R,1,2168,5,0,1,1,1,89,1,9,0,995,0,9,0,52302,1,2,2,4,5,3,1,1,1,1,1,2,0,0,1,1,1,2,1,0,11,2,15,2,1,1,4,J,68,0,0,0,0,0,0,0,0,0,0,130,20,0,0,0,1,1,12,-10,-6,7359,998,142,7,0,1,1,1,0,0,0,995,9.8,998,998,998,99.8,99.8,99.8,123.111854906476,4,3
10644,31,35,1-31-2018-035-10,10,1,1G1ZS58F07F1,17,20,37,2007,4,1,3,0,1,R,1,1416,5,0,2,1,1,40,1,0,0,995,0,0,0,62931,1,2,3,4,2,1,2,2,1,2,0,0,0,0,4,2,0,0,1,0,13,3,55,1,1,1,6,M,98,0,0,0,0,0,0,0,0,0,0,145,65,0,0,0,1,3,11,0,-11,21836,998,206,11,0,4,0,0,0,0,0,995,9.8,998,998,998,99.8,99.8,99.8,359.234935300888,6,3
10644,31,35,1-31-2018-035-10,10,2,1C4NJCBAXED5,17,2,1,2014,6,1,2,0,1,F,1,1448,5,9999,9,5,0,40,1,0,0,995,0,0,0,62982,9,9,3,4,2,1,2,2,1,2,0,0,0,0,4,2,0,0,1,0,1,3,55,1,1,1,6,M,98,0,0,0,0,0,0,0,0,0,0,65,145,0,0,0,1,3,12,-12,2,9412,998,36,13,0,4,95,95,95,95,0,995,9.8,998,998,998,99.8,99.8,99.8,359.234935300888,6,3
10646,18,38,1-18-2018-038-03,3,1,4T1BF1FK8CU5,17,49,40,2012,4,1,3,0,1,B,2,1441,5,9999,9,0,0,80,1,0,0,995,0,0,0,54703,9,9,2,1,3,2,1,1,1,1,1,3,0,0,2,1,1,1,1,0,2,3,53,99,1,1,6,M,98,0,0,0,0,0,0,0,0,0,0,95,95,0,0,0,2,3,27,27,0,41105,998,0,27,0,4,95,95,95,95,0,995,9.8,998,998,998,99.8,99.8,99.8,295.12104725542,6,3
10646,18,38,1-18-2018-038-03,3,2,5TDJKRFH1GS5,17,49,403,2016,14,3,14,0,1,F,1,2035,5,0,1,1,1,80,1,0,0,995,0,0,0,54703,1,2,2,1,3,2,1,1,1,1,1,3,0,0,2,1,1,1,1,0,2,3,53,1,1,1,2,D,29,0,0,0,0,0,0,0,0,0,0,95,95,0,0,0,2,3,18,-18,0,25898,998,-31,17,0,4,1,1,0,4,0,995,9.8,998,998,998,99.8,99.8,99.8,295.12104725542,6,3
10646,18,38,1-18-2018-038-03,3,3,1G1AM18B6871,17,20,22,2008,2,1,2,0,1,F,1,1239,5,9999,9,0,1,80,1,0,0,995,0,0,0,54755,1,9,2,1,3,2,1,1,1,1,1,3,0,0,2,1,1,1,1,0,1,3,52,99,1,1,2,D,28,0,0,0,0,0,0,0,0,0,0,95,95,0,0,0,1,3,17,-17,0,14718,998,0,17,0,4,0,0,0,0,0,995,9.8,998,998,998,99.8,99.8,99.8,295.12104725542,6,3
10647,21,66,1-21-2018-066-05,5,1,1FAHP35NX9W2,17,12,37,2009,4,1,2,0,1,L,2,1189,5,0,1,1,1,113,1,0,0,995,0,0,0,89031,2,2,0,1,3,2,2,1,1,9,1,3,0,3,2,1,0,0,9,1,1,2,12,99,1,4,1,B,6,1,8,2,2,1,4,61,1,1,60,997,997,0,1,0,1,6,999,999,999,9999999,999,999,999,7,0,2,9,0,3,3,997,9.8,998,998,998,99.8,99.8,99.8,34.1937899108598,11,3
10648,21,67,1-21-2018-067-04,4,1,3N1CN7AP0HL8,17,35,50,2017,4,1,2,0,1,F,9,1132,5,0,2,0,1,89,1,0,0,995,0,0,0,92311,1,2,2,4,2,1,2,1,1,2,1,2,0,0,2,1,2,2,9,1,1,6,90,1,1,4,1,C,12,0,0,0,0,0,0,0,0,0,0,998,998,0,1,0,1,0,999,999,999,9999999,999,999,999,9,0,0,0,0,0,0,998,9.8,998,998,998,99.8,99.8,99.8,461.271285596431,11,3
10650,22,38,1-22-2018-038-03,3,1,1FMFU18535LA,17,12,422,2005,15,3,15,0,1,R,1,2524,5,0,1,1,1,72,1,0,0,995,0,0,0,83857,1,2,2,4,5,3,2,1,1,1,1,2,0,0,1,1,1,2,2,0,11,2,15,1,1,1,4,J,68,0,0,0,0,0,0,0,0,0,0,0,240,0,0,0,1,1,13,-11,-6,29399,998,88,15,0,1,1,1,0,4,0,995,9.8,998,998,998,99.8,99.8,99.8,187.546076799172,12,3
10650,22,38,1-22-2018-038-03,3,2,5YFBURHE2FP3,17,49,32,2015,4,1,3,0,1,F,1,1265,5,0,1,1,1,72,1,0,0,995,0,0,0,83843,1,2,2,5,6,2,2,1,1,1,1,3,0,0,1,1,1,2,1,0,1,4,62,3,1,1,4,J,69,0,0,0,0,0,0,0,0,0,0,240,0,0,0,0,1,1,24,-21,12,45508,998,113,22,0,1,1,2,0,4,0,995,9.8,998,998,998,99.8,99.8,99.8,187.546076799172,12,3
10651,33,59,1-33-2018-059-02,2,1,1FTFW1EG0FKD,17,12,481,2015,34,5,31,0,1,F,2,2236,5,0,1,1,1,89,1,0,0,995,0,0,0,95965,1,2,0,4,2,1,2,1,1,4,0,0,0,0,1,1,0,0,3,1,1,2,13,1,1,4,1,A,1,0,0,0,0,0,0,0,0,0,0,998,998,0,0,1,1,1,28,-28,0,72008,998,6,28,0,1,2,8,0,6,0,998,0.0,103,103,120,46.0,2.7,46.7,23.7983979496905,12,3
10652,33,60,1-33-2018-060-07,7,1,1B3CB4HA0AD5,17,7,25,2010,5,1,2,0,1,F,1,1345,5,0,1,1,1,56,1,0,0,995,0,0,0,95966,1,2,2,5,2,1,2,1,2,4,1,2,0,0,1,1,1,2,2,0,11,2,15,1,1,1,4,K,82,0,0,0,0,0,0,0,0,0,0,110,240,0,0,0,1,3,14,-14,2,5062,998,35,9,0,4,1,1,0,0,0,995,9.8,998,998,998,99.8,99.8,99.8,403.120905358811,12,3
10652,33,60,1-33-2018-060-07,7,2,1D7HU18D73S3,17,7,482,2003,34,5,31,0,1,R,1,2333,5,0,1,1,1,89,1,0,0,995,0,0,0,95966,1,2,0,5,3,1,2,1,1,1,1,2,0,0,1,1,0,0,9,0,1,4,67,99,1,1,4,K,83,0,0,0,0,0,0,0,0,0,0,240,110,0,0,0,1,3,8,-6,-5,13267,998,75,11,0,4,0,0,0,0,0,995,9.8,998,998,998,99.8,99.8,99.8,403.120905358811,12,3
10653,30,45,1-30-2018-045-03,3,1,5J8TB3H75JL0,17,54,402,2018,14,3,14,0,1,F,1,1789,8,0,1,1,1,56,1,0,0,995,0,0,0,85262,1,2,2,4,2,1,2,1,1,1,5,2,0,0,1,1,2,2,3,0,1,2,17,4,1,1,5,L,86,0,0,0,0,0,0,0,0,0,0,350,55,0,0,0,3,1,12,-12,4,18459,998,37,15,0,1,1,1,0,4,0,995,9.8,998,998,998,99.8,99.8,99.8,465.375387162674,10,3
10653,30,45,1-30-2018-045-03,3,2,3TMJU62N09M0,17,49,472,2009,34,5,30,0,1,R,1,1767,5,0,1,2,0,56,1,0,0,995,0,0,0,85382,9,9,2,4,4,1,2,1,1,1,1,3,0,0,1,1,2,2,1,0,1,4,66,2,1,1,5,L,87,0,0,0,0,0,0,0,0,0,0,55,335,0,0,0,1,3,3,0,-3,1915,998,-204,3,0,1,95,95,95,95,0,995,9.8,998,998,998,99.8,99.8,99.8,465.375387162674,10,3
10653,30,45,1-30-2018-045-03,3,3,WBSCD9328WEE,17,34,34,1998,4,1,3,0,1,R,1,1440,5,0,1,1,1,56,1,0,0,995,0,0,0,85255,1,2,2,4,4,2,2,1,1,1,3,2,0,0,1,1,2,2,1,0,1,4,66,1,1,1,6,M,98,0,0,0,0,0,0,0,0,0,0,55,350,0,0,0,3,1,15,3,-15,7971,998,-40,11,0,1,1,1,0,4,0,995,9.8,998,998,998,99.8,99.8,99.8,465.375387162674,10,3
10654,30,46,1-30-2018-046-06,6,1,2T1CF22P9XC1,17,49,44,1999,2,1,3,0,1,F,9,1440,5,9999,9,0,1,64,1,0,0,995,0,0,0,85020,9,9,0,1,6,3,2,1,1,1,3,5,0,0,1,1,0,0,9,0,1,3,50,99,1,1,2,D,20,0,0,0,0,0,0,0,0,0,0,75,75,0,0,0,1,0,999,999,999,9999999,999,999,999,9,0,99,99,0,99,0,995,9.8,998,998,998,99.8,99.8,99.8,617.695601836017,10,3
10654,30,46,1-30-2018-046-06,6,2,KNDJT2A60C74,17,63,37,2012,6,1,2,0,1,B,9,1260,5,9999,9,0,1,64,1,0,0,995,0,0,0,85331,9,9,0,1,6,3,2,1,1,1,3,5,0,0,1,1,0,0,1,0,5,3,53,99,1,1,2,D,21,0,0,0,0,0,0,0,0,0,0,75,75,0,0,0,1,0,999,999,999,9999999,999,999,999,9,0,99,99,0,99,0,995,9.8,998,998,998,99.8,99.8,99.8,617.695601836017,10,3
10654,30,46,1-30-2018-046-06,6,3,JF2SJAHC8GH5,17,48,401,2016,14,3,14,0,1,B,9,1498,5,9999,9,0,0,64,1,0,0,995,0,0,0,85032,9,9,0,1,6,3,2,1,1,1,3,5,0,0,1,1,0,0,1,0,5,3,53,99,1,1,6,M,98,0,0,0,0,0,0,0,0,0,0,75,75,0,0,0,2,0,999,999,999,9999999,999,999,999,9,0,95,95,95,95,0,995,9.8,998,998,998,99.8,99.8,99.8,617.695601836017,10,3
10655,20,85,1-20-2018-085-09,9,1,1HGCD5552SA1,17,37,32,1995,4,1,3,0,1,F,2,1305,5,0,2,0,1,105,1,0,0,995,0,0,0,93960,7,1,0,2,2,2,2,1,3,9,3,2,1,3,2,8,0,0,2,0,14,3,50,1,1,1,2,D,20,0,0,0,0,0,0,0,0,0,0,120,115,0,0,0,1,3,34,-32,-12,55400,998,-71,28,0,4,1,2,0,6,0,995,1.9,999,999,999,13.5,6.5,15.5,453.564312489883,11,3
10655,20,85,1-20-2018-085-09,9,2,JTKDE1773500,17,49,50,2005,3,1,3,0,1,B,2,1347,5,0,1,1,1,105,0,7,7,887,6,8,8,99998,8,8,0,2,2,2,2,1,3,9,3,2,1,3,2,8,0,0,0,8,0,3,53,0,0,0,2,D,21,0,0,0,0,0,0,0,0,0,0,115,120,0,0,0,1,3,36,34,12,112868,998,-69,41,0,4,0,0,0,0,0,995,9.8,998,998,998,99.8,99.8,99.8,453.564312489883,11,3
10656,20,86,1-20-2018-086-06,6,1,2HGFB6E54CH7,17,37,31,2012,4,1,3,0,1,T,1,1311,5,0,1,1,1,89,1,1,8,997,8,0,0,93933,9,1,0,4,2,1,2,1,3,1,0,4,0,0,2,1,0,0,9,1,14,2,13,3,1,4,1,A,1,1,9,2,2,1,4,61,1,2,32,997,997,0,0,0,2,6,999,999,999,9999999,999,999,999,6,0,1,1,0,5,3,997,0.0,999,999,999,99.9,99.9,99.9,194.304999993334,11,3
10658,26,70,1-26-2018-070-05,5,1,JT4VN13D4N50,17,49,471,1992,34,5,30,0,1,F,1,1325,5,9999,9,0,0,72,1,0,0,995,0,0,0,95667,9,9,2,1,3,2,2,1,1,1,3,1,0,0,1,1,1,2,9,0,1,2,17,99,1,1,5,L,88,0,0,0,0,0,0,0,0,0,0,235,145,0,0,0,1,3,13,-12,-4,12799,998,-75,14,0,4,95,95,95,95,0,995,9.8,998,998,998,99.8,99.8,99.8,66.8888393357944,10,3
10658,26,70,1-26-2018-070-05,5,2,1N4AL2APXCN4,17,35,47,2012,4,1,4,0,1,L,1,1437,5,0,1,1,1,72,1,0,0,995,0,0,0,95662,1,9,2,4,4,1,2,1,1,1,3,2,0,0,1,1,1,2,9,0,1,4,66,99,1,1,5,L,89,0,0,0,0,0,0,0,0,0,0,145,235,0,0,0,1,3,11,-4,11,19316,998,-200,11,0,4,9,97,0,8,0,995,9.8,998,998,998,99.8,99.8,99.8,66.8888393357944,10,3
10659,26,71,1-26-2018-071-05,5,1,1N4AL2EP2AC1,17,35,47,2010,2,1,3,0,1,F,2,1404,5,9999,9,4,1,72,1,0,1,0,2,0,1,95670,1,9,0,1,3,3,2,1,1,1,3,5,0,0,3,1,0,0,9,1,1,2,12,99,1,4,1,B,6,0,0,0,0,0,0,0,0,0,0,998,998,0,0,1,2,12,999,999,999,9999999,999,999,999,3,0,1,1,0,3,0,998,0.0,20,20,120,3.6,1.7,4.0,66.8888393357944,10,3
10660,26,72,1-26-2018-072-04,4,1,3FADP4AJ7HM1,17,12,32,2017,4,1,1,0,1,T,1,1169,5,0,1,1,1,40,1,0,0,995,0,0,0,95842,1,2,0,4,2,1,2,1,1,1,0,4,0,0,3,1,0,0,3,1,1,2,13,1,1,4,1,C,12,1,2,2,5,2,4,88,4,2,7,997,997,0,1,0,2,6,999,999,999,9999999,999,999,999,6,0,1,1,0,0,4,997,9.8,998,998,998,99.8,99.8,99.8,2115.11001601441,10,3
10661,21,69,1-21-2018-069-01,1,1,4T1BF28B33U3,17,49,43,2003,4,1,3,0,1,F,2,1560,5,9999,9,4,1,89,1,9,1,0,3,9,2,92324,9,9,0,4,3,2,2,1,1,1,3,2,0,0,1,1,0,0,9,1,1,2,10,99,1,2,3,G,50,0,0,0,0,0,0,0,0,0,0,180,40,0,0,0,1,12,999,999,999,9999999,999,999,999,3,0,6,75,1,1,0,995,9.8,998,998,998,99.8,99.8,99.8,11.0233138862791,11,3
10661,21,69,1-21-2018-069-01,1,2,1GCEC14T74Z2,17,20,481,2004,34,5,31,0,1,F,2,1836,5,9999,9,4,1,89,1,0,0,995,0,0,0,92503,1,9,0,4,3,2,2,1,1,1,3,2,0,0,1,1,0,0,9,0,1,4,62,8,1,2,3,G,51,0,0,0,0,0,0,0,0,0,0,40,180,0,0,0,1,12,999,999,999,9999999,999,999,999,3,0,3,10,1,3,0,995,9.8,998,998,998,99.8,99.8,99.8,11.0233138862791,11,3
10662,20,88,1-20-2018-088-10,10,1,999999999999,99,54,421,2002,15,3,15,0,1,F,9,1992,5,9999,9,0,1,89,1,0,0,995,0,0,0,94063,9,1,0,4,2,1,2,1,1,9,1,2,1,0,1,1,0,0,9,0,1,3,50,99,9,1,2,D,20,0,0,0,0,0,0,0,0,0,0,70,70,0,0,0,1,0,999,999,999,9999999,999,999,999,9,0,99,99,0,99,0,995,9.8,998,998,998,99.8,99.8,99.8,2508.37884029288,11,3
10662,20,88,1-20-2018-088-10,10,2,WDBHA29G4YA8,17,42,42,2000,4,1,3,0,1,B,9,1504,5,9999,9,0,0,89,1,0,0,995,0,0,0,95054,9,9,0,4,2,1,2,1,1,9,1,2,1,0,1,1,0,0,9,0,5,3,52,99,1,1,2,D,21,0,0,0,0,0,0,0,0,0,0,70,70,0,0,0,1,0,999,999,999,9999999,999,999,999,9,0,95,95,95,95,0,995,9.8,998,998,998,99.8,99.8,99.8,2508.37884029288,11,3
10663,59,44,1-59-2018-044-03,3,1,2C4RDGEG7HR8,17,7,442,2017,20,4,20,0,1,F,9,2050,5,9999,9,0,1,48,1,0,0,995,0,0,0,48213,9,9,2,4,3,1,2,1,1,1,0,1,0,0,1,1,1,2,9,0,1,2,17,99,1,1,5,L,86,0,0,0,0,0,0,0,0,0,0,265,0,0,0,0,1,0,999,999,999,9999999,999,999,999,9,0,9,97,0,5,0,995,9.8,998,998,998,99.8,99.8,99.8,82.683162239571,6,3
10663,59,44,1-59-2018-044-03,3,2,1LNHM81W22Y6,17,13,1,2002,4,1,5,0,1,R,1,1821,5,0,1,4,1,48,1,0,0,995,0,0,0,47404,9,9,2,4,3,1,2,1,1,1,0,1,0,0,1,1,1,2,9,0,1,2,17,99,1,1,5,L,87,0,0,0,0,0,0,0,0,0,0,0,265,0,0,0,1,12,999,999,999,9999999,999,999,999,1,0,0,0,0,0,0,995,9.8,998,998,998,99.8,99.8,99.8,82.683162239571,6,3
10664,59,45,1-59-2018-045-10,10,1,1FDKF37M8LKA,17,12,481,1990,40,6,45,0,1,L,9,9999,9,9999,9,0,1,24,1,8,0,995,0,7,0,47807,9,9,3,4,2,1,2,1,1,1,0,0,0,0,1,1,0,0,9,1,1,2,12,99,1,4,1,B,6,0,0,0,0,0,0,0,0,0,0,170,90,0,0,0,1,0,999,999,999,9999999,999,999,999,9,0,99,99,0,0,0,995,9.8,998,998,998,99.8,99.8,99.8,2063.80944727755,6,3
10664,59,45,1-59-2018-045-10,10,2,1NXBA02E8VZ6,17,49,32,1997,4,1,1,0,2,B,1,1045,5,9999,9,4,,,,,,,,,,,,,,,,,,,,,,,,,,,,,,,,,,,,,,,,,,,,,,,,,,,,,,,,,,,,,,,,,,95,95,95,95,,,,,,,,,,2063.80944727755,6,3
10664,59,45,1-59-2018-045-10,10,3,1GKDT13S8224,17,23,401,2002,14,3,14,0,2,L,9,2099,5,9999,9,0,,,,,,,,,,,,,,,,,,,,,,,,,,,,,,,,,,,,,,,,,,,,,,,,,,,,,,,,,,,,,,,,,,95,95,95,95,,,,,,,,,,2063.80944727755,6,3
10668,24,46,1-24-2018-046-07,7,1,1FADP3J21DL1,17,12,37,2013,4,1,3,0,1,F,1,1340,5,0,1,1,1,56,1,0,0,995,0,0,0,08037,1,2,2,4,2,1,2,1,1,1,0,2,0,0,1,1,2,2,1,0,11,2,15,3,1,1,4,K,82,0,0,0,0,0,0,0,0,0,0,305,95,0,0,0,1,1,23,-20,11,20905,998,58,18,0,4,0,0,0,0,0,995,9.8,998,998,998,99.8,99.8,99.8,1194.20299325449,1,3
10668,24,46,1-24-2018-046-07,7,2,1GNDT13W8T21,17,20,401,1996,14,3,14,0,1,F,1,1793,5,0,1,2,0,56,1,0,0,995,0,0,0,08037,9,9,2,4,2,1,2,1,1,1,1,2,0,0,1,1,0,0,9,0,1,4,67,99,1,1,4,K,83,0,0,0,0,0,0,0,0,0,0,95,305,0,0,0,1,1,17,-17,0,38173,998,53,21,0,4,95,95,95,95,0,995,9.8,998,998,998,99.8,99.8,99.8,1194.20299325449,1,3
10669,23,73,1-23-2018-073-07,7,1,1G1AK55F6772,17,20,22,2007,4,1,2,0,1,F,9,1265,5,9999,9,0,1,89,1,0,0,995,0,0,0,43003,1,2,0,4,2,1,2,1,1,1,1,4,0,0,1,8,0,0,3,1,1,2,13,7,2,4,1,A,1,0,0,0,0,0,0,0,0,0,0,998,998,0,0,0,1,0,999,999,999,9999999,999,999,999,9,0,0,0,0,0,0,998,0.2,999,999,999,0.8,4.9,5.0,1819.40993628513,5,3
10670,52,34,1-52-2018-034-04,4,1,KMHD35LH1GU2,17,55,35,2016,5,1,2,0,1,F,1,1295,5,0,1,1,1,40,1,1,8,997,8,0,0,59102,9,9,2,4,2,1,2,1,1,1,0,2,0,0,2,8,1,2,9,1,11,2,15,1,1,4,1,B,6,0,0,0,0,0,0,0,0,0,0,998,998,0,0,0,4,11,999,999,999,9999999,999,999,999,6,0,0,0,0,0,0,998,0.0,5,5,100,6.2,8.6,10.5,111.675639845698,12,3
10671,52,35,1-52-2018-035-03,3,1,1HGCM56876A0,17,37,32,2006,4,1,3,0,1,L,1,1440,5,0,1,1,1,56,1,0,0,995,0,0,0,59101,9,9,2,4,2,1,2,1,1,1,0,0,0,0,1,5,2,2,2,0,1,2,17,1,1,1,5,L,89,0,0,0,0,0,0,0,0,0,0,0,90,0,0,0,1,1,8,-6,5,5527,998,14,10,0,4,99,99,0,99,0,995,9.8,998,998,998,99.8,99.8,99.8,31.4006388155313,12,3
10671,52,35,1-52-2018-035-03,3,2,3HGGK5H59HM7,17,37,39,2017,5,1,1,0,1,F,1,1131,5,0,1,1,1,56,1,0,0,995,0,0,0,59105,1,2,2,4,4,1,2,1,1,1,0,3,0,0,1,5,0,0,1,0,1,4,66,1,1,1,5,L,88,0,0,0,0,0,0,0,0,0,0,90,0,0,0,0,1,1,10,-7,-8,8170,998,-117,10,0,4,1,2,0,6,0,995,9.8,998,998,998,99.8,99.8,99.8,31.4006388155313,12,3
10672,52,36,1-52-2018-036-03,3,1,1GNDT13W0T21,17,20,421,1996,15,3,15,0,1,F,1,1793,5,9999,9,5,0,56,1,0,0,995,0,0,0,59101,9,9,2,1,3,1,2,1,1,1,1,1,0,0,1,1,1,2,1,0,1,3,50,1,1,1,2,D,20,0,0,0,0,0,0,0,0,0,0,60,60,0,0,0,1,3,14,-14,0,13794,998,0,14,0,4,95,95,95,95,0,995,9.8,998,998,998,99.8,99.8,99.8,31.4006388155313,12,3
10672,52,36,1-52-2018-036-03,3,2,KNAFX4A61G55,17,63,38,2016,4,1,3,0,1,B,1,1272,5,9999,9,1,1,56,1,0,0,995,0,0,0,59101,2,2,2,1,3,1,2,1,1,1,1,1,0,0,1,1,1,2,1,0,5,3,53,1,1,1,2,D,23,0,0,0,0,0,0,0,0,0,0,60,60,0,0,0,1,3,18,18,0,17927,998,30,18,0,4,0,0,0,4,0,995,9.8,998,998,998,99.8,99.8,99.8,31.4006388155313,12,3
10673,25,31,1-25-2018-031-04,4,1,JF2GPAVC6D28,17,48,403,2013,14,3,14,0,1,F,2,1425,5,0,1,1,1,56,1,8,0,995,0,7,0,04401,9,9,2,4,2,1,2,1,1,1,1,2,0,0,1,1,2,2,9,0,1,2,17,1,1,1,5,L,90,0,0,0,0,0,0,0,0,0,0,230,350,0,0,0,1,3,27,-21,17,49426,998,110,23,0,4,99,99,0,99,0,995,9.8,998,998,998,99.8,99.8,99.8,1305.91626132408,2,3
10673,25,31,1-25-2018-031-04,4,2,3TMCZ5AN0JM1,17,49,472,2018,34,5,30,0,1,F,1,2007,8,0,1,3,1,64,1,8,0,995,0,7,0,04112,1,2,2,4,2,1,2,1,1,1,1,2,0,0,1,1,0,0,1,0,1,4,66,2,1,1,5,L,90,0,0,0,0,0,0,0,0,0,0,350,230,0,0,0,1,3,17,-16,-6,55099,998,-82,22,0,4,0,0,0,0,0,995,9.8,998,998,998,99.8,99.8,99.8,1305.91626132408,2,3
10674,16,76,1-16-2018-076-05,5,1,1ZVBP8EM4D52,17,12,3,2013,1,1,3,0,1,F,1,1687,5,0,1,3,1,56,1,0,0,995,0,0,0,45231,1,2,2,1,2,2,2,2,1,1,3,0,0,0,1,2,1,2,1,1,1,4,62,4,1,4,1,A,3,0,0,0,0,0,0,0,0,0,0,10,0,0,0,0,1,12,999,999,999,9999999,999,999,999,2,0,1,2,0,4,0,995,9.8,998,998,998,99.8,99.8,99.8,66.6996853872975,5,3
10674,16,76,1-16-2018-076-05,5,2,5TEPM62N52Z0,17,49,472,2002,34,5,31,0,2,9,9,1574,5,9999,9,0,,,,,,,,,,,,,,,,,,,,,,,,,,,,,,,,,,,,,,,,,,,,,,,,,,,,,,,,,,,,,,,,,,95,95,95,95,,,,,,,,,,66.6996853872975,5,3
10674,16,76,1-16-2018-076-05,5,3,JS3TD9441641,17,53,404,2006,14,3,14,0,2,L,1,1650,5,0,2,5,,,,,,,,,,,,,,,,,,,,,,,,,,,,,,,,,,,,,,,,,,,,,,,,,,,,,,,,,,,,,,,,,,95,95,95,95,,,,,,,,,,66.6996853872975,5,3
10675,16,77,1-16-2018-077-02,2,1,1FMCU0JX9EUA,17,12,402,2014,14,3,14,0,1,F,1,1635,5,0,1,1,1,56,1,0,0,995,0,0,0,45225,2,2,0,4,4,2,2,1,1,4,3,2,0,0,3,1,0,0,9,0,1,3,50,3,1,1,2,D,20,0,0,0,0,0,0,0,0,0,0,170,180,0,0,0,1,3,21,-20,-4,25780,998,-30,19,0,1,2,5,0,3,0,995,0.0,52,71,120,1.5,0.6,1.5,39.7677397370151,5,3
10675,16,77,1-16-2018-077-02,2,2,1GBFG15T7411,17,20,461,2004,21,4,21,0,1,B,1,2102,5,0,2,1,1,56,1,1,1,125,1,0,0,45232,2,2,0,4,4,2,2,1,1,4,3,2,0,0,3,1,0,0,1,0,5,3,53,1,1,1,2,D,22,0,0,0,0,0,0,0,0,0,0,180,170,0,0,0,1,3,17,17,0,30678,998,-1,19,0,4,1,2,0,6,0,995,9.8,998,998,998,99.8,99.8,99.8,39.7677397370151,5,3
10676,16,78,1-16-2018-078-05,5,1,1HGCG2251XA0,17,37,32,1999,2,1,3,0,1,B,1,1480,5,0,1,2,0,40,1,0,0,995,0,0,0,45209,9,9,0,4,4,1,2,1,1,1,0,3,0,0,1,1,0,0,1,0,1,3,53,1,1,1,2,D,25,0,0,0,0,0,0,0,0,0,0,90,100,0,0,0,1,5,999,999,999,9999999,999,999,10,2,0,95,95,95,95,0,995,9.8,998,998,998,99.8,99.8,99.8,66.6996853872975,5,3
10676,16,78,1-16-2018-078-05,5,2,WMWSU3C5XDT6,17,69,54,2013,3,1,1,0,1,F,1,1155,5,0,1,1,1,40,1,0,0,995,0,0,0,45227,1,2,0,4,4,1,2,1,1,1,0,3,0,0,1,1,0,0,1,0,1,3,51,99,1,1,2,D,24,0,0,0,0,0,0,0,0,0,0,100,90,0,0,0,1,5,999,999,999,9999999,999,999,11,2,0,1,1,0,4,0,995,0.0,120,9,11,0.0,0.0,0.0,66.6996853872975,5,3
10677,28,42,1-28-2018-042-06,6,1,1FMCU93158KB,17,12,402,2008,14,3,14,0,1,F,1,1609,5,100,1,1,1,89,1,0,0,995,0,0,0,16933,1,2,2,4,2,1,2,1,1,1,1,2,3,3,1,1,0,0,3,0,1,3,50,1,1,1,2,D,20,0,0,0,0,0,0,0,0,0,0,80,80,0,0,0,1,1,19,-19,0,43539,998,0,25,0,4,0,0,0,0,0,995,9.8,998,998,998,99.8,99.8,99.8,107.745172236415,3,3