CASEID,PSU,CASENO,CASENUMBER,CATEGORY,VEHNO,VIN,VINLENGTH,MAKE,MODEL,MODELYR,BODYTYPE,BODYCAT,VEHCLASS,SPECUSE,TRANSTAT,DAMPLANE,DAMSEV,CURBWT,CURBSRC,CARGOWT,CARGOSRC,INSPTYPE,TOWSTAT,SPEEDLIMIT,DRPRESENT,PARALCOHOL,ALCTEST,ALCTESTRESULT,ALCTESTSRC,PARDRUG,DRUGTEST,ZIP,RACE,ETHNICITY,RELTOJUNCT,TRAFFLOW,RDLANES,INITLANE,SURFTYPE,SURFCOND,ALIGNMENT,PROFILE,LINERIGHT,LINELEFT,RUMBINIT,RUMBROAD,LIGHTCOND,WEATHER,TRAFDEV,TRAFFUNCT,DISTRACT,PREFHE,PREMOVE,CRITCAT,CRITEVENT,MANEUVER,PRESTAB,PRELOC,CRASHCAT,CRASHCONF,CRASHTYPE,ROLLTYPE,ROLLTURN,ROLLINTRPT,ROLLPREMAN,ROLLINITYP,ROLLINLOC,ROLLOBJ,ROLLTRIP,ROLLDIR,ROLLDIST,DVANGTHIS,DVANGOTH,TOWHITCH,TRAJDOC,TREEPOLE,DVEVENT,DVBASIS,DVTOTAL,DVLONG,DVLAT,DVENERGY,DVSPEED,DVMOMENT,DVBES,DVEST,DVCONF,VAIS,VISS,VINJURED,VTREAT,INITOBJCLASS,HEADANGLECAT,SHLDRWIDTH,STRKLENGTH,STRKWIDTH,STRKHEIGHT,EDGEDISTX,EDGEDISTY,EDGEDISTZ,CASEWGT,PSUSTRAT,VERSION
10762,25,34,1-25-2018-034-09,9,1,JN8AZ08T95W3,17,35,49,2005,6,1,4,0,1,F,1,1744,5,9999,9,0,0,56,1,0,0,995,0,0,0,04101,9,9,2,4,2,1,2,1,1,1,1,2,0,0,1,1,0,0,1,1,11,2,15,99,1,2,4,J,68,0,0,0,0,0,0,0,0,0,0,280,150,0,0,0,1,3,11,-8,-7,11350,998,-143,9,0,4,95,95,95,95,0,995,9.8,998,998,998,99.8,99.8,99.8,646.901961185703,2,3
10762,25,34,1-25-2018-034-09,9,2,1FAHP24W58G1,17,12,17,2008,4,1,4,0,1,F,1,1796,5,0,1,1,1,56,1,0,0,995,0,0,0,04074,1,9,2,4,2,1,2,1,1,1,1,2,0,0,1,1,0,0,1,0,1,4,62,99,1,1,4,J,69,0,0,0,0,0,0,0,0,0,0,150,280,0,0,0,1,3,10,-10,2,11350,998,41,12,0,4,99,99,0,99,0,995,9.8,998,998,998,99.8,99.8,99.8,646.901961185703,2,3
10763,16,79,1-16-2018-079-05,5,1,1FTCR14X3VTA,17,12,471,1997,34,5,30,0,1,R,1,1497,5,0,1,1,1,48,1,0,0,995,0,0,0,45205,9,9,2,4,4,2,2,1,1,2,3,2,0,0,1,1,1,2,9,0,11,2,15,99,1,1,4,J,68,0,0,0,0,0,0,0,0,0,0,305,185,0,0,0,1,1,17,-6,-16,18868,998,-58,16,0,1,99,99,0,99,0,995,9.8,998,998,998,99.8,99.8,99.8,23.8007164397398,5,3
10763,16,79,1-16-2018-079-05,5,2,WVWGD7AJXDW0,17,30,42,2013,5,1,2,0,1,F,1,1397,5,0,1,1,1,56,1,0,0,995,0,0,0,45220,9,9,2,4,4,2,2,1,1,4,3,2,0,0,1,1,1,2,9,0,1,2,17,99,1,1,4,J,69,0,0,0,0,0,0,0,0,0,0,185,305,0,0,0,1,1,18,-18,-3,19420,998,9,18,0,1,9,97,0,8,0,995,9.8,998,998,998,99.8,99.8,99.8,23.8007164397398,5,3
10764,16,80,1-16-2018-080-06,6,1,5Y2SM67009Z4,17,22,32,2009,6,1,2,0,1,F,1,1295,5,0,1,1,1,89,1,0,0,995,0,0,0,45214,1,2,0,2,3,1,2,1,1,1,1,3,0,0,1,1,0,0,1,0,1,3,50,2,2,1,2,D,20,0,0,0,0,0,0,0,0,0,0,320,325,0,0,0,1,3,16,-16,-3,14441,998,-21,16,0,4,1,2,0,4,0,995,9.8,998,998,998,99.8,99.8,99.8,393.979509742924,5,3
10764,16,80,1-16-2018-080-06,6,2,3MZBM1L73FM1,17,41,51,2015,5,1,3,0,1,B,1,1286,5,9999,9,0,0,89,1,0,0,995,0,0,0,45223,9,9,0,2,3,1,2,1,1,1,1,3,0,0,1,1,0,0,1,0,5,3,53,99,1,1,2,D,21,0,0,0,0,0,0,0,0,0,0,325,320,0,0,0,1,3,19,18,3,20103,998,-41,19,0,4,95,95,95,95,0,995,9.8,998,998,998,99.8,99.8,99.8,393.979509742924,5,3
10765,16,81,1-16-2018-081-03,3,1,2C3CDXCT7JH1,17,7,24,2018,4,1,5,0,1,F,1,1996,5,0,1,1,1,105,1,1,1,0,2,1,3,45011,1,9,0,1,2,1,2,1,1,1,1,3,2,3,1,1,0,0,1,0,1,3,51,99,1,1,2,D,24,0,0,0,0,0,0,0,0,0,0,40,40,0,0,0,1,1,23,-23,0,50100,998,0,25,0,4,1,3,0,3,0,995,9.8,998,998,998,99.8,99.8,99.8,296.826408165365,5,3
10765,16,81,1-16-2018-081-03,3,2,1C4HJXDG2JW1,17,2,403,2018,14,3,14,0,1,B,1,1860,5,0,2,1,1,105,1,0,0,995,0,0,0,47374,1,2,0,1,2,1,2,1,1,1,1,3,2,3,1,1,0,0,1,0,1,3,53,1,1,1,2,D,25,0,0,0,0,0,0,0,0,0,0,40,40,0,0,0,1,1,24,24,0,39729,998,29,22,0,4,0,0,0,5,0,995,9.8,998,998,998,99.8,99.8,99.8,296.826408165365,5,3
10766,66,31,1-66-2018-031-07,7,1,2FMDK3AK4DBB,17,12,24,2013,6,1,4,0,1,F,1,1852,5,0,1,1,1,56,1,8,0,995,0,7,0,65605,1,2,0,4,2,1,2,1,3,4,1,2,0,0,1,1,0,0,1,0,14,4,62,4,1,1,3,G,51,0,0,0,0,0,0,0,0,0,0,60,215,0,0,0,1,1,15,-13,8,11332,998,66,11,0,4,0,0,0,0,0,995,9.8,998,998,998,99.8,99.8,99.8,487.055013800897,6,3
10766,66,31,1-66-2018-031-07,7,2,1FMCU0F79DUA,17,12,402,2013,14,3,14,0,1,F,1,1588,5,0,1,1,1,56,1,8,0,995,0,7,0,65605,1,2,0,4,2,1,2,1,3,1,1,2,0,0,1,1,0,0,3,1,14,2,10,1,1,2,3,G,50,0,0,0,0,0,0,0,0,0,0,215,60,0,0,0,1,1,18,-18,0,33317,998,-43,22,0,4,0,0,0,0,0,995,9.8,998,998,998,99.8,99.8,99.8,487.055013800897,6,3
10767,66,32,1-66-2018-032-06,6,1,1FUJA6AS52LJ,17,82,881,2002,66,8,67,0,1,B,9,,,,,,0,113,1,0,0,995,0,7,0,75455,9,9,0,2,2,2,2,1,1,1,3,2,1,3,1,1,0,0,1,0,2,3,53,1,1,1,2,D,29,,,,,,,,,,,,,,,,,,,,,,,,,,,95,95,95,95,,,9.8,998,998,998,99.8,99.8,99.8,125.896653172806,6,3
10767,66,32,1-66-2018-032-06,6,2,3D73Y4CL5AG1,17,7,482,2010,34,5,31,0,1,F,2,3377,5,136,1,1,1,113,1,0,0,995,0,7,0,64836,1,2,0,2,2,2,2,1,1,1,3,2,1,3,1,1,0,0,3,1,1,3,52,4,1,2,2,D,28,0,0,0,0,0,0,0,0,0,0,250,270,0,0,0,1,5,999,999,999,9999999,999,999,32,3,0,2,4,0,4,0,995,9.8,998,998,998,99.8,99.8,99.8,125.896653172806,6,3
10768,10,44,1-10-2018-044-06,6,1,5XXGM4A72DG1,17,63,34,2013,4,1,4,0,1,F,9,1454,5,9999,9,0,1,89,1,0,0,995,0,0,0,45426,1,2,0,2,2,1,2,1,1,1,1,3,2,3,1,1,0,0,1,1,1,1,9,99,4,4,1,B,7,0,0,0,0,0,0,0,0,0,0,998,998,0,0,0,1,0,999,999,999,9999999,999,999,999,9,0,1,1,0,5,0,998,1.6,999,999,999,6.3,4.3,7.9,59.4673695156522,4,3
10769,10,45,1-10-2018-045-09,9,1,JA4MS31XX7Z0,17,52,47,2007,6,1,3,0,1,F,1,1600,5,0,1,1,1,40,1,0,0,995,0,0,0,44301,1,2,0,4,2,1,2,1,2,1,0,0,0,0,1,1,0,0,1,1,14,1,6,9,1,4,1,C,11,0,0,0,0,0,0,0,0,0,0,340,340,0,0,0,1,3,13,-13,-2,9784,998,20,12,0,4,99,99,0,4,0,995,9.8,998,998,998,99.8,99.8,99.8,188.586093158534,4,3
10769,10,45,1-10-2018-045-09,9,2,1N4AA6AP1HC4,17,35,39,2017,4,1,4,0,2,B,1,1627,5,9999,9,0,,,,,,,,,,,,,,,,,,,,,,,,,,,,,,,,,,,,,,,,,,,,,,,,,,,,,,,,,,,,,,,,,,95,95,95,95,,,,,,,,,,188.586093158534,4,3
10769,10,45,1-10-2018-045-09,9,3,1D4RE2GG4BC6,17,7,422,2011,15,3,15,0,2,B,9,2262,5,9999,9,0,,,,,,,,,,,,,,,,,,,,,,,,,,,,,,,,,,,,,,,,,,,,,,,,,,,,,,,,,,,,,,,,,,95,95,95,95,,,,,,,,,,188.586093158534,4,3
10770,10,46,1-10-2018-046-10,10,1,2G1WH55K3Y93,17,20,2,2000,4,1,4,0,1,F,2,1540,5,0,1,1,1,56,1,0,0,995,0,0,0,45342,2,1,2,4,4,2,2,1,1,1,1,2,0,0,1,1,1,2,3,0,1,3,50,2,1,1,2,D,20,0,0,0,0,0,0,0,0,0,0,270,270,0,0,0,1,3,28,-28,0,41691,998,-3,26,0,4,0,0,0,99,0,995,9.8,998,998,998,99.8,99.8,99.8,1076.16167699156,4,3
10770,10,46,1-10-2018-046-10,10,2,3GNFK16Z82G2,17,20,421,2002,15,3,15,0,1,B,1,2211,5,9999,9,0,0,56,1,0,0,995,0,0,0,45401,9,9,2,4,4,2,2,1,1,1,1,2,0,0,1,1,1,2,1,0,5,3,53,1,1,1,2,D,21,0,0,0,0,0,0,0,0,0,0,270,270,0,0,0,1,3,21,21,0,44060,998,0,23,0,4,95,95,95,95,0,995,9.8,998,998,998,99.8,99.8,99.8,1076.16167699156,4,3
10771,73,2,1-73-2018-002-06,6,1,1J4GL48K25W5,17,2,405,2005,14,3,14,0,1,F,1,1735,5,0,1,2,0,40,1,0,0,995,0,0,0,04957,9,9,2,4,4,2,2,1,1,2,3,2,0,0,1,1,0,0,1,1,11,2,15,99,1,2,4,J,68,0,0,0,0,0,0,0,0,0,0,325,160,0,0,0,1,1,15,-15,-3,10112,998,-56,11,0,1,95,95,95,95,0,995,9.8,998,998,998,99.8,99.8,99.8,109.814805772078,3,3
10771,73,2,1-73-2018-002-06,6,2,JF2SH6BC2AH7,17,48,401,2010,14,3,14,0,1,F,1,1483,5,0,1,1,1,40,1,0,0,995,0,0,0,04976,9,9,2,4,4,2,2,1,1,4,3,2,0,0,1,1,0,0,1,0,1,4,62,99,1,1,4,J,69,0,0,0,0,0,0,0,0,0,0,160,325,0,0,0,1,1,16,-15,5,26574,998,40,20,0,4,1,1,0,4,0,995,9.8,998,998,998,99.8,99.8,99.8,109.814805772078,3,3
10772,73,3,1-73-2018-003-01,1,1,4M2ZU55P7XUJ,17,14,401,1999,14,3,14,0,1,L,3,1631,5,91,2,1,1,80,1,0,0,995,0,0,0,04922,1,2,0,4,2,1,2,1,1,1,1,4,0,0,1,1,0,0,9,1,1,2,13,99,2,4,1,A,1,1,4,2,2,1,4,61,1,2,16,997,997,0,0,0,6,6,999,999,999,9999999,999,999,999,8,0,3,10,1,1,3,997,1.6,20,20,120,51.0,5.3,51.3,56.2288906276617,3,3
10773,28,43,1-28-2018-043-04,4,1,1GCGTCE39G13,17,20,473,2016,34,5,30,0,1,L,1,2001,5,91,2,1,1,72,1,0,0,995,0,0,0,16146,1,2,3,4,2,1,5,1,1,1,0,0,0,0,1,1,0,0,3,0,11,2,15,9,1,1,4,K,82,0,0,0,0,0,0,0,0,0,0,340,70,0,0,0,1,1,15,-7,13,40244,998,-95,18,0,1,0,0,0,0,0,995,9.8,998,998,998,99.8,99.8,99.8,166.610201086058,3,3
10773,28,43,1-28-2018-043-04,4,2,1FTPX14525NB,17,12,481,2005,34,5,31,0,1,F,1,2412,5,0,1,1,1,72,1,0,0,995,0,1,0,15861,1,2,3,4,2,1,2,1,1,3,1,2,0,0,1,1,0,0,1,0,1,4,72,4,1,1,4,K,83,0,0,0,0,0,0,0,0,0,0,70,340,0,0,0,1,1,14,-12,-7,20452,998,-156,11,0,1,0,0,0,0,0,995,9.8,998,998,998,99.8,99.8,99.8,166.610201086058,3,3
10774,28,44,1-28-2018-044-04,4,1,KMHDH4AE9GU5,17,55,35,2016,4,1,3,0,1,F,1,1305,5,0,1,1,1,89,1,0,0,995,0,0,0,16920,1,2,2,4,2,1,2,1,1,1,1,2,0,0,1,1,0,0,3,0,11,2,15,2,1,1,4,J,68,0,0,0,0,0,0,0,0,0,0,190,70,0,0,0,1,1,19,-7,-18,73915,998,-180,22,0,1,1,1,0,0,0,995,9.8,998,998,998,99.8,99.8,99.8,166.610201086058,3,3
10774,28,44,1-28-2018-044-04,4,2,JN1CA31D61T8,17,35,39,2001,4,1,3,0,1,F,1,1451,5,0,1,1,1,89,1,0,0,995,0,0,0,16946,1,2,2,4,2,1,2,1,1,1,1,2,0,0,1,1,0,0,1,0,1,4,62,4,1,1,4,J,69,0,0,0,0,0,0,0,0,0,0,70,190,0,0,0,1,1,17,-17,-3,9652,998,-99,10,0,4,0,0,0,0,0,995,5.2,7,5,120,0.9,1.9,1.5,166.610201086058,3,3
10775,29,39,1-29-2018-039-03,3,1,KM8SC73D45U9,17,55,401,2005,14,3,14,0,1,F,1,1702,5,0,2,1,1,56,1,8,0,995,0,7,0,02878,1,2,0,4,2,1,1,1,1,9,1,2,0,0,1,1,0,0,3,0,1,3,50,2,1,1,2,D,20,0,0,0,0,0,0,0,0,0,0,175,180,0,0,0,1,1,20,-19,-3,20014,998,-26,17,0,3,1,1,0,6,0,995,9.8,998,998,998,99.8,99.8,99.8,156.677608850213,2,3
10775,29,39,1-29-2018-039-03,3,2,5LMCJ1D93HUL,17,13,402,2017,14,3,14,0,1,F,2,1792,5,0,1,1,1,56,1,8,0,995,0,7,0,02809,9,9,0,4,2,1,1,1,1,9,1,2,0,0,1,1,0,0,9,0,5,3,52,99,1,1,2,D,21,0,0,0,0,0,0,0,0,0,0,180,180,0,0,0,2,1,25,-25,0,67805,998,10,30,0,4,99,99,0,8,0,995,9.8,998,998,998,99.8,99.8,99.8,156.677608850213,2,3
10775,29,39,1-29-2018-039-03,3,3,YV1CZ9119511,17,51,401,2005,14,3,14,0,1,B,1,2001,5,0,2,1,1,56,1,8,0,995,0,7,0,02806,1,2,0,4,2,1,1,1,1,9,1,2,0,0,1,1,0,0,1,0,1,3,52,1,1,1,6,M,98,0,0,0,0,0,0,0,0,0,0,180,180,0,0,0,2,1,23,23,0,21730,998,-4,16,0,4,0,0,0,0,0,995,9.8,998,998,998,99.8,99.8,99.8,156.677608850213,2,3
10775,29,39,1-29-2018-039-03,3,4,5TFCZ5AN7JX1,17,49,472,2018,34,5,30,0,1,B,1,1984,5,0,2,2,0,56,1,8,0,995,0,7,0,02813,9,9,0,4,2,1,1,1,1,9,1,2,0,0,1,1,0,0,1,0,5,3,51,1,1,1,6,M,98,0,0,0,0,0,0,0,0,0,0,185,180,0,0,0,3,1,13,13,0,11532,998,0,12,0,1,95,95,95,95,0,995,9.8,998,998,998,99.8,99.8,99.8,156.677608850213,2,3
10776,29,40,1-29-2018-040-09,9,1,1J4GW68N5XC5,17,2,404,1999,14,3,14,0,1,L,1,1800,5,0,1,1,1,48,1,8,9,998,8,7,9,02702,1,2,2,4,2,1,2,1,1,1,0,0,0,0,1,8,2,2,1,0,1,4,66,1,1,1,5,L,89,0,0,0,0,0,0,0,0,0,0,270,0,0,0,0,1,3,8,-3,7,8810,998,-88,9,0,4,1,1,0,5,0,995,0.0,5,28,85,5.3,2.0,5.4,608.069203540474,2,3
10776,29,40,1-29-2018-040-09,9,2,1J4AA2D1XBL5,17,2,403,2011,14,3,14,0,1,F,1,1746,5,9999,9,6,0,48,1,8,9,998,8,7,9,02740,9,9,2,4,2,1,2,1,1,1,0,0,0,0,1,8,0,0,9,0,1,4,66,99,1,1,5,L,88,0,0,0,0,0,0,0,0,0,0,0,270,0,0,0,1,3,9,-8,-3,4795,998,-61,7,0,4,95,95,95,95,0,995,9.8,998,998,998,99.8,99.8,99.8,608.069203540474,2,3
10777,12,41,1-12-2018-041-06,6,1,3GYFNEE38DS6,17,19,20,2013,6,1,4,0,1,T,2,1940,5,0,1,1,1,113,1,0,0,995,0,0,0,73401,9,9,0,2,2,2,2,1,2,1,3,2,1,3,1,1,0,0,9,1,14,2,12,99,9,4,1,B,6,1,4,2,1,1,2,61,1,2,23,997,997,0,0,0,2,6,999,999,999,9999999,999,999,999,7,0,2,8,0,3,3,997,1.3,999,999,999,4.9,0.3,4.9,2974.79272638536,9,3
10779,59,48,1-59-2018-048-02,2,1,1J4GL48K54W3,17,2,405,2004,14,3,14,0,1,R,1,1735,5,0,1,1,1,72,1,0,0,995,0,0,0,47882,9,9,2,1,7,4,2,1,1,1,1,2,0,0,1,1,0,0,9,0,11,2,15,99,1,1,4,J,68,0,0,0,0,0,0,0,0,0,0,80,10,0,0,0,1,1,8,-1,-8,3353,998,-122,5,0,1,1,1,0,4,0,995,9.8,998,998,998,99.8,99.8,99.8,64.255850991781,6,3
10779,59,48,1-59-2018-048-02,2,2,19XFB2F55EE0,17,37,31,2014,4,1,3,0,1,F,1,1284,5,0,1,1,1,72,1,0,0,995,0,0,0,60426,2,9,2,1,7,1,2,1,1,1,1,1,0,0,1,1,0,0,9,0,1,4,62,4,1,1,4,J,69,0,0,0,0,0,0,0,0,0,0,10,80,0,0,0,1,1,11,-9,5,11840,998,65,14,0,1,0,0,0,4,0,995,9.8,998,998,998,99.8,99.8,99.8,64.255850991781,6,3
10780,27,40,1-27-2018-040-06,6,1,4JGBB22E67A2,17,42,401,2007,14,3,14,0,1,F,1,2210,5,0,1,1,1,80,1,0,0,995,0,0,0,01262,9,9,3,4,2,1,2,1,1,1,1,2,0,0,1,1,0,0,1,1,1,2,10,99,1,2,4,J,73,0,0,0,0,0,0,0,0,0,0,15,355,0,0,0,1,1,9,-9,-2,14384,998,24,13,0,4,0,0,0,0,0,995,9.8,998,998,998,99.8,99.8,99.8,111.035056721832,3,3
10780,27,40,1-27-2018-040-06,6,2,1HGCS1B33CA0,17,37,32,2012,2,1,3,0,1,L,1,1491,5,0,1,1,1,80,1,0,0,995,0,0,0,12165,9,9,3,4,2,1,2,1,1,1,1,2,0,0,1,1,0,0,1,0,11,3,53,99,1,1,4,J,72,0,0,0,0,0,0,0,0,0,0,355,15,0,0,0,1,1,13,11,7,10942,998,122,10,0,4,1,1,0,4,0,995,9.8,998,998,998,99.8,99.8,99.8,111.035056721832,3,3
10781,27,41,1-27-2018-041-05,5,1,5J6RE4H75BL0,17,37,402,2011,14,3,14,0,1,F,1,1604,5,0,1,1,1,48,1,0,1,0,2,0,0,01222,1,2,2,4,4,1,2,1,3,4,1,3,0,0,1,1,0,0,9,1,14,2,13,1,1,4,1,A,1,0,0,0,0,0,0,0,0,0,0,998,998,0,0,1,3,1,23,-23,0,38761,998,43,23,0,4,1,1,0,3,0,998,1.6,44,12,15,0.0,0.0,0.0,25.56357474818,3,3
10782,31,37,1-31-2018-037-06,6,1,1FAFP53U24A1,17,12,17,2004,4,1,3,0,1,L,1,1500,5,0,2,0,1,999,1,0,0,995,0,0,0,62844,1,2,2,4,3,2,2,1,1,1,1,2,0,0,1,1,2,2,2,0,11,2,15,11,1,1,4,K,82,0,0,0,0,0,0,0,0,0,0,90,180,0,0,0,1,3,17,-3,17,29566,998,-54,21,0,4,0,0,0,0,0,995,9.8,998,998,998,99.8,99.8,99.8,1045.50387879407,6,3
10782,31,37,1-31-2018-037-06,6,2,KMHDH4AE2BU1,17,55,35,2011,4,1,3,0,1,F,1,1265,5,0,1,1,1,999,1,0,0,995,0,0,0,62821,1,2,2,2,3,2,2,1,1,1,1,0,0,0,1,1,0,0,1,0,1,4,67,2,1,1,4,K,83,0,0,0,0,0,0,0,0,0,0,180,90,0,0,0,1,3,20,-20,-3,12744,998,-9,15,0,4,1,2,0,4,0,995,9.8,998,998,998,99.8,99.8,99.8,1045.50387879407,6,3
10783,31,38,1-31-2018-038-04,4,1,3FA6P0H75GR2,17,12,23,2016,4,1,4,0,1,F,1,1558,5,0,1,1,1,89,1,0,0,995,0,0,0,62979,1,2,0,4,2,1,2,2,1,1,0,0,0,0,2,2,0,0,1,0,1,6,90,1,1,1,1,C,12,0,0,0,0,0,0,0,0,0,0,998,998,0,0,0,1,10,999,999,999,9999999,999,0,18,2,0,0,0,0,0,0,998,9.8,998,998,998,99.8,99.8,99.8,3123.50097383835,6,3
10784,59,47,1-59-2018-047-05,5,1,3ALXA7CG0HDJ,17,82,881,2017,66,8,67,0,1,F,9,,,,,,0,105,1,0,0,995,0,0,0,63049,9,9,1,2,3,2,2,1,1,9,3,3,0,0,1,1,0,0,1,0,1,3,52,99,1,1,2,D,28,,,,,,,,,,,,,,,,,,,,,,,,,,,95,95,95,95,,,9.8,998,998,998,99.8,99.8,99.8,165.497299436734,6,3
10784,59,47,1-59-2018-047-05,5,2,1G1ZC5EU8BF3,17,20,37,2011,4,1,4,0,1,B,1,1549,5,0,1,1,1,105,1,0,0,995,0,0,0,47834,9,9,1,2,3,2,2,1,1,9,3,3,0,2,1,1,0,0,1,0,2,3,53,2,1,1,2,D,31,0,0,0,0,0,0,0,0,0,0,270,270,0,0,0,1,5,999,999,999,9999999,999,999,16,2,0,2,4,0,4,0,995,9.8,998,998,998,99.8,99.8,99.8,165.497299436734,6,3
10785,19,71,1-19-2018-071-03,3,1,1FMCU0J91HUC,17,12,402,2017,14,3,14,0,1,F,3,1611,5,0,1,1,1,72,1,0,0,995,0,0,0,35954,1,2,2,2,3,3,2,1,1,1,3,1,0,0,1,1,1,2,1,0,1,2,17,2,1,1,5,L,88,0,0,0,0,0,0,0,0,0,0,90,340,0,0,0,1,3,41,-41,-7,73588,998,-41,32,0,4,1,1,0,4,0,995,9.8,998,998,998,99.8,99.8,99.8,157.68591493737,9,3
10785,19,71,1-19-2018-071-03,3,2,1B4HR28Z01F5,17,7,402,2001,14,3,14,0,1,L,2,2148,8,9999,9,0,1,72,1,0,0,995,0,0,0,35901,1,9,2,4,3,2,2,1,3,1,1,2,0,0,1,1,1,2,9,0,14,4,66,99,1,1,5,L,89,0,0,0,0,0,0,0,0,0,0,340,90,0,0,0,1,3,30,-15,26,135640,998,-52,37,0,4,1,1,0,4,0,995,9.8,998,998,998,99.8,99.8,99.8,157.68591493737,9,3
10786,19,72,1-19-2018-072-03,3,1,2GCEC19V7214,17,20,481,2002,34,5,31,0,1,L,1,1980,5,0,1,1,1,40,1,0,0,995,0,0,0,35904,2,2,2,4,2,1,2,1,2,4,0,2,0,0,1,8,1,2,1,0,4,4,66,1,1,1,5,L,89,0,0,0,0,0,0,0,0,0,0,240,320,0,0,0,1,1,18,-3,18,17130,998,165,11,0,1,1,2,0,4,0,995,9.8,998,998,998,99.8,99.8,99.8,157.68591493737,9,3
10786,19,72,1-19-2018-072-03,3,2,3FADP4BJ3HM1,17,12,32,2017,4,1,1,0,1,F,2,1169,5,0,1,1,1,56,1,0,0,995,0,0,0,36265,1,2,2,4,4,1,2,1,1,2,1,3,0,0,1,8,1,2,3,0,1,2,17,2,1,1,5,L,88,0,0,0,0,0,0,0,0,0,0,320,240,0,0,0,1,1,25,-24,-9,77342,998,-62,33,0,1,1,2,0,4,0,995,9.8,998,998,998,99.8,99.8,99.8,157.68591493737,9,3
10787,19,73,1-19-2018-073-06,6,1,JF2SH63679H7,17,48,401,2009,14,3,14,0,1,F,1,1483,5,0,1,1,1,72,1,0,0,995,0,0,0,35980,1,2,0,4,2,1,2,1,1,1,1,2,2,2,1,1,0,0,9,0,1,3,50,3,9,1,2,D,20,0,0,0,0,0,0,0,0,0,0,320,330,0,0,0,1,3,14,-14,0,10112,998,53,12,0,4,99,99,0,8,0,995,9.8,998,998,998,99.8,99.8,99.8,184.169889009078,9,3
10787,19,73,1-19-2018-073-06,6,2,1GNEK13T31J2,17,20,421,2001,15,3,15,0,1,B,1,2317,5,9999,9,0,1,72,1,0,0,995,0,0,0,35952,1,2,0,4,2,1,2,1,1,1,1,2,2,2,1,1,0,0,9,0,5,3,53,1,1,1,2,D,21,0,0,0,0,0,0,0,0,0,0,330,320,0,0,0,1,3,9,9,-2,12094,998,47,11,0,4,0,0,0,0,0,995,9.8,998,998,998,99.8,99.8,99.8,184.169889009078,9,3
10788,13,81,1-13-2018-081-03,3,1,2C3CDYBT1EH2,17,7,28,2014,2,1,5,0,1,F,1,1852,5,0,1,1,1,97,1,0,0,995,0,0,0,76028,2,9,0,2,3,2,2,1,1,1,3,3,0,0,3,1,0,0,9,1,15,2,10,99,1,2,2,F,47,0,0,0,0,0,0,0,0,0,0,998,998,0,0,0,2,1,22,-22,0,45743,998,-63,22,0,4,99,99,0,4,0,998,3.5,120,999,999,0.0,0.0,0.0,2078.19095356271,7,3
10788,13,81,1-13-2018-081-03,3,2,999999999999,99,99,399,9999,9,1,9,99,1,R,9,9999,9,9999,9,0,0,97,1,0,0,995,0,0,0,99999,9,9,0,2,3,3,2,1,1,1,3,2,0,0,3,1,0,0,9,0,1,4,61,99,1,1,2,F,45,0,0,0,0,0,0,0,0,0,0,0,0,0,0,0,1,0,999,999,999,9999999,999,999,999,9,0,95,95,95,95,0,995,9.8,998,998,998,99.8,99.8,99.8,2078.19095356271,7,3
10789,13,82,1-13-2018-082-02,2,1,2G1WG5EK8B12,17,20,2,2011,4,1,4,0,1,F,9,1613,5,9999,9,0,1,999,1,0,0,995,0,0,0,76234,1,9,0,2,2,2,2,1,1,1,3,2,0,3,1,1,0,0,9,0,1,3,52,99,1,1,2,D,28,0,0,0,0,0,0,0,0,0,0,210,210,0,0,0,1,0,999,999,999,9999999,999,999,999,9,0,2,5,0,4,0,995,9.8,998,998,998,99.8,99.8,99.8,85.5720909006192,7,3
10789,13,82,1-13-2018-082-02,2,2,1FAHP2D89GG1,17,12,17,2016,4,1,4,0,1,B,1,1822,5,9999,9,4,1,999,1,0,0,995,0,0,0,76259,1,2,0,2,2,2,2,1,1,1,3,2,0,3,1,1,0,0,1,0,2,3,53,1,1,1,2,D,29,0,0,0,0,0,0,0,0,0,0,210,210,0,0,0,1,12,999,999,999,9999999,999,999,999,2,0,1,3,0,4,0,995,9.8,998,998,998,99.8,99.8,99.8,85.5720909006192,7,3
10789,13,82,1-13-2018-082-02,2,3,3FADP0L30BR3,17,12,23,2011,4,1,3,0,1,B,1,1650,5,0,1,1,1,999,1,0,0,995,0,0,0,76063,1,2,0,2,2,2,2,1,1,1,3,2,0,3,1,1,0,0,1,0,2,3,53,1,1,1,6,M,98,0,0,0,0,0,0,0,0,0,0,210,200,0,0,0,2,3,17,17,-3,23605,998,51,18,0,1,0,0,0,0,0,995,9.8,998,998,998,99.8,99.8,99.8,85.5720909006192,7,3
10790,14,40,1-14-2018-040-06,6,1,1NPSLPEX2HD4,17,87,884,2017,66,8,68,0,1,F,9,,,,,,1,48,1,0,0,995,0,0,0,78224,9,9,0,4,2,1,2,1,3,1,0,0,0,0,1,1,0,0,9,1,14,2,10,99,1,2,3,G,52,,,,,,,,,,,,,,,,,,,,,,,,,,,95,95,95,95,,,0.0,120,8,120,3.9,3.1,4.3,3456.38355116423,8,3
10790,14,40,1-14-2018-040-06,6,2,2FMDK4KC5ABA,17,12,24,2010,6,1,4,0,1,F,9,1939,5,9999,9,5,1,48,1,0,0,995,0,0,0,78669,1,1,0,4,2,1,2,1,2,1,0,0,0,0,1,1,0,0,9,0,14,4,62,99,1,1,3,G,52,0,0,0,0,0,0,0,0,0,0,70,250,1,0,0,1,5,999,999,999,9999999,999,999,999,9,0,1,3,0,6,0,995,9.8,998,998,998,99.8,99.8,99.8,3456.38355116423,8,3