CASEID,PSU,CASENO,CASENUMBER,CATEGORY,VEHNO,VIN,VINLENGTH,MAKE,MODEL,MODELYR,BODYTYPE,BODYCAT,VEHCLASS,SPECUSE,TRANSTAT,DAMPLANE,DAMSEV,CURBWT,CURBSRC,CARGOWT,CARGOSRC,INSPTYPE,TOWSTAT,SPEEDLIMIT,DRPRESENT,PARALCOHOL,ALCTEST,ALCTESTRESULT,ALCTESTSRC,PARDRUG,DRUGTEST,ZIP,RACE,ETHNICITY,RELTOJUNCT,TRAFFLOW,RDLANES,INITLANE,SURFTYPE,SURFCOND,ALIGNMENT,PROFILE,LINERIGHT,LINELEFT,RUMBINIT,RUMBROAD,LIGHTCOND,WEATHER,TRAFDEV,TRAFFUNCT,DISTRACT,PREFHE,PREMOVE,CRITCAT,CRITEVENT,MANEUVER,PRESTAB,PRELOC,CRASHCAT,CRASHCONF,CRASHTYPE,ROLLTYPE,ROLLTURN,ROLLINTRPT,ROLLPREMAN,ROLLINITYP,ROLLINLOC,ROLLOBJ,ROLLTRIP,ROLLDIR,ROLLDIST,DVANGTHIS,DVANGOTH,TOWHITCH,TRAJDOC,TREEPOLE,DVEVENT,DVBASIS,DVTOTAL,DVLONG,DVLAT,DVENERGY,DVSPEED,DVMOMENT,DVBES,DVEST,DVCONF,VAIS,VISS,VINJURED,VTREAT,INITOBJCLASS,HEADANGLECAT,SHLDRWIDTH,STRKLENGTH,STRKWIDTH,STRKHEIGHT,EDGEDISTX,EDGEDISTY,EDGEDISTZ,CASEWGT,PSUSTRAT,VERSION
10839,23,78,1-23-2018-078-07,7,1,2GCEK13M6812,17,20,481,2008,34,5,30,0,1,L,1,2440,5,0,2,4,1,40,1,0,0,995,0,0,0,43228,1,2,2,4,5,2,2,2,1,1,1,1,0,0,1,8,1,2,1,0,1,4,66,1,1,1,5,L,89,0,0,0,0,0,0,0,0,0,0,355,85,0,0,0,1,12,999,999,999,9999999,999,999,999,2,0,0,0,0,0,0,995,9.8,998,998,998,99.8,99.8,99.8,687.210464720277,5,3
10839,23,78,1-23-2018-078-07,7,2,2C4RDGBG7DR5,17,7,442,2013,20,4,20,0,1,F,1,2050,5,0,2,4,1,40,1,0,0,995,0,0,0,43318,1,2,2,4,5,1,2,2,1,1,0,1,0,0,1,8,1,2,1,0,1,2,17,2,1,1,5,L,88,0,0,0,0,0,0,0,0,0,0,85,355,0,0,0,1,12,999,999,999,9999999,999,999,999,2,0,0,0,0,0,0,995,9.8,998,998,998,99.8,99.8,99.8,687.210464720277,5,3
10840,23,79,1-23-2018-079-09,9,1,1HGES25883L0,17,37,31,2003,4,1,2,0,1,F,1,1151,5,9999,9,5,1,56,1,0,0,995,0,0,0,43334,9,9,2,4,2,1,2,1,1,4,0,2,0,0,1,1,1,2,9,0,11,2,15,99,1,1,4,K,82,0,0,0,0,0,0,0,0,0,0,165,260,0,0,0,1,5,999,999,999,9999999,999,999,999,2,0,9,97,0,5,0,995,9.8,998,998,998,99.8,99.8,99.8,605.141644929221,5,3
10840,23,79,1-23-2018-079-09,9,2,1XPBDP9X3GP3,17,87,884,2016,66,8,68,0,1,R,9,,,,,,0,56,1,0,0,995,0,0,0,43035,9,9,2,4,2,1,2,1,1,4,0,2,0,0,1,1,1,2,9,0,1,4,67,99,1,1,4,K,83,,,,,,,,,,,,,,,,,,,,,,,,,,,95,95,95,95,,,9.8,998,998,998,99.8,99.8,99.8,605.141644929221,5,3
10841,54,3,1-54-2018-003-05,5,1,5TFUW5F16DX3,17,49,482,2013,34,5,31,0,1,F,9,2476,5,100,2,0,1,64,1,1,0,995,0,0,0,35565,1,2,2,4,2,1,2,1,1,1,1,2,0,0,2,8,2,2,9,0,1,2,14,1,1,4,1,C,14,0,0,0,0,0,0,0,0,0,0,998,998,0,0,5,99,0,999,999,999,9999999,999,999,999,9,0,2,6,0,4,0,998,5.4,999,999,999,9.5,2.0,4.4,189.008969378357,9,3
10843,11,15,1-11-2018-015-03,3,1,2T1BURHE9GC6,17,49,32,2016,4,1,3,0,1,F,2,1265,5,0,1,1,1,89,1,1,2,996,1,0,0,23234,9,9,0,1,2,2,2,1,1,1,2,3,0,0,1,1,0,0,1,0,1,3,54,2,1,1,3,G,52,0,0,0,0,0,0,0,0,0,0,105,285,0,0,0,1,5,999,999,999,9999999,999,999,36,3,0,99,99,0,99,0,995,9.8,998,998,998,99.8,99.8,99.8,587.146698047445,8,3
10843,11,15,1-11-2018-015-03,3,2,5VPCB15D9X30,17,98,706,1999,80,9,80,0,1,F,9,,,,,,1,89,1,0,0,995,0,0,0,23836,9,9,0,1,4,2,2,1,1,1,3,2,0,0,1,1,0,0,1,0,1,3,54,1,1,1,3,G,52,,,,,,,,,,,,,,,,,,,,,,,,,,,95,95,95,95,,,9.8,998,998,998,99.8,99.8,99.8,587.146698047445,8,3
10844,32,92,1-32-2018-092-04,4,1,WBA8E1G55JNU,17,34,34,2018,4,1,4,0,1,F,1,1529,8,0,1,1,1,64,1,1,8,997,8,7,3,75019,1,2,2,1,3,3,1,1,1,1,3,0,0,0,3,1,0,0,1,1,1,2,12,1,1,4,1,B,6,0,0,0,0,0,0,0,0,0,0,998,998,0,0,0,4,1,14,-14,0,14658,998,-53,14,0,1,0,0,0,0,0,998,0.0,56,56,120,2.0,0.6,1.9,4844.32552891453,7,3
10845,32,93,1-32-2018-093-05,5,1,1C3CC5FB1AN1,17,6,43,2010,4,1,3,0,1,L,9,1502,5,9999,9,0,1,72,1,0,0,995,0,0,0,75211,1,1,2,3,4,3,1,1,1,1,3,3,0,0,1,1,1,2,9,1,1,2,10,99,1,2,2,F,47,0,0,0,0,0,0,0,0,0,0,270,275,0,0,0,1,0,999,999,999,9999999,999,999,999,9,0,99,99,0,8,0,995,9.8,998,998,998,99.8,99.8,99.8,98.9082164032729,7,3
10845,32,93,1-32-2018-093-05,5,2,3GCPKTE79DG1,17,20,481,2013,34,5,31,0,1,F,2,2397,5,0,1,1,1,72,1,0,0,995,0,0,0,75149,1,1,2,3,4,4,1,1,1,1,3,0,0,0,1,1,1,2,1,0,1,4,61,7,1,1,2,F,45,0,0,0,0,0,0,0,0,0,0,998,998,0,0,1,2,1,26,-26,0,79807,998,-73,26,0,4,1,1,0,4,0,998,0.0,30,30,120,1.9,1.1,2.0,98.9082164032729,7,3
10846,32,94,1-32-2018-094-03,3,1,3N1AB7AP5FL6,17,35,43,2015,4,1,3,0,1,F,3,1293,5,0,1,1,1,105,1,0,0,995,0,0,0,75063,1,2,1,3,3,3,2,1,1,9,3,0,0,0,1,1,0,0,9,0,1,3,50,1,1,1,2,D,20,0,0,0,0,0,0,0,0,0,0,60,55,0,0,0,1,1,40,-40,0,104988,998,-20,44,0,1,99,99,0,0,0,995,9.8,998,998,998,99.8,99.8,99.8,1520.86127678609,7,3
10846,32,94,1-32-2018-094-03,3,2,JN8AZ08T96W4,17,35,49,2006,6,1,4,0,2,B,2,1760,5,0,1,5,,,,,,,,,,,,,,,,,,,,,,,,,,,,,,,,,,,,,,,,,,,,,,,,,,,,,,,,,,,,,,,,,,95,95,95,95,,,,,,,,,,1520.86127678609,7,3
10847,28,45,1-28-2018-045-01,1,1,KNDJA7235157,17,63,401,2001,14,3,14,0,1,F,2,1524,4,0,1,1,1,64,1,9,8,997,8,9,0,08055,1,2,2,4,2,1,2,1,1,2,1,2,0,0,1,1,2,2,9,0,11,2,15,99,1,1,4,K,82,1,4,2,5,7,1,2,2,1,16,210,0,0,0,0,1,5,999,999,999,9999999,999,999,34,3,0,9,0,0,1,1,995,9.8,998,998,998,99.8,99.8,99.8,73.7618631871843,3,3
10847,28,45,1-28-2018-045-01,1,2,1XP4DP9X9CD1,17,87,881,2012,66,8,67,0,1,F,9,,,,,,1,89,1,0,0,995,0,0,0,15834,9,9,2,4,2,1,2,1,1,2,1,2,0,0,1,1,0,0,1,0,1,4,67,2,2,1,4,K,83,,,,,,,,,,,,,,,,,,,,,,,,,,,95,95,95,95,,,9.8,998,998,998,99.8,99.8,99.8,73.7618631871843,3,3
10848,10,47,1-10-2018-047-01,1,1,2D4RN5D14AR2,17,7,442,2010,20,4,20,0,1,U,9,2038,5,0,1,5,1,105,1,0,0,995,0,0,0,45409,9,9,0,2,3,2,2,1,1,1,3,3,0,0,1,1,0,0,1,0,1,1,3,99,1,1,6,M,98,0,0,0,0,0,0,0,0,0,0,998,998,0,0,0,1,98,999,999,999,9999999,999,999,999,9,0,0,0,0,5,0,998,9.8,998,998,998,99.8,99.8,99.8,29.6851096564371,4,3
10848,10,47,1-10-2018-047-01,1,2,1GCWGBFF2G11,17,20,461,2016,21,4,21,0,1,L,9,2497,5,9999,9,0,0,105,1,0,0,995,0,7,0,45409,9,9,0,2,3,3,2,1,1,1,3,1,0,0,1,1,0,0,1,0,1,6,90,99,1,1,6,M,98,0,0,0,0,0,0,0,0,0,0,998,998,0,0,0,2,0,999,999,999,9999999,999,999,999,9,0,95,95,95,95,0,998,9.8,998,998,998,99.8,99.8,99.8,29.6851096564371,4,3
10848,10,47,1-10-2018-047-01,1,3,1ZVBP8AM4E52,17,12,3,2014,2,1,3,0,1,T,2,1701,5,0,1,5,1,105,1,0,0,995,0,0,0,45424,9,9,0,2,3,3,2,1,1,1,3,2,0,0,1,1,0,0,1,0,1,6,90,99,1,1,6,M,98,0,0,0,0,0,0,0,0,0,0,998,998,0,0,0,3,7,999,999,999,9999999,999,999,999,7,0,9,97,0,1,0,998,9.8,998,998,998,99.8,99.8,99.8,29.6851096564371,4,3
10849,10,48,1-10-2018-048-03,3,1,1G4CU5212Y41,17,18,3,2000,4,1,4,0,1,F,1,1618,5,9999,9,0,1,72,1,0,0,995,0,0,0,45449,9,9,2,4,3,2,2,1,1,1,1,2,0,0,1,1,0,0,1,0,11,2,15,1,1,2,4,J,68,0,0,0,0,0,0,0,0,0,0,285,180,0,0,0,1,3,18,-11,-14,37583,998,-190,15,0,4,9,97,0,8,0,995,9.8,998,998,998,99.8,99.8,99.8,162.949485510348,4,3
10849,10,48,1-10-2018-048-03,3,2,3GCUKREC1EG5,17,20,481,2014,34,5,30,0,1,F,1,2378,5,0,1,1,1,72,1,0,0,995,0,0,0,45317,9,9,2,4,2,1,2,1,1,1,1,2,0,0,1,1,0,0,1,1,1,4,62,2,1,4,4,J,69,0,0,0,0,0,0,0,0,0,0,180,285,0,0,0,1,3,12,-11,6,37022,998,127,16,0,4,9,97,0,8,0,995,9.8,998,998,998,99.8,99.8,99.8,162.949485510348,4,3
10850,76,11,1-76-2018-011-03,3,1,4T1BF1FK6HU2,17,49,40,2017,4,1,4,0,1,F,1,1467,5,0,1,1,1,72,1,8,9,998,8,7,9,13775,1,2,0,4,2,1,2,1,1,4,1,2,0,0,4,1,0,0,3,1,1,2,13,1,1,4,1,A,1,1,2,2,2,1,4,61,1,2,12,998,998,0,1,0,2,1,12,-12,0,9441,998,-72,12,0,4,1,1,0,4,3,998,1.2,120,120,60,1.8,1.2,2.0,933.468703956292,3,3
10851,52,39,1-52-2018-039-04,4,1,2GCHK39N3M12,17,20,481,1991,34,5,31,0,1,L,1,9999,9,9999,9,2,0,97,1,0,0,995,0,0,0,59105,9,9,0,4,2,1,2,1,1,1,1,0,0,0,1,1,0,0,2,1,12,2,13,1,1,6,6,M,98,0,0,0,0,0,0,0,0,0,0,130,170,1,0,0,1,5,999,999,999,9999999,999,999,999,6,0,95,95,95,95,0,995,9.8,998,998,998,99.8,99.8,99.8,689.205212792739,12,3
10851,52,39,1-52-2018-039-04,4,2,1FT8W3BT8GEB,17,12,481,2016,34,5,31,0,1,R,1,3166,5,0,1,1,1,97,1,0,0,995,0,0,0,59019,1,2,0,4,2,1,2,1,1,1,1,0,0,0,1,1,0,0,1,0,1,4,64,3,1,2,6,M,98,0,0,0,0,0,0,0,0,0,0,170,130,0,0,0,1,5,999,999,999,9999999,999,999,9,1,0,0,0,0,0,0,995,9.8,998,998,998,99.8,99.8,99.8,689.205212792739,12,3
10853,27,42,1-27-2018-042-03,3,1,1C4NJDEB4HD1,17,2,1,2017,6,1,2,0,1,F,1,1479,5,0,1,1,1,40,1,1,1,73,2,1,2,01201,1,2,2,4,2,1,2,1,2,1,1,2,0,0,3,1,2,2,1,1,14,2,12,2,1,4,1,B,6,0,0,0,0,0,0,0,0,0,0,998,998,0,0,1,1,1,13,-13,0,13670,998,-62,13,0,4,1,2,0,4,0,998,0.4,30,30,120,2.9,1.2,3.1,203.94643813602,3,3
10854,13,83,1-13-2018-083-07,7,1,2C4RDGDG0CR2,17,7,442,2012,20,4,20,0,1,F,1,1960,5,0,1,1,1,105,1,0,0,995,0,0,0,75067,2,2,0,2,4,3,1,1,1,9,3,3,0,3,1,1,0,0,9,0,1,3,52,99,1,1,2,D,28,0,0,0,0,0,0,0,0,0,0,80,90,0,0,0,1,3,13,-13,0,13814,998,64,12,0,4,0,0,0,0,0,995,9.8,998,998,998,99.8,99.8,99.8,8976.44616317651,7,3
10854,13,83,1-13-2018-083-07,7,2,1N4AL3AP4DC1,17,35,47,2013,4,1,4,0,1,B,1,1420,5,9999,9,0,1,105,1,0,0,995,0,0,0,76120,1,1,0,2,4,3,2,1,1,9,3,3,0,3,1,1,0,0,1,0,2,3,53,1,1,1,2,D,29,0,0,0,0,0,0,0,0,0,0,90,80,0,0,0,1,3,17,16,-3,19984,998,48,17,0,4,0,0,0,0,0,995,9.8,998,998,998,99.8,99.8,99.8,8976.44616317651,7,3
10855,66,34,1-66-2018-034-07,7,1,3GCEC14X86G1,17,20,481,2006,34,5,31,0,1,F,2,1836,5,50,1,2,0,89,1,1,9,998,8,7,0,65785,9,9,3,4,2,1,2,1,1,1,1,2,0,0,2,1,0,0,3,0,1,3,52,1,1,1,2,D,28,0,0,0,0,0,0,0,0,0,0,90,100,0,0,0,1,1,26,-26,0,17113,998,0,15,0,4,95,95,95,95,0,995,9.8,998,998,998,99.8,99.8,99.8,179.423580753315,6,3
10855,66,34,1-66-2018-034-07,7,2,1N4AA5AP6BC8,17,35,39,2011,4,1,4,0,1,B,2,1630,5,50,1,1,1,89,1,0,0,995,0,7,0,65682,1,2,3,4,2,1,2,1,1,1,0,2,0,0,2,1,0,0,1,0,2,3,52,1,1,1,2,D,31,0,0,0,0,0,0,0,0,0,0,100,90,0,0,0,1,1,27,26,-5,87477,998,43,33,0,4,1,1,0,4,0,995,0.0,14,14,18,2.1,0.7,2.3,179.423580753315,6,3
10856,77,1,1-77-2018-001-08,8,1,1GNEK13Z53J3,17,20,421,2003,15,3,15,0,1,F,2,2291,8,9999,9,1,1,113,1,0,0,995,0,0,0,22903,9,9,0,2,2,1,2,1,3,1,1,3,2,3,2,1,0,0,1,1,14,2,13,1,1,4,1,A,1,1,2,1,6,4,4,48,4,2,8,998,998,1,1,0,2,5,999,999,999,9999999,999,999,999,3,0,2,4,0,4,3,998,3.1,120,8,70,30.2,3.8,30.6,195.685183134399,9,3
10857,77,2,1-77-2018-002-06,6,1,1FTYR10U68PA,17,12,471,2008,34,5,30,0,1,F,2,1392,5,9999,9,1,1,72,1,0,0,995,0,0,0,99999,1,2,2,4,3,2,2,1,1,1,1,2,0,0,1,1,6,2,1,0,1,4,67,1,1,1,4,K,83,0,0,0,0,0,0,0,0,0,0,290,165,0,0,0,1,1,26,-25,-4,61403,998,-9,33,0,1,1,1,0,6,0,995,9.8,998,998,998,99.8,99.8,99.8,309.5953056458,9,3
10857,77,2,1-77-2018-002-06,6,2,19XFA1F64AE0,17,37,31,2010,4,1,3,0,1,F,2,1199,5,0,1,1,1,72,1,0,0,995,0,0,0,22963,1,2,2,4,2,1,2,1,1,1,1,2,0,0,1,1,2,2,2,0,11,2,15,1,1,1,4,K,82,0,0,0,0,0,0,0,0,0,0,165,290,0,0,0,1,1,29,-18,22,56290,998,131,24,0,1,1,1,0,4,0,995,9.8,998,998,998,99.8,99.8,99.8,309.5953056458,9,3
10858,59,49,1-59-2018-049-05,5,1,1C3CDFCH5DD2,17,7,29,2013,4,1,3,0,1,F,3,1471,5,0,1,1,1,48,1,1,1,183,1,1,2,47842,9,9,2,4,2,1,2,1,1,1,1,2,0,0,2,8,2,2,9,1,1,2,14,99,1,4,1,C,14,0,0,0,0,0,0,0,0,0,0,998,998,0,0,0,1,1,50,-50,0,154855,998,0,50,0,3,2,12,0,3,0,998,0.0,120,120,120,2.4,0.0,2.4,167.455134645085,6,3
10859,19,74,1-19-2018-074-05,5,1,5TDYK4CC7AS3,17,49,442,2010,20,4,20,0,1,T,1,1880,5,0,1,1,1,89,1,0,0,995,0,0,0,35121,1,2,0,4,2,1,2,1,3,1,1,2,3,3,1,1,0,0,1,1,14,2,13,99,1,4,1,A,1,1,2,1,2,1,4,61,1,2,15,997,997,0,1,0,1,6,999,999,999,9999999,999,999,999,6,0,1,1,0,4,3,997,0.6,118,120,-62,88.3,8.0,89.7,54.7319534917023,9,3
10860,19,75,1-19-2018-075-08,8,1,1J4GS48K05C5,17,2,404,2005,14,3,14,0,1,F,1,2014,5,0,1,1,1,56,1,0,0,995,0,0,0,35954,2,2,3,4,2,1,2,1,1,1,0,0,0,0,1,1,0,0,1,0,11,2,15,1,1,1,4,K,82,0,0,0,0,0,0,0,0,0,0,270,50,0,0,0,1,1,12,-9,8,13109,998,183,8,0,4,0,0,0,0,0,995,9.8,998,998,998,99.8,99.8,99.8,288.327778117562,9,3
10860,19,75,1-19-2018-075-08,8,2,JTMZD35V0851,17,49,402,2008,14,3,14,0,1,F,1,1562,5,0,1,1,1,56,1,0,0,995,0,0,0,35903,1,2,3,4,4,2,2,1,1,1,3,2,0,0,1,1,0,0,1,0,1,4,72,2,1,1,4,K,83,0,0,0,0,0,0,0,0,0,0,50,270,0,0,0,1,1,15,-15,0,30735,998,22,22,0,4,1,2,0,4,0,995,9.8,998,998,998,99.8,99.8,99.8,288.327778117562,9,3
10861,19,76,1-19-2018-076-02,2,1,3GCUKNEC8GG1,17,20,481,2016,34,5,31,0,1,F,9,2394,5,9999,9,0,0,72,1,0,0,995,0,0,0,35959,9,9,2,1,2,1,2,1,1,1,1,3,0,0,1,1,1,2,3,0,1,3,50,99,1,1,2,D,20,0,0,0,0,0,0,0,0,0,0,95,95,0,0,0,1,0,999,999,999,9999999,999,999,999,9,0,95,95,95,95,0,995,9.8,998,998,998,99.8,99.8,99.8,46.6814730229856,9,3
10861,19,76,1-19-2018-076-02,2,2,3N1AB7AP1GY3,17,35,43,2016,4,1,3,0,1,F,1,1306,5,9999,9,0,1,72,1,0,0,995,0,0,0,35906,1,2,2,1,2,1,2,1,1,1,1,3,0,0,1,1,1,2,9,0,5,3,53,1,1,1,2,D,21,0,0,0,0,0,0,0,0,0,0,95,95,0,0,0,2,3,23,-23,0,27105,998,0,22,0,4,1,2,0,4,0,995,9.8,998,998,998,99.8,99.8,99.8,46.6814730229856,9,3
10861,19,76,1-19-2018-076-02,2,3,4M2ZU66P5YUJ,17,14,401,2000,14,3,14,0,1,F,1,1631,5,0,1,1,1,72,1,0,0,995,0,0,0,35901,1,2,2,5,2,1,2,1,1,1,1,3,0,0,1,1,1,2,9,0,5,3,53,1,1,1,6,M,98,0,0,0,0,0,0,0,0,0,0,95,95,0,0,0,3,1,23,-23,0,49332,998,0,27,0,4,2,6,0,4,0,995,9.8,998,998,998,99.8,99.8,99.8,46.6814730229856,9,3
10861,19,76,1-19-2018-076-02,2,4,3FAHP07Z28R2,17,12,23,2008,4,1,3,0,1,B,2,1429,5,0,1,1,1,72,1,0,0,995,0,0,0,35907,1,2,2,1,2,1,2,1,1,1,1,3,0,0,1,1,1,2,9,0,5,3,53,1,1,1,6,M,98,0,0,0,0,0,0,0,0,0,0,95,95,0,0,0,3,1,27,27,0,27113,998,-24,21,0,1,0,0,0,0,0,995,9.8,998,998,998,99.8,99.8,99.8,46.6814730229856,9,3
10861,19,76,1-19-2018-076-02,2,5,1N4AL3AP7FC2,17,35,47,2015,4,1,4,0,1,B,1,1416,5,9999,9,0,0,72,1,0,0,995,0,0,0,35904,9,9,2,1,2,1,2,1,1,1,1,3,0,0,1,1,1,2,9,0,5,3,53,1,1,1,6,M,98,0,0,0,0,0,0,0,0,0,0,95,95,0,0,0,4,3,15,15,0,15119,998,0,17,0,4,95,95,95,95,0,995,9.8,998,998,998,99.8,99.8,99.8,46.6814730229856,9,3
10862,12,42,1-12-2018-042-03,3,1,1GKKRTKD7FJ2,17,23,423,2015,15,3,15,0,1,F,1,2200,5,0,1,2,0,40,1,0,0,995,0,0,0,73401,9,9,2,4,2,1,1,1,1,2,0,0,0,0,1,1,2,2,9,0,1,2,17,1,1,1,5,L,88,0,0,0,0,0,0,0,0,0,0,0,270,0,0,0,1,1,8,-6,-5,12564,998,-148,9,0,1,95,95,95,95,0,995,9.8,998,998,998,99.8,99.8,99.8,392.273493218768,9,3
10862,12,42,1-12-2018-042-03,3,2,JN8AF5MR0HT7,17,35,403,2017,14,3,14,0,1,L,1,1360,5,0,1,1,1,40,1,0,0,995,0,0,0,73401,1,2,2,4,2,1,1,1,1,2,0,0,0,0,1,1,0,0,1,0,1,4,66,1,1,1,5,L,89,0,0,0,0,0,0,0,0,0,0,270,0,0,0,0,1,1,11,-7,9,11900,998,-117,10,0,1,1,1,0,6,0,995,9.8,998,998,998,99.8,99.8,99.8,392.273493218768,9,3
10863,12,43,1-12-2018-043-04,4,1,5TDYK3EH7AS0,17,49,403,2010,14,3,14,0,1,L,1,1960,5,0,1,1,1,56,1,0,0,995,0,0,0,73401,1,2,3,4,2,1,1,1,1,2,0,0,0,0,1,1,0,0,2,0,11,2,15,1,3,1,4,K,82,0,0,0,0,0,0,0,0,0,0,0,90,0,0,0,1,1,9,-2,9,7256,998,183,6,0,4,0,0,0,0,0,995,0.0,999,999,11,0.7,0.7,1.0,1221.32823466096,9,3
10863,12,43,1-12-2018-043-04,4,2,1C6RR7LT7ES2,17,7,482,2014,34,5,31,0,1,F,1,2333,5,0,1,1,1,56,1,0,0,995,0,0,0,76240,5,1,3,4,2,1,2,1,1,1,1,2,0,0,1,1,0,0,1,0,1,4,72,2,1,1,4,K,83,0,0,0,0,0,0,0,0,0,0,90,0,0,0,0,1,1,8,-8,-1,15359,998,21,13,0,4,0,0,0,0,0,995,9.8,998,998,998,99.8,99.8,99.8,1221.32823466096,9,3
10864,17,83,1-17-2018-083-06,6,1,3GYFNAEYXBS6,17,19,20,2011,6,1,4,0,1,F,1,1907,5,0,1,1,1,48,1,8,0,995,0,7,0,61201,2,2,2,3,4,3,2,1,1,1,3,1,0,0,1,1,1,2,1,0,1,2,17,1,1,1,5,L,88,0,0,0,0,0,0,0,0,0,0,90,0,0,0,0,1,1,12,-9,-8,16233,998,-136,11,0,1,1,2,0,4,0,995,0.0,25,0,70,2.9,4.3,5.1,374.647755477832,4,3
10864,17,83,1-17-2018-083-06,6,2,1NXBR12E6XZ2,17,49,32,1999,4,1,1,0,1,L,1,1095,5,0,1,1,1,48,1,8,0,995,0,7,0,52802,1,2,2,4,2,1,2,1,1,1,0,2,0,0,1,1,1,2,1,0,1,2,17,1,1,1,5,L,89,0,0,0,0,0,0,0,0,0,0,0,90,0,0,0,1,1,21,-13,16,28192,998,59,23,0,1,2,5,0,4,0,995,9.8,998,998,998,99.8,99.8,99.8,374.647755477832,4,3
10865,17,84,1-17-2018-084-01,1,1,1C4RJFAG2JC2,17,2,422,2018,15,3,15,0,1,R,2,2121,5,68,1,1,1,89,1,9,0,995,0,9,1,16353,1,2,2,4,2,1,2,1,1,1,1,2,0,0,1,1,2,2,9,0,1,2,17,99,1,1,5,L,87,1,2,1,2,1,3,61,1,2,14,180,90,0,0,0,1,1,33,-16,-28,117743,998,30,35,0,4,5,43,2,1,3,995,0.8,7,7,119,6.9,6.1,3.8,75.2309515085863,4,3
10865,17,84,1-17-2018-084-01,1,2,1FTMF1E81GKD,17,12,481,2016,34,5,30,0,1,F,2,1955,5,90,1,1,1,89,1,9,0,995,0,9,0,61273,9,9,2,4,3,2,2,1,1,2,1,2,0,0,1,1,0,0,9,0,1,4,66,4,1,1,5,L,86,0,0,0,0,0,0,0,0,0,0,90,180,0,0,0,1,1,36,-31,18,146323,998,112,34,0,4,1,1,0,4,0,995,9.8,998,998,998,99.8,99.8,99.8,75.2309515085863,4,3
10866,17,85,1-17-2018-085-05,5,1,KMHCT4AE1DU4,17,55,36,2013,4,1,2,0,1,T,1,1155,5,0,1,1,1,113,1,8,0,995,0,7,0,52402,2,2,0,1,4,2,2,1,1,9,3,2,1,3,1,1,0,0,1,1,1,1,3,7,4,4,1,B,7,1,6,2,2,1,3,61,1,1,999,997,997,0,0,0,2,6,999,999,999,9999999,999,999,999,6,0,1,1,0,4,3,997,1.6,999,999,999,7.0,7.5,10.3,49.8202110566132,4,3
10867,29,41,1-29-2018-041-06,6,1,1G1AL58F8772,17,20,22,2007,4,1,2,0,1,F,2,1265,5,0,1,1,1,48,1,8,9,998,8,7,9,02746,1,2,2,4,3,2,2,1,1,1,0,0,0,0,3,1,1,2,1,0,11,2,15,1,1,1,4,J,68,0,0,0,0,0,0,0,0,0,0,210,70,0,0,0,1,1,29,-25,-14,83349,998,-81,35,0,4,1,1,0,5,0,995,9.8,998,998,998,99.8,99.8,99.8,133.986325322978,2,3
10867,29,41,1-29-2018-041-06,6,2,JF1GH7G63AG8,17,48,38,2010,5,1,2,0,1,F,2,1440,5,0,1,1,1,48,1,8,0,995,0,7,0,02770,1,2,2,4,2,1,2,1,1,1,0,0,0,0,3,1,1,2,1,0,1,4,62,2,1,1,4,J,69,0,0,0,0,0,0,0,0,0,0,70,210,0,0,0,1,1,25,-24,4,10215,998,-11,13,0,4,1,2,0,6,0,995,0.3,119,19,15,4.3,0.3,0.9,133.986325322978,2,3
10868,29,42,1-29-2018-042-06,6,1,2T1KE40E99C0,17,49,47,2009,6,1,2,0,1,B,3,1290,5,9999,9,4,1,72,1,8,0,995,0,7,0,02871,9,9,2,4,4,2,2,1,1,1,1,2,0,0,1,1,1,2,1,0,5,3,53,99,1,1,2,D,21,0,0,0,0,0,0,0,0,0,0,55,55,0,0,0,1,3,42,42,0,93262,998,0,42,0,4,0,0,0,0,0,995,9.8,998,998,998,99.8,99.8,99.8,133.986325293983,2,3
10868,29,42,1-29-2018-042-06,6,2,1FAHP2EW1BG1,17,12,17,2011,4,1,4,0,1,F,2,1822,5,0,1,1,1,72,1,8,0,995,0,7,0,02809,1,2,2,4,4,2,2,1,1,1,3,2,0,0,1,1,1,2,1,0,1,3,50,2,1,1,2,D,20,0,0,0,0,0,0,0,0,0,0,55,55,0,0,0,1,3,30,-30,0,66716,998,0,30,0,4,9,97,0,5,0,995,9.8,998,998,998,99.8,99.8,99.8,133.986325293983,2,3
10869,29,43,1-29-2018-043-06,6,1,KNAFU4A22A51,17,63,38,2010,4,1,3,0,1,R,1,1228,5,0,2,1,1,56,1,8,0,995,0,7,0,10573,1,2,2,4,4,2,2,1,1,1,1,2,0,0,1,1,1,2,3,1,11,2,15,99,1,2,4,J,68,0,0,0,0,0,0,0,0,0,0,310,170,0,0,0,1,1,22,-14,-17,27496,998,31,23,0,1,1,2,0,6,0,995,9.8,998,998,998,99.8,99.8,99.8,133.986325293983,2,3
10869,29,43,1-29-2018-043-06,6,2,KNDPB3A20D73,17,63,401,2013,14,3,14,0,1,F,1,1432,5,0,1,1,1,56,1,8,0,995,0,7,0,02915,9,9,2,4,4,2,2,1,1,1,1,2,0,0,1,1,1,2,9,0,1,4,66,99,9,3,4,J,69,0,0,0,0,0,0,0,0,0,0,170,310,0,0,0,1,1,18,-18,-3,17690,998,-26,17,0,1,1,1,0,4,0,995,9.8,998,998,998,99.8,99.8,99.8,133.986325293983,2,3