CASEID,PSU,CASENO,CASENUMBER,CATEGORY,VEHNO,VIN,VINLENGTH,MAKE,MODEL,MODELYR,BODYTYPE,BODYCAT,VEHCLASS,SPECUSE,TRANSTAT,DAMPLANE,DAMSEV,CURBWT,CURBSRC,CARGOWT,CARGOSRC,INSPTYPE,TOWSTAT,SPEEDLIMIT,DRPRESENT,PARALCOHOL,ALCTEST,ALCTESTRESULT,ALCTESTSRC,PARDRUG,DRUGTEST,ZIP,RACE,ETHNICITY,RELTOJUNCT,TRAFFLOW,RDLANES,INITLANE,SURFTYPE,SURFCOND,ALIGNMENT,PROFILE,LINERIGHT,LINELEFT,RUMBINIT,RUMBROAD,LIGHTCOND,WEATHER,TRAFDEV,TRAFFUNCT,DISTRACT,PREFHE,PREMOVE,CRITCAT,CRITEVENT,MANEUVER,PRESTAB,PRELOC,CRASHCAT,CRASHCONF,CRASHTYPE,ROLLTYPE,ROLLTURN,ROLLINTRPT,ROLLPREMAN,ROLLINITYP,ROLLINLOC,ROLLOBJ,ROLLTRIP,ROLLDIR,ROLLDIST,DVANGTHIS,DVANGOTH,TOWHITCH,TRAJDOC,TREEPOLE,DVEVENT,DVBASIS,DVTOTAL,DVLONG,DVLAT,DVENERGY,DVSPEED,DVMOMENT,DVBES,DVEST,DVCONF,VAIS,VISS,VINJURED,VTREAT,INITOBJCLASS,HEADANGLECAT,SHLDRWIDTH,STRKLENGTH,STRKWIDTH,STRKHEIGHT,EDGEDISTX,EDGEDISTY,EDGEDISTZ,CASEWGT,PSUSTRAT,VERSION
10870,26,80,1-26-2018-080-03,3,1,KL8CL6S0XGC5,17,20,29,2016,5,1,1,0,1,F,1,1300,5,0,1,1,1,105,1,0,0,995,0,0,0,95757,3,2,0,2,5,4,2,1,1,1,3,3,0,1,1,1,0,0,9,0,15,3,51,2,1,1,2,D,24,0,0,0,0,0,0,0,0,0,0,340,340,0,0,0,1,1,13,-13,0,7172,998,23,11,0,4,1,1,0,0,0,995,9.8,998,998,998,99.8,99.8,99.8,445.676799889207,10,3
10870,26,80,1-26-2018-080-03,3,2,JN8AE2KP1F91,17,35,443,2015,20,4,20,0,1,B,1,1987,5,0,1,2,0,105,1,0,0,995,0,0,0,95621,9,9,0,2,5,4,2,1,1,1,3,3,0,1,1,1,0,0,9,0,1,3,53,99,1,1,2,D,25,0,0,0,0,0,0,0,0,0,0,340,340,0,0,0,1,1,9,9,0,9423,998,39,11,0,4,95,95,95,95,0,995,9.8,998,998,998,99.8,99.8,99.8,445.676799889207,10,3
10871,26,81,1-26-2018-081-07,7,1,1G1PC5SB7D72,17,20,25,2013,4,1,3,0,1,T,1,1407,5,0,1,5,1,999,1,1,9,998,8,9,9,95834,2,9,0,4,3,1,2,1,2,1,1,2,0,0,3,1,0,0,9,1,14,2,11,99,1,4,1,C,11,1,2,2,1,1,1,2,1,2,9,997,997,0,0,0,2,6,999,999,999,9999999,999,999,999,6,0,99,99,0,99,1,997,9.8,998,998,998,99.8,99.8,99.8,1572.36367610586,10,3
10871,26,81,1-26-2018-081-07,7,2,JTHCK262X650,17,59,35,2006,4,1,3,0,2,L,1,1656,5,9999,9,4,,,,,,,,,,,,,,,,,,,,,,,,,,,,,,,,,,,,,,,,,,,,,,,,,,,,,,,,,,,,,,,,,,95,95,95,95,,,,,,,,,,1572.36367610586,10,3
10872,26,82,1-26-2018-082-06,6,1,WBAGL63463DP,17,34,37,2003,4,1,5,0,1,F,2,1985,5,0,1,1,1,105,1,1,8,997,8,0,0,95823,2,9,0,3,5,1,2,1,1,9,3,3,0,0,3,1,0,0,9,0,1,3,51,99,1,1,2,D,24,0,0,0,0,0,0,0,0,0,0,110,110,0,0,0,1,1,34,-34,0,98359,998,-28,34,0,1,2,5,0,4,0,995,9.8,998,998,998,99.8,99.8,99.8,521.997708027027,10,3
10872,26,82,1-26-2018-082-06,6,2,JN8AF5MV6BT0,17,35,403,2011,14,3,14,0,1,B,3,1430,5,0,1,1,1,105,1,0,0,995,0,0,0,95815,9,1,0,2,5,1,2,1,1,9,3,3,0,0,3,1,0,0,9,0,1,3,53,99,1,1,2,D,25,0,0,0,0,0,0,0,0,0,0,110,110,0,0,0,1,1,46,46,0,136969,998,-18,47,0,1,1,3,0,4,0,995,4.8,999,999,120,99.9,4.8,99.9,521.997708027027,10,3
10873,73,4,1-73-2018-004-04,4,1,YS3DF78K8Y70,17,47,35,2000,1,1,2,0,1,F,2,1450,5,0,2,4,1,72,1,0,0,995,0,0,0,04971,1,2,0,4,2,1,2,2,1,1,1,2,0,0,1,5,0,0,3,0,1,3,50,3,2,1,2,D,20,0,0,0,0,0,0,0,0,0,0,160,165,0,0,0,1,3,31,-31,-5,52718,998,-37,29,0,4,0,0,0,0,0,995,9.8,998,998,998,99.8,99.8,99.8,103.418243432332,3,3
10873,73,4,1-73-2018-004-04,4,2,JA4AR3AW1GZ0,17,52,47,2016,6,1,3,0,1,B,2,1535,5,0,1,1,1,72,1,0,0,995,0,0,0,04971,1,2,0,4,2,1,2,2,1,1,1,2,0,0,1,5,0,0,1,0,5,3,53,1,1,1,2,D,21,0,0,0,0,0,0,0,0,0,0,165,160,0,0,0,1,3,30,30,0,73388,998,55,32,0,4,0,0,0,0,0,995,9.8,998,998,998,99.8,99.8,99.8,103.418243432332,3,3
10874,73,5,1-73-2018-005-07,7,1,3GNBACDV7AS6,17,20,23,2010,6,1,2,0,1,F,2,1431,5,9999,9,4,1,89,1,8,0,995,0,9,0,00001,1,2,0,4,2,1,2,1,1,1,1,2,0,0,2,1,0,0,9,0,1,6,87,1,1,1,1,C,13,0,0,0,0,0,0,0,0,0,0,998,998,0,0,0,1,12,999,999,999,9999999,999,999,999,3,0,0,0,0,0,0,998,9.8,998,998,998,99.8,99.8,99.8,139.333009039763,3,3
10875,31,39,1-31-2018-039-04,4,1,1FM5K8D80EGB,17,12,401,2014,14,3,14,0,1,L,1,2067,5,0,1,1,1,113,1,0,0,995,0,0,0,62844,1,2,1,1,3,1,2,1,2,2,1,2,0,0,1,1,6,2,2,1,16,2,10,1,1,7,2,F,47,0,0,0,0,0,0,0,0,0,0,95,100,0,0,0,1,8,999,999,999,9999999,999,999,999,6,0,0,0,0,0,0,995,9.8,998,998,998,99.8,99.8,99.8,341.042851992492,6,3
10875,31,39,1-31-2018-039-04,4,2,3C63RRGL0GG2,17,7,482,2016,34,5,31,0,1,F,2,3324,5,300,2,1,1,113,1,0,0,995,0,0,0,32514,1,2,1,2,3,2,2,1,1,2,1,3,2,3,1,1,6,2,1,0,1,4,61,2,1,1,2,F,45,0,0,0,0,0,0,0,0,0,0,115,100,1,0,0,2,5,999,999,999,9999999,999,999,999,3,0,0,0,0,0,0,995,9.8,998,998,998,99.8,99.8,99.8,341.042851992492,6,3
10875,31,39,1-31-2018-039-04,4,3,4V4NC9EH2DN1,17,51,881,2017,66,8,68,0,1,B,9,,,,,,0,113,1,8,9,998,8,7,9,99999,9,9,1,2,3,1,2,1,2,2,1,2,0,0,1,1,6,2,9,0,16,3,53,99,1,1,6,M,98,,,,,,,,,,,,,,,,,,,,,,,,,,,95,95,95,95,,,9.8,998,998,998,99.8,99.8,99.8,341.042851992492,6,3
10876,33,64,1-33-2018-064-02,2,1,19XFB2F56FE7,17,37,31,2015,4,1,3,0,1,R,1,1258,5,0,1,1,1,56,1,9,0,995,0,9,0,95948,1,2,2,4,5,3,2,1,1,1,1,2,0,0,1,1,0,0,2,0,11,2,15,1,1,1,4,J,68,0,0,0,0,0,0,0,0,0,0,295,185,0,0,0,1,3,7,-5,-6,4555,998,-35,9,0,4,1,1,0,4,0,995,9.8,998,998,998,99.8,99.8,99.8,29.1127039792469,12,3
10876,33,64,1-33-2018-064-02,2,2,19UYA42793A0,17,54,37,2003,2,1,3,0,1,F,1,1592,5,0,1,2,0,56,1,0,0,995,0,0,0,95648,9,9,2,5,5,1,2,1,1,1,0,3,0,0,1,1,0,0,1,0,1,4,62,99,1,1,4,J,69,0,0,0,0,0,0,0,0,0,0,185,295,0,0,0,1,3,6,-6,2,1963,998,93,5,0,4,95,95,95,95,0,995,9.8,998,998,998,99.8,99.8,99.8,29.1127039792469,12,3
10876,33,64,1-33-2018-064-02,2,3,2C3KA53G76H3,17,6,51,2006,4,1,5,0,1,L,1,1708,5,0,1,1,1,0,1,0,0,995,0,0,0,95948,1,1,2,4,2,1,2,1,1,1,0,2,0,0,1,1,2,2,1,0,5,4,66,1,1,1,6,M,98,0,0,0,0,0,0,0,0,0,0,95,245,0,0,0,3,3,6,-2,6,5472,998,13,9,0,4,1,1,0,6,0,995,9.8,998,998,998,99.8,99.8,99.8,29.1127039792469,12,3
10878,22,42,1-22-2018-042-04,4,1,1G1JD5SB7F41,17,20,28,2015,4,1,1,0,1,F,1,1245,5,0,1,1,1,56,1,8,0,995,0,0,0,83544,9,9,0,1,2,1,2,1,1,1,1,4,0,0,1,1,0,0,9,0,1,3,52,99,1,1,2,D,28,0,0,0,0,0,0,0,0,0,0,180,180,0,0,0,1,3,20,-20,0,21952,998,6,21,0,4,99,99,0,99,0,995,9.8,998,998,998,99.8,99.8,99.8,161.326614333565,12,3
10878,22,42,1-22-2018-042-04,4,2,JF2SJAGC6JH4,17,48,401,2018,14,3,14,0,1,B,1,1498,5,0,1,3,0,56,1,0,0,995,0,0,0,83843,9,9,0,1,2,1,2,1,1,1,1,4,0,0,1,1,0,0,1,0,1,3,53,99,1,1,2,D,29,0,0,0,0,0,0,0,0,0,0,180,180,0,0,0,1,3,18,18,0,16991,998,0,17,0,4,95,95,95,95,0,995,9.8,998,998,998,99.8,99.8,99.8,161.326614333565,12,3
10879,22,43,1-22-2018-043-09,9,1,1B4HS28N21F5,17,7,402,2001,14,3,14,0,1,R,1,2085,5,0,1,5,1,56,1,0,0,995,0,1,3,83501,1,2,2,5,3,1,2,1,1,1,0,1,0,0,1,1,1,2,3,0,1,3,50,7,1,1,2,F,48,0,0,0,0,0,0,0,0,0,0,70,90,0,0,0,1,1,14,-13,-5,35594,998,52,19,0,3,1,1,0,4,0,995,9.8,998,998,998,99.8,99.8,99.8,187.694535115248,12,3
10879,22,43,1-22-2018-043-09,9,2,1GCDT14R3H81,17,20,471,1987,34,5,31,0,1,B,1,1383,5,0,1,2,0,56,1,0,0,995,0,0,0,83501,9,9,2,5,3,1,2,1,1,1,0,1,0,0,1,1,1,2,1,0,5,3,53,1,1,1,2,F,48,0,0,0,0,0,0,0,0,0,0,90,70,0,0,0,1,1,22,22,0,10706,998,52,13,0,3,95,95,95,95,0,995,9.8,998,998,998,99.8,99.8,99.8,187.694535115248,12,3
10881,15,84,1-15-2018-084-04,4,1,SALWG2VF1GA5,17,62,421,2016,15,3,15,0,1,B,9,2489,5,0,2,0,1,56,1,0,0,995,0,0,0,08902,3,2,3,5,4,2,2,1,1,1,3,2,0,0,3,1,0,0,1,1,10,2,15,1,1,2,4,J,70,0,0,0,0,0,0,0,0,0,0,20,20,0,0,0,1,0,999,999,999,9999999,999,999,999,9,0,0,0,0,0,0,995,9.8,998,998,998,99.8,99.8,99.8,771.141099696077,1,3
10881,15,84,1-15-2018-084-04,4,2,WDDUG8FB2FA1,17,42,43,2015,4,1,5,0,1,F,9,2050,5,9999,9,0,1,56,1,0,0,995,0,0,0,11791,9,9,3,5,4,1,2,1,1,1,1,3,0,0,3,1,0,0,9,0,1,4,60,99,1,1,4,J,71,0,0,0,0,0,0,0,0,0,0,20,20,0,0,0,1,0,999,999,999,9999999,999,999,999,9,0,0,0,0,0,0,995,9.8,998,998,998,99.8,99.8,99.8,771.141099696077,1,3
10882,15,85,1-15-2018-085-01,1,1,1GCHK29U83E1,17,20,481,2003,39,5,39,0,1,F,9,2518,5,9999,9,0,1,64,1,0,0,995,0,0,0,11801,1,9,0,4,4,1,2,1,1,1,1,3,0,0,1,1,0,0,9,1,1,2,13,99,9,4,1,A,1,0,0,0,0,0,0,0,0,0,0,998,998,0,0,7,1,0,999,999,999,9999999,999,999,999,9,0,99,99,0,2,0,998,0.7,999,999,999,5.1,0.3,5.1,21.9328366215266,1,3
10883,15,86,1-15-2018-086-07,7,1,2HGFB2F87CH3,17,37,31,2012,4,1,3,0,1,R,1,1311,5,0,1,1,1,48,1,0,0,995,0,0,0,11550,9,9,2,4,4,2,2,1,1,1,3,2,0,0,1,1,0,0,9,0,11,2,15,2,1,1,4,J,68,0,0,0,0,0,0,0,0,0,0,20,270,0,0,0,1,3,14,-5,-13,12794,998,49,15,0,4,0,0,0,0,0,995,9.8,998,998,998,99.8,99.8,99.8,1060.46657203376,1,3
10883,15,86,1-15-2018-086-07,7,2,5FNRL18683B1,17,37,441,2003,20,4,20,0,1,F,1,1980,5,9999,9,4,1,48,1,0,0,995,0,0,0,11550,9,1,2,4,4,1,2,1,1,1,1,3,0,0,1,1,0,0,9,0,1,4,62,99,1,1,4,J,69,0,0,0,0,0,0,0,0,0,0,270,20,0,0,0,1,3,9,-9,0,5307,998,0,8,0,4,0,0,0,4,0,995,9.8,998,998,998,99.8,99.8,99.8,1060.46657203376,1,3
10884,21,79,1-21-2018-079-01,1,1,5NPEC4ABXBH2,17,55,33,2011,4,1,4,0,1,F,1,1454,5,9999,9,4,1,113,1,0,0,995,0,0,0,92881,1,9,0,1,3,1,2,1,1,9,1,3,0,3,4,1,0,0,9,0,1,3,51,99,1,1,2,D,24,0,0,0,0,0,0,0,0,0,0,205,200,0,0,0,1,12,999,999,999,9999999,999,999,999,2,0,0,0,0,0,0,995,9.8,998,998,998,99.8,99.8,99.8,78.3707573874403,11,3
10884,21,79,1-21-2018-079-01,1,2,1JCML7840JT2,17,2,404,1988,14,3,14,0,1,T,2,1400,5,9999,9,4,1,113,1,0,1,0,3,0,1,89102,1,9,0,1,3,1,2,1,1,9,1,3,0,3,4,1,0,0,9,0,1,3,53,99,1,1,2,D,25,1,5,2,2,1,4,61,1,1,36,997,997,0,0,0,2,6,999,999,999,9999999,999,999,999,7,0,3,22,1,1,3,997,9.8,998,998,998,99.8,99.8,99.8,78.3707573874403,11,3
10885,21,80,1-21-2018-080-01,1,1,1FMYU22E7WUC,17,12,401,1998,14,3,14,0,1,T,3,1501,5,0,1,1,1,113,1,9,0,995,0,9,0,91702,9,9,0,1,2,1,2,1,1,9,1,3,0,3,2,1,0,0,9,1,1,2,12,99,1,4,1,B,6,1,7,2,2,1,4,61,1,1,66,997,997,0,0,0,2,6,999,999,999,9999999,999,999,999,8,0,9,0,0,1,3,997,1.5,999,999,999,99.9,99.9,99.9,78.3707573874403,11,3
10886,21,81,1-21-2018-081-02,2,1,JA32U2FU0HU0,17,52,46,2017,4,1,2,0,1,T,2,1310,5,0,1,1,1,113,1,1,1,136,2,0,0,92392,2,9,0,2,5,2,1,1,2,9,3,3,0,0,1,1,0,0,9,1,15,2,11,99,9,2,2,F,46,1,4,2,2,1,4,61,1,1,25,997,997,0,0,0,3,6,999,999,999,9999999,999,999,999,7,0,1,1,0,3,3,997,2.7,120,999,999,33.0,13.1,34.8,48.1199067777015,11,3
10886,21,81,1-21-2018-081-02,2,2,1FTEW1C87GKF,17,12,481,2016,34,5,31,0,1,L,9,2028,5,0,2,0,0,113,1,0,0,995,0,0,0,89118,9,9,0,2,5,1,1,1,2,9,1,3,0,0,1,1,0,0,1,0,14,4,60,1,1,1,2,F,45,0,0,0,0,0,0,0,0,0,0,325,345,0,0,0,1,0,999,999,999,9999999,999,999,999,9,0,95,95,95,95,0,995,9.8,998,998,998,99.8,99.8,99.8,48.1199067777015,11,3
10888,48,3,1-48-2018-003-06,6,1,3GCRKTE35AG1,17,20,481,2010,34,5,31,0,1,R,9,2397,5,0,2,0,1,121,1,0,0,995,0,0,0,58831,1,2,0,1,2,1,1,1,1,1,1,3,2,3,2,1,0,0,1,0,1,6,88,1,1,1,1,C,13,0,0,0,0,0,0,0,0,0,0,998,998,0,0,0,1,0,999,999,999,9999999,999,999,999,9,0,1,3,0,4,0,998,9.8,998,998,998,99.8,99.8,99.8,296.116717948508,12,3
10891,14,43,1-14-2018-043-03,3,1,5YFBURHE8JP8,17,49,32,2018,4,1,3,0,1,B,2,1265,5,9999,9,4,1,72,1,0,0,995,0,0,0,78223,1,1,2,3,2,2,2,1,1,1,3,0,0,0,3,1,2,2,9,0,10,2,16,99,1,1,4,K,78,0,0,0,0,0,0,0,0,0,0,40,40,0,0,0,1,98,999,999,999,9999999,999,999,999,7,0,99,99,0,8,0,995,9.8,998,998,998,99.8,99.8,99.8,1729.50899807288,8,3
10891,14,43,1-14-2018-043-03,3,2,1GTHK23608F1,17,23,481,2008,34,5,31,0,1,F,1,9999,9,9999,9,4,1,72,1,0,0,995,0,0,0,78130,1,9,2,3,2,2,2,1,1,1,3,0,0,0,3,1,0,0,9,0,1,4,70,99,1,1,4,K,79,0,0,0,0,0,0,0,0,0,0,40,40,0,0,0,1,98,999,999,999,9999999,999,999,999,6,0,0,0,0,0,0,995,9.8,998,998,998,99.8,99.8,99.8,1729.50899807288,8,3
10893,30,52,1-30-2018-052-06,6,1,1FAFP4440WF2,17,12,3,1998,1,1,2,0,1,L,1,1483,5,0,1,1,1,56,1,0,0,995,0,0,0,85326,1,1,2,4,2,1,2,1,1,1,0,0,0,0,1,1,0,0,1,0,11,2,15,1,1,1,4,K,82,0,0,0,0,0,0,0,0,0,0,70,160,0,0,0,1,1,20,-4,20,20804,998,79,16,0,1,0,0,0,0,0,995,9.8,998,998,998,99.8,99.8,99.8,1251.4724892483,10,3
10893,30,52,1-30-2018-052-06,6,2,WBAPH7C50BE6,17,34,34,2011,4,1,3,0,1,F,1,1525,5,0,1,1,1,56,1,0,0,995,0,0,1,85338,9,1,2,4,5,2,2,1,1,1,3,2,0,0,1,1,0,0,1,0,1,4,67,1,1,1,4,K,83,0,0,0,0,0,0,0,0,0,0,160,70,0,0,0,1,1,20,-20,-3,39599,998,-31,24,0,1,1,2,0,4,0,995,9.8,998,998,998,99.8,99.8,99.8,1251.4724892483,10,3
10894,20,98,1-20-2018-098-02,2,1,1N4AL3AP5GN3,17,35,47,2016,4,1,4,0,1,F,3,1453,5,9999,9,5,1,89,1,0,1,0,2,0,0,93960,1,9,0,4,2,1,2,1,2,2,0,4,0,0,1,1,0,0,9,1,14,2,10,99,1,2,3,G,50,0,0,0,0,0,0,0,0,0,0,70,265,0,0,0,1,12,999,999,999,9999999,999,999,999,8,0,2,9,0,3,0,995,9.8,998,998,998,99.8,99.8,99.8,45.703828788294,11,3
10894,20,98,1-20-2018-098-02,2,2,JT3GN86R7W00,17,49,401,1998,14,3,14,0,1,F,9,1617,5,9999,9,0,1,89,1,0,1,0,2,0,0,93906,9,1,0,4,2,1,2,1,3,1,0,4,0,0,1,1,0,0,9,0,14,4,62,99,1,1,3,G,51,1,2,2,5,1,1,61,1,1,9,265,70,0,0,0,1,0,999,999,999,9999999,999,999,999,9,0,3,13,1,3,3,995,9.8,998,998,998,99.8,99.8,99.8,45.703828788294,11,3
10896,25,37,1-25-2018-037-09,9,1,4A3AA46G52E0,17,52,34,2002,4,1,2,0,1,F,1,1388,5,0,1,4,1,40,1,9,0,995,0,1,0,04092,9,9,0,4,2,1,2,1,2,1,0,0,0,0,1,1,0,0,9,1,14,2,12,99,1,4,1,B,6,0,0,0,0,0,0,0,0,0,0,998,998,0,0,6,1,12,999,999,999,9999999,999,999,999,1,0,99,99,0,8,0,998,0.0,8,8,120,2.0,1.2,2.3,661.656120911169,2,3
10897,24,53,1-24-2018-053-08,8,1,4A3AC84HX3E1,17,52,37,2003,2,1,2,0,1,F,3,1425,5,0,1,5,1,80,1,0,0,995,0,0,0,08234,1,1,2,4,5,2,2,1,1,1,1,2,0,0,2,1,1,2,1,0,11,2,15,3,1,1,4,J,68,0,0,0,0,0,0,0,0,0,0,205,40,0,1,0,1,9,999,999,999,9999999,999,999,999,8,0,1,1,0,4,0,995,9.8,998,998,998,99.8,99.8,99.8,166.242602373067,1,3
10897,24,53,1-24-2018-053-08,8,2,1J4FY19S4XP4,17,2,403,1999,14,3,14,0,1,F,3,1482,5,0,1,1,1,80,1,0,1,7,2,0,0,08205,1,1,2,4,5,3,2,1,1,1,1,2,0,0,2,1,1,2,1,0,1,4,62,4,1,1,4,J,69,1,6,2,5,7,1,1,3,1,20,40,205,0,0,0,1,9,999,999,999,9999999,999,999,999,8,0,3,10,1,3,1,995,9.8,998,998,998,99.8,99.8,99.8,166.242602373067,1,3
10898,24,54,1-24-2018-054-03,3,1,1N4AL3AP5FN4,17,35,47,2015,4,1,4,0,1,F,2,1416,5,0,1,1,1,56,1,0,0,995,0,0,0,08205,1,2,0,4,2,1,2,1,1,1,1,4,0,0,1,1,0,0,3,0,1,3,50,4,1,1,2,D,20,0,0,0,0,0,0,0,0,0,0,0,0,0,0,0,1,3,33,-33,0,37151,998,12,25,0,4,1,1,0,4,0,995,9.8,998,998,998,99.8,99.8,99.8,335.793341277742,1,3
10898,24,54,1-24-2018-054-03,3,2,1D7HU18257J6,17,7,482,2007,34,5,31,0,1,B,1,2402,5,9999,9,4,0,56,1,0,0,995,0,0,0,08205,9,9,0,4,2,1,2,1,1,1,1,4,0,0,1,1,0,0,1,0,5,3,52,1,1,1,2,D,23,0,0,0,0,0,0,0,0,0,0,0,0,0,0,0,1,3,20,20,0,63800,998,0,26,0,4,95,95,95,95,0,995,9.8,998,998,998,99.8,99.8,99.8,335.793341277742,1,3
10899,24,55,1-24-2018-055-07,7,1,1FTNE1EW7ADA,17,12,461,2010,21,4,21,0,1,F,1,2107,5,9999,9,0,0,40,1,0,0,995,0,0,0,19136,9,9,2,4,2,1,2,1,1,1,0,0,0,0,1,1,0,0,9,0,1,2,17,99,1,1,5,L,86,0,0,0,0,0,0,0,0,0,0,330,60,0,0,0,1,3,7,-5,5,4437,998,195,5,0,4,95,95,95,95,0,995,9.8,998,998,998,99.8,99.8,99.8,1079.71692042294,1,3
10899,24,55,1-24-2018-055-07,7,2,KMHDH6AE3DU0,17,55,35,2013,2,1,3,0,1,R,1,1262,5,0,1,1,1,40,1,0,0,995,0,0,0,08203,1,2,2,4,2,1,2,1,1,1,0,2,0,0,1,1,0,0,1,0,1,4,66,3,1,1,5,L,87,0,0,0,0,0,0,0,0,0,0,60,330,0,0,0,1,3,11,-9,-7,14120,998,82,14,0,4,0,0,0,0,0,995,9.8,998,998,998,99.8,99.8,99.8,1079.71692042294,1,3
10900,11,16,1-11-2018-016-02,2,1,3VWD67AJ0GM2,17,30,40,2016,4,1,3,0,1,R,3,1272,5,0,1,1,1,72,1,0,0,995,0,0,0,23824,2,9,2,1,3,3,2,1,1,1,1,2,0,0,1,1,1,2,1,0,11,2,15,1,1,1,4,J,68,0,0,0,0,0,0,0,0,0,0,75,325,0,0,0,1,1,43,-21,-37,151528,998,46,52,0,4,2,4,0,4,0,995,9.8,998,998,998,99.8,99.8,99.8,169.116821482896,8,3
10900,11,16,1-11-2018-016-02,2,2,1N6AD0FR6GN7,17,35,472,2016,34,5,30,0,1,F,2,1712,5,0,1,1,1,72,1,0,0,995,0,0,0,23831,1,2,2,1,2,2,2,1,1,2,3,2,0,0,1,1,1,2,1,0,1,4,62,4,1,1,4,J,69,1,1,2,5,7,1,1,3,2,17,325,75,0,0,0,1,1,31,-31,5,28020,998,49,19,0,4,2,9,0,3,1,995,9.8,998,998,998,99.8,99.8,99.8,169.116821482896,8,3
10901,11,17,1-11-2018-017-04,4,1,1FAHP2E81GG1,17,12,17,2016,4,1,4,0,1,F,1,1822,5,0,1,1,1,72,1,0,0,995,0,0,0,23832,1,2,3,1,7,4,2,1,1,1,1,2,0,0,1,1,0,0,2,0,11,2,15,1,1,1,4,J,68,0,0,0,0,0,0,0,0,0,0,330,240,0,0,0,1,1,11,-11,-2,15310,998,-40,14,0,1,0,0,0,0,0,995,9.8,998,998,998,99.8,99.8,99.8,12775.2182125071,8,3
10901,11,17,1-11-2018-017-04,4,2,JTDBR32E7701,17,49,32,2007,4,1,2,0,1,L,1,1135,5,0,1,1,1,72,1,0,0,995,0,0,0,23114,9,9,3,1,7,1,2,1,1,1,0,3,0,0,1,1,0,0,1,0,1,4,66,1,1,1,4,J,69,0,0,0,0,0,0,0,0,0,0,240,330,0,0,0,1,1,18,-3,18,10481,998,6,15,0,1,99,99,0,99,0,995,0.0,30,9,8,5.2,2.0,5.8,12775.2182125071,8,3
10902,23,80,1-23-2018-080-04,4,1,3GCUKREC0FG1,17,20,481,2015,34,5,31,0,1,F,9,2394,5,9999,9,0,1,113,1,0,0,995,0,0,0,44685,9,9,0,2,6,3,2,2,1,1,3,2,1,3,1,2,0,0,9,1,1,2,12,99,3,4,1,B,7,0,0,0,0,0,0,0,0,0,0,998,998,0,0,0,99,0,999,999,999,9999999,999,999,999,9,0,0,0,0,0,0,998,3.6,8,8,119,21.1,9.3,22.3,809.313804886022,5,3
10903,23,81,1-23-2018-081-03,3,1,1G1ZE5ST9GF2,17,20,37,2016,4,1,4,0,1,F,1,1400,5,0,1,1,1,113,1,0,0,995,0,0,0,43125,9,9,0,2,6,2,2,2,1,1,3,3,0,3,2,2,0,0,9,1,1,2,13,99,9,4,1,A,1,0,0,0,0,0,0,0,0,0,0,998,998,0,0,0,2,1,16,-16,-3,14553,998,20,16,0,1,99,99,0,5,0,998,1.9,29,65,44,9.2,9.6,13.3,265.76758140071,5,3
10904,23,82,1-23-2018-082-09,9,1,999999999999,99,7,881,1996,61,8,60,0,1,F,9,,,,,,1,89,1,0,0,995,0,0,0,43061,9,9,2,4,2,1,2,1,1,1,1,4,0,0,1,1,0,0,9,1,6,3,54,2,1,2,4,K,81,,,,,,,,,,,,,,,,,,,,,,,,,,,95,95,95,95,,,9.8,998,998,998,99.8,99.8,99.8,959.558480750401,5,3
10904,23,82,1-23-2018-082-09,9,2,2GCEC19V2113,17,20,481,2001,34,5,30,0,1,F,2,1836,5,0,1,1,1,89,1,0,0,995,0,0,0,43201,7,1,2,4,2,1,2,1,1,1,0,2,0,0,1,1,2,2,1,0,10,3,54,4,1,1,4,K,80,0,0,0,0,0,0,0,0,0,0,175,355,1,0,0,1,5,999,999,999,9999999,999,999,999,7,0,0,0,0,0,0,995,9.8,998,998,998,99.8,99.8,99.8,959.558480750401,5,3
10906,28,47,1-28-2018-047-04,4,1,3VWD67AJ9GM2,17,30,40,2016,4,1,3,0,1,F,1,1372,8,0,1,1,1,89,1,0,0,995,0,0,0,15853,1,2,0,4,2,1,2,1,1,1,1,2,0,0,1,1,0,0,3,1,1,6,87,10,1,4,1,B,8,1,2,2,6,5,4,31,1,1,3,998,998,0,0,0,1,8,999,999,999,9999999,999,999,999,6,0,1,1,0,0,2,998,2.4,120,120,120,5.9,2.4,6.5,225.217198384141,3,3
10907,54,4,1-54-2018-004-08,8,1,3GCEC14V96G1,17,20,481,2006,34,5,31,0,1,T,2,1836,5,0,1,1,1,64,1,1,8,997,8,7,0,35653,1,9,0,4,2,1,2,1,3,4,0,0,0,0,2,1,0,0,9,1,14,1,6,99,4,4,1,A,2,1,5,2,2,1,3,61,1,1,21,997,997,0,1,0,1,6,999,999,999,9999999,999,999,999,7,0,9,97,0,8,3,997,9.8,998,998,998,99.8,99.8,99.8,504.019071235839,9,3
10908,14,44,1-14-2018-044-03,3,1,1GNFC13047R2,17,20,421,2007,15,3,15,0,1,L,2,2469,5,9999,9,4,1,80,1,0,0,995,0,0,0,78254,1,1,2,4,2,1,2,1,1,1,0,0,0,0,1,1,2,2,9,0,1,2,17,99,1,1,5,L,89,0,0,0,0,0,0,0,0,0,0,330,55,0,0,0,1,98,999,999,999,9999999,999,999,999,7,0,0,0,0,0,0,995,9.8,998,998,998,99.8,99.8,99.8,2584.42918358095,8,3