CASEID,PSU,CASENO,CASENUMBER,CATEGORY,VEHNO,VIN,VINLENGTH,MAKE,MODEL,MODELYR,BODYTYPE,BODYCAT,VEHCLASS,SPECUSE,TRANSTAT,DAMPLANE,DAMSEV,CURBWT,CURBSRC,CARGOWT,CARGOSRC,INSPTYPE,TOWSTAT,SPEEDLIMIT,DRPRESENT,PARALCOHOL,ALCTEST,ALCTESTRESULT,ALCTESTSRC,PARDRUG,DRUGTEST,ZIP,RACE,ETHNICITY,RELTOJUNCT,TRAFFLOW,RDLANES,INITLANE,SURFTYPE,SURFCOND,ALIGNMENT,PROFILE,LINERIGHT,LINELEFT,RUMBINIT,RUMBROAD,LIGHTCOND,WEATHER,TRAFDEV,TRAFFUNCT,DISTRACT,PREFHE,PREMOVE,CRITCAT,CRITEVENT,MANEUVER,PRESTAB,PRELOC,CRASHCAT,CRASHCONF,CRASHTYPE,ROLLTYPE,ROLLTURN,ROLLINTRPT,ROLLPREMAN,ROLLINITYP,ROLLINLOC,ROLLOBJ,ROLLTRIP,ROLLDIR,ROLLDIST,DVANGTHIS,DVANGOTH,TOWHITCH,TRAJDOC,TREEPOLE,DVEVENT,DVBASIS,DVTOTAL,DVLONG,DVLAT,DVENERGY,DVSPEED,DVMOMENT,DVBES,DVEST,DVCONF,VAIS,VISS,VINJURED,VTREAT,INITOBJCLASS,HEADANGLECAT,SHLDRWIDTH,STRKLENGTH,STRKWIDTH,STRKHEIGHT,EDGEDISTX,EDGEDISTY,EDGEDISTZ,CASEWGT,PSUSTRAT,VERSION
10942,15,88,1-15-2018-088-03,3,1,JF1VA1A69J98,17,48,47,2018,4,1,3,0,1,F,9,1543,5,9999,9,0,0,48,1,0,0,995,0,0,0,11590,9,9,2,4,2,1,2,1,1,1,0,0,0,0,1,1,0,0,9,0,12,3,53,99,9,1,6,M,98,0,0,0,0,0,0,0,0,0,0,170,210,0,0,0,1,0,999,999,999,9999999,999,999,999,9,0,95,95,95,95,0,995,9.8,998,998,998,99.8,99.8,99.8,149.967798793895,1,3
10942,15,88,1-15-2018-088-03,3,2,1FBZX2ZM7HKA,17,12,462,2017,21,4,21,3,1,R,9,2318,5,0,2,0,1,48,1,0,0,995,0,0,0,11798,2,2,2,4,2,1,2,1,1,2,0,0,0,0,1,1,0,0,1,0,10,4,65,1,1,1,6,M,98,0,0,0,0,0,0,0,0,0,0,210,170,0,0,0,1,0,999,999,999,9999999,999,999,999,9,0,0,0,0,4,0,995,9.8,998,998,998,99.8,99.8,99.8,149.967798793895,1,3
10943,15,89,1-15-2018-089-02,2,1,KNMAT2MV8JP5,17,35,51,2018,6,1,3,0,1,F,9,1610,5,9999,9,4,1,72,1,1,1,224,2,9,1,11542,9,9,0,4,4,1,2,1,1,4,1,3,0,0,1,1,0,0,9,1,1,2,13,99,1,4,1,A,1,0,0,0,0,0,0,0,0,0,0,998,998,0,0,1,9,12,999,999,999,9999999,999,999,999,9,0,3,11,1,3,0,998,0.3,30,30,40,17.2,2.3,17.4,16.8922870962494,1,3
10943,15,89,1-15-2018-089-02,2,2,1FAFP34N57W3,17,12,37,2007,4,1,2,0,2,F,9,1196,5,9999,9,0,,,,,,,,,,,,,,,,,,,,,,,,,,,,,,,,,,,,,,,,,,,,,,,,,,,,,,,,,,,,,,,,,,95,95,95,95,,,,,,,,,,16.8922870962494,1,3
10943,15,89,1-15-2018-089-02,2,3,19UUA8F50AA0,17,54,35,2010,4,1,4,0,2,F,1,1682,5,9999,9,4,,,,,,,,,,,,,,,,,,,,,,,,,,,,,,,,,,,,,,,,,,,,,,,,,,,,,,,,,,,,,,,,,,95,95,95,95,,,,,,,,,,16.8922870962494,1,3
10943,15,89,1-15-2018-089-02,2,4,WBAVC53528FZ,17,34,34,2008,4,1,3,0,2,F,1,1485,5,9999,9,4,,,,,,,,,,,,,,,,,,,,,,,,,,,,,,,,,,,,,,,,,,,,,,,,,,,,,,,,,,,,,,,,,,95,95,95,95,,,,,,,,,,16.8922870962494,1,3
10943,15,89,1-15-2018-089-02,2,5,3C4PDCAB8DT5,17,7,27,2013,6,1,4,0,2,F,1,1735,5,9999,9,4,,,,,,,,,,,,,,,,,,,,,,,,,,,,,,,,,,,,,,,,,,,,,,,,,,,,,,,,,,,,,,,,,,95,95,95,95,,,,,,,,,,16.8922870962494,1,3
10944,26,83,1-26-2018-083-01,1,1,JHMRA184XTC0,17,37,441,1996,20,4,20,0,1,F,3,1565,5,0,1,1,1,64,1,9,1,130,4,9,2,95825,1,9,0,4,2,1,2,1,1,1,0,4,0,0,2,1,0,0,9,1,1,2,13,99,1,4,1,A,1,0,0,0,0,0,0,0,0,0,0,998,998,0,0,1,1,1,137,-137,0,1181858,998,-11,137,0,1,9,0,0,1,0,998,1.5,75,102,120,4.3,0.8,4.3,26.9853000155894,10,3
10947,59,50,1-59-2018-050-04,4,1,2GNFLFEK4G63,17,20,404,2016,14,3,14,0,1,B,2,1782,5,0,1,1,1,72,1,0,0,995,0,0,0,47803,9,9,2,4,4,2,2,1,1,1,3,2,0,0,1,1,0,0,9,0,5,3,53,99,1,1,2,D,22,0,0,0,0,0,0,0,0,0,0,270,270,0,0,0,1,3,34,33,6,47295,998,-41,25,0,4,0,0,0,5,0,995,9.8,998,998,998,99.8,99.8,99.8,618.729509485865,6,3
10947,59,50,1-59-2018-050-04,4,2,1C3CCCAB8FN7,17,6,18,2015,4,1,3,0,1,L,9,1575,5,9999,9,0,0,72,1,0,0,995,0,0,0,47579,9,9,2,4,4,1,2,1,1,1,0,3,0,0,1,1,0,0,9,0,1,4,60,99,1,1,6,M,98,0,0,0,0,0,0,0,0,0,0,270,280,0,0,0,2,0,999,999,999,9999999,999,999,999,9,0,95,95,95,95,0,995,9.8,998,998,998,99.8,99.8,99.8,618.729509485865,6,3
10947,59,50,1-59-2018-050-04,4,3,JNRAS08W67X2,17,58,39,2007,6,1,4,0,1,F,2,1917,5,9999,9,0,0,72,1,0,0,995,0,0,0,46268,9,9,2,4,4,2,2,1,1,1,3,2,0,0,1,1,0,0,9,0,1,3,50,99,1,1,2,D,20,0,0,0,0,0,0,0,0,0,0,270,270,0,0,0,1,3,33,-32,-6,154759,998,97,38,0,4,95,95,95,95,0,995,9.8,998,998,998,99.8,99.8,99.8,618.729509485865,6,3
10948,59,51,1-59-2018-051-08,8,1,1GTEK14VX3Z2,17,23,481,2003,34,5,31,0,1,L,1,2017,5,0,1,1,1,89,1,0,0,995,0,0,0,61846,9,9,2,1,2,1,2,1,1,1,1,3,2,3,1,1,0,0,9,1,15,2,10,99,1,2,2,F,47,0,0,0,0,0,0,0,0,0,0,10,350,0,0,0,2,5,999,999,999,9999999,999,999,20,2,0,9,97,0,8,0,995,9.8,998,998,998,99.8,99.8,99.8,125.676715095831,6,3
10948,59,51,1-59-2018-051-08,8,2,999999999999,99,99,898,9999,66,8,68,99,1,R,9,,,,,,9,89,1,8,9,998,8,7,9,99999,9,9,2,1,2,2,2,1,1,1,3,2,1,3,1,1,0,0,9,0,1,4,61,99,1,1,2,F,45,,,,,,,,,,,,,,,,,,,,,,,,,,,95,95,95,95,,,9.8,998,998,998,99.8,99.8,99.8,125.676715095831,6,3
10949,16,87,1-16-2018-087-04,4,1,1C6RR7FT9ES3,17,7,482,2014,34,5,30,0,1,F,1,2407,5,0,1,1,1,40,1,0,0,995,0,0,0,48170,9,9,0,4,5,2,2,1,1,4,3,2,0,0,3,1,0,0,1,0,1,3,50,8,1,1,2,F,48,0,0,0,0,0,0,0,0,0,0,325,335,0,0,0,1,8,999,999,999,9999999,999,999,999,6,0,0,0,0,0,0,995,9.8,998,998,998,99.8,99.8,99.8,964.777374935505,5,3
10949,16,87,1-16-2018-087-04,4,2,1LNHM87A9YY9,17,13,12,2000,4,1,4,0,1,R,1,1666,5,0,1,1,1,40,1,0,0,995,0,0,0,45002,1,2,0,4,5,2,2,1,1,4,3,2,0,0,3,1,0,0,1,0,5,3,53,1,1,1,2,F,48,0,0,0,0,0,0,0,0,0,0,335,325,0,0,0,1,8,999,999,999,9999999,999,999,999,6,0,1,1,0,0,0,995,9.8,998,998,998,99.8,99.8,99.8,964.777374935505,5,3
10952,18,42,1-18-2018-042-03,3,1,1G4HD57256U1,17,18,23,2006,4,1,5,0,1,F,1,1810,5,0,1,5,0,56,1,0,0,995,0,0,0,54738,9,9,3,4,5,2,1,1,1,1,3,2,0,0,1,1,0,0,9,0,1,3,50,99,1,1,2,D,20,0,0,0,0,0,0,0,0,0,0,95,95,0,0,0,1,3,7,-7,0,4129,998,0,8,0,4,95,95,95,95,0,995,9.8,998,998,998,99.8,99.8,99.8,1701.14843613875,6,3
10952,18,42,1-18-2018-042-03,3,2,ML32A4HJ0FH0,17,52,48,2015,5,1,1,0,1,B,1,895,5,0,1,1,1,56,1,0,0,995,0,0,0,54703,1,2,3,4,5,2,1,1,1,1,3,2,0,0,1,1,0,0,1,0,5,3,53,1,1,1,2,D,21,0,0,0,0,0,0,0,0,0,0,95,95,0,0,0,1,3,12,12,0,5772,998,4,12,0,4,1,2,0,4,0,995,9.8,998,998,998,99.8,99.8,99.8,1701.14843613875,6,3
10952,18,42,1-18-2018-042-03,3,3,2GKFLWEK9F63,17,23,402,2015,14,3,14,0,1,B,1,1823,5,0,1,2,0,56,1,0,0,995,0,0,0,54660,9,9,3,4,5,2,1,1,1,1,3,2,0,0,1,1,0,0,9,0,5,3,53,1,1,1,6,M,98,0,0,0,0,0,0,0,0,0,0,95,95,0,0,0,2,1,9,9,0,6197,998,-19,9,0,4,95,95,95,95,0,995,9.8,998,998,998,99.8,99.8,99.8,1701.14843613875,6,3
10953,20,99,1-20-2018-099-10,10,1,JF1GD67686H5,17,48,38,2006,4,1,1,0,1,F,1,1368,5,91,2,5,1,89,1,0,0,995,0,0,0,95019,7,9,0,4,2,1,2,1,1,1,1,2,1,0,2,8,0,0,3,1,1,2,11,3,1,4,1,C,11,0,0,0,0,0,0,0,0,0,0,30,30,0,0,0,1,1,11,-11,0,8344,998,68,10,0,4,0,0,0,0,0,995,9.8,998,998,998,99.8,99.8,99.8,23936.8367783949,11,3
10953,20,99,1-20-2018-099-10,10,2,1FM5K8AR5GGB,17,12,401,2016,14,3,14,5,2,B,9,2104,8,9999,9,0,,,,,,,,,,,,,,,,,,,,,,,,,,,,,,,,,,,,,,,,,,,,,,,,,,,,,,,,,,,,,,,,,,95,95,95,95,,,,,,,,,,23936.8367783949,11,3
10954,26,86,1-26-2018-086-02,2,1,1C3CCBAB9EN2,17,6,18,2014,4,1,3,0,1,F,3,1544,5,0,1,1,1,64,1,0,1,0,2,1,2,95820,9,1,2,4,5,2,2,1,1,1,3,1,0,0,1,1,1,2,9,1,1,2,10,1,1,4,1,B,6,0,0,0,0,0,0,0,0,0,0,998,998,0,1,1,1,1,52,-52,0,199711,998,-54,52,0,1,3,10,1,3,0,998,1.5,30,30,120,1.6,1.9,2.7,23.7381053223445,10,3
10955,22,44,1-22-2018-044-06,6,1,1FAHP35N49W1,17,12,37,2009,4,1,2,0,1,F,1,1189,5,0,1,1,1,56,1,8,0,995,0,7,0,83501,1,2,2,1,2,1,2,1,3,1,1,3,0,0,1,1,0,0,1,0,14,2,17,1,1,1,5,L,86,0,0,0,0,0,0,0,0,0,0,35,95,0,0,0,1,5,999,999,999,9999999,999,999,14,2,0,1,1,0,4,0,995,9.8,998,998,998,99.8,99.8,99.8,317.431948615114,12,3
10955,22,44,1-22-2018-044-06,6,2,3AKJGBDV8GSG,17,82,881,2016,66,8,67,0,1,R,9,,,,,,0,40,1,8,0,995,0,7,0,83832,9,9,2,3,1,1,2,1,1,1,0,0,0,0,1,1,3,2,1,0,1,4,66,1,1,1,5,L,87,,,,,,,,,,,,,,,,,,,,,,,,,,,95,95,95,95,,,9.8,998,998,998,99.8,99.8,99.8,317.431948615114,12,3
10957,33,65,1-33-2018-065-03,3,1,3N6CM0KN2GK7,17,35,446,2016,20,4,20,0,1,F,2,1479,5,0,2,1,1,105,1,0,0,995,0,0,0,95988,1,2,0,1,3,2,2,1,1,1,3,3,0,0,1,1,0,0,3,0,1,3,50,1,1,1,2,D,20,0,0,0,0,0,0,0,0,0,0,315,315,0,0,0,1,1,29,-29,0,69578,998,0,34,0,4,1,1,0,4,0,995,9.8,998,998,998,99.8,99.8,99.8,218.154382489614,12,3
10957,33,65,1-33-2018-065-03,3,2,5TELU42N57Z3,17,49,472,2007,34,5,31,0,1,B,1,1873,5,0,1,2,0,105,1,0,0,995,0,0,0,95969,9,9,0,2,3,2,2,1,1,1,3,3,0,0,1,1,0,0,9,0,5,3,53,1,1,1,2,D,21,0,0,0,0,0,0,0,0,0,0,315,315,0,0,0,1,1,24,24,0,19975,998,0,17,0,4,95,95,95,95,0,995,9.8,998,998,998,99.8,99.8,99.8,218.154382489614,12,3
10957,33,65,1-33-2018-065-03,3,3,4S4BRBGCXB33,17,48,45,2011,6,1,3,0,1,B,1,1542,5,9999,9,4,0,105,1,0,0,995,0,0,0,95127,9,9,0,2,3,2,2,1,1,1,3,3,0,0,1,1,0,0,9,0,1,3,53,1,1,1,6,M,98,0,0,0,0,0,0,0,0,0,0,315,315,0,0,0,2,12,999,999,999,9999999,999,999,999,1,0,95,95,95,95,0,995,9.8,998,998,998,99.8,99.8,99.8,218.154382489614,12,3
10958,33,66,1-33-2018-066-01,1,1,2HNYD2H29CH5,17,54,421,2012,15,3,15,0,1,F,1,2064,5,0,1,1,1,56,1,9,1,0,3,1,2,95948,1,2,0,4,2,1,2,1,1,1,0,0,0,0,1,1,0,0,9,1,1,2,13,1,1,4,1,A,1,1,2,2,2,5,4,31,1,2,12,998,998,0,0,0,2,8,999,999,999,9999999,999,999,999,6,0,1,1,0,2,2,998,0.0,10,4,120,0.0,0.0,0.0,43.9613018556608,12,3
10959,77,3,1-77-2018-003-02,2,1,3FADP4BJ3EM1,17,12,32,2014,4,1,1,0,1,L,1,1215,5,0,1,1,1,40,1,1,8,997,8,9,0,22903,9,9,2,4,2,1,2,1,1,1,0,2,0,0,3,1,0,0,3,1,1,2,10,4,1,2,3,I,64,0,0,0,0,0,0,0,0,0,0,310,125,0,0,0,1,1,14,-13,5,10786,998,-32,14,0,4,1,1,0,3,0,995,9.8,998,998,998,99.8,99.8,99.8,191.424290157716,9,3
10959,77,3,1-77-2018-003-02,2,2,5FNRL18063B0,17,37,441,2003,20,4,20,0,1,L,1,1980,5,0,1,1,1,40,1,0,0,995,0,0,0,22947,1,2,2,4,2,1,2,1,1,1,0,2,0,0,3,1,0,0,1,0,1,4,62,1,1,1,3,I,65,0,0,0,0,0,0,0,0,0,0,125,310,0,0,0,1,1,9,-8,1,7246,998,-67,9,0,4,1,1,0,4,0,995,9.8,998,998,998,99.8,99.8,99.8,191.424290157716,9,3
10960,77,4,1-77-2018-004-03,3,1,JTEBT14R7780,17,49,401,2007,14,3,14,0,1,F,1,2043,5,9999,9,4,1,72,1,0,0,995,0,0,0,22902,9,9,1,1,3,3,2,1,1,1,1,2,0,0,1,1,1,2,1,0,11,2,15,99,1,1,4,J,68,0,0,0,0,0,0,0,0,0,0,270,170,0,0,0,1,3,19,-16,-9,26977,998,-109,14,0,4,1,1,0,4,0,995,9.8,998,998,998,99.8,99.8,99.8,1109.57472235341,9,3
10960,77,4,1-77-2018-004-03,3,2,1GNERFKW0JJ1,17,20,423,2018,15,3,15,0,1,L,1,1978,8,0,1,1,1,72,1,0,0,995,0,0,0,22947,1,2,1,1,3,2,2,1,2,1,1,3,0,0,1,1,1,2,2,0,14,4,62,2,1,1,4,J,69,1,2,2,6,1,4,61,1,2,7,170,270,0,1,0,1,3,19,-12,15,49725,998,-29,24,0,4,1,2,0,3,3,995,1.0,120,90,-10,6.1,5.0,7.7,1109.57472235341,9,3
10963,15,90,1-15-2018-090-03,3,1,KMHGN4JEXGU1,17,55,41,2016,4,1,5,0,1,R,1,1948,5,9999,9,4,1,48,1,0,1,0,2,0,1,32967,9,9,2,4,4,2,2,1,1,1,1,2,0,0,1,8,1,2,9,0,11,2,15,99,1,1,4,J,68,0,0,0,0,0,0,0,0,0,0,125,0,0,0,0,1,12,999,999,999,9999999,999,999,999,2,0,3,10,1,3,0,995,9.8,998,998,998,99.8,99.8,99.8,149.967798778902,1,3
10963,15,90,1-15-2018-090-03,3,2,1HGCM66855A0,17,37,32,2005,4,1,3,0,1,F,1,1504,5,9999,9,4,1,48,1,0,0,995,0,0,0,11530,9,9,2,4,4,1,2,1,1,1,1,1,0,0,1,8,1,2,9,0,1,4,62,99,1,1,4,J,69,0,0,0,0,0,0,0,0,0,0,0,125,0,0,0,1,12,999,999,999,9999999,999,999,999,2,0,0,0,0,0,0,995,9.8,998,998,998,99.8,99.8,99.8,149.967798778902,1,3
10964,21,82,1-21-2018-082-09,9,1,3VWRZ71KX8M0,17,30,40,2008,4,1,2,0,1,F,9,1465,5,9999,9,0,1,40,1,0,0,995,0,0,0,92404,9,1,2,4,3,2,2,1,1,1,1,2,0,0,1,1,1,2,9,0,1,4,66,99,1,1,5,L,86,0,0,0,0,0,0,0,0,0,0,325,55,0,0,0,1,0,999,999,999,9999999,999,999,999,9,0,1,1,0,4,0,995,9.8,998,998,998,99.8,99.8,99.8,4327.63686319537,11,3
10964,21,82,1-21-2018-082-09,9,2,1G4HP54K4142,17,18,2,2001,4,1,4,0,1,R,9,1618,5,9999,9,0,1,64,1,0,0,995,0,0,0,92404,1,9,2,4,5,1,2,1,1,1,0,1,0,0,1,1,1,2,9,0,1,2,17,99,1,1,5,L,87,0,0,0,0,0,0,0,0,0,0,55,325,0,0,0,1,0,999,999,999,9999999,999,999,999,9,0,0,0,0,0,0,995,9.8,998,998,998,99.8,99.8,99.8,4327.63686319537,11,3
10967,28,48,1-28-2018-048-09,9,1,1B4HS28Y0WF1,17,7,402,1998,14,3,14,0,1,L,1,2066,4,0,1,1,1,56,1,0,0,995,0,0,0,12303,1,9,0,4,2,1,2,1,1,3,0,0,0,0,1,1,0,0,1,1,1,4,62,1,1,4,6,M,98,1,1,2,2,5,4,31,1,2,999,997,997,0,0,0,1,6,999,999,999,9999999,999,999,999,6,0,1,1,0,4,2,997,9.8,998,998,998,99.8,99.8,99.8,257.501675747541,3,3
10969,26,87,1-26-2018-087-03,3,1,3VWD17AJ6GM3,17,30,40,2016,4,1,3,0,1,F,1,1364,5,0,1,1,1,40,1,0,0,995,0,0,0,95842,1,9,2,4,2,1,2,1,1,1,3,2,0,0,1,1,2,2,9,0,1,2,17,8,1,2,5,L,88,0,0,0,0,0,0,0,0,0,0,170,60,0,0,0,1,1,17,-16,-3,13284,998,-71,14,0,4,9,97,0,99,0,995,9.8,998,998,998,99.8,99.8,99.8,441.90132944717,10,3
10969,26,87,1-26-2018-087-03,3,2,3GNEK18R1XG1,17,20,421,1999,15,3,15,0,1,L,1,2240,5,0,1,2,0,999,1,0,0,995,0,0,0,95621,9,9,2,4,2,1,2,1,1,1,0,0,0,0,1,1,2,2,9,0,1,4,66,99,1,1,5,L,89,0,0,0,0,0,0,0,0,0,0,60,170,0,0,0,1,1,11,-5,9,18926,998,-71,13,0,1,95,95,95,95,0,995,9.8,998,998,998,99.8,99.8,99.8,441.90132944717,10,3
10970,31,42,1-31-2018-042-07,7,1,1B4HS28Z3WF1,17,7,402,1998,14,3,14,0,1,R,1,2066,5,0,1,1,1,999,1,0,0,995,0,0,0,62821,9,9,2,4,2,1,4,8,1,3,0,0,0,0,2,1,0,0,9,0,1,2,17,99,1,1,5,L,87,0,0,0,0,0,0,0,0,0,0,90,355,0,0,0,1,1,18,-9,-15,29508,998,79,16,0,1,99,99,0,99,0,995,9.8,998,998,998,99.8,99.8,99.8,372.476158331204,6,3
10970,31,42,1-31-2018-042-07,7,2,1FMCU93G89KA,17,12,402,2009,14,3,14,0,1,F,1,1540,5,0,1,1,1,89,1,0,0,995,0,0,0,62821,9,9,2,4,2,1,4,8,1,1,0,0,0,0,2,1,0,0,9,0,1,4,66,1,1,1,5,L,86,0,0,0,0,0,0,0,0,0,0,355,90,0,0,0,1,1,22,-19,11,58177,998,99,23,0,1,99,99,0,99,0,995,9.8,998,998,998,99.8,99.8,99.8,372.476158331204,6,3
10972,30,55,1-30-2018-055-07,7,1,2G1FB1E31D92,17,20,9,2013,3,1,4,0,1,L,2,1700,5,0,2,2,0,64,1,0,0,995,0,0,0,85017,9,9,2,4,6,3,2,1,1,1,3,1,0,0,1,1,1,2,1,0,1,2,17,1,1,1,5,L,89,0,0,0,0,0,0,0,0,0,0,75,165,0,0,0,1,8,999,999,999,9999999,999,999,999,7,0,95,95,95,95,0,995,9.8,998,998,998,99.8,99.8,99.8,1052.53253506353,10,3
10972,30,55,1-30-2018-055-07,7,2,1G1ZE5E75AF2,17,20,37,2010,4,1,4,0,1,F,2,1655,5,0,1,1,1,64,1,0,0,995,0,0,0,85037,2,2,2,1,6,1,2,1,1,1,5,3,0,0,1,1,1,2,1,0,1,4,66,1,1,1,5,L,88,0,0,0,0,0,0,0,0,0,0,165,75,0,0,0,1,8,999,999,999,9999999,999,999,999,7,0,0,0,0,0,0,995,9.8,998,998,998,99.8,99.8,99.8,1052.53253506353,10,3
10972,30,55,1-30-2018-055-07,7,3,JTDBE30K7402,17,49,40,2004,4,1,3,0,1,F,1,1455,5,9999,9,0,1,64,1,0,0,995,0,0,0,85302,1,2,2,1,6,2,2,1,1,1,1,3,0,0,1,1,1,2,1,0,1,4,66,1,1,1,6,M,98,0,0,0,0,0,0,0,0,0,0,165,75,0,0,0,2,3,4,-4,-1,1074,998,-37,4,0,4,0,0,0,0,0,995,9.8,998,998,998,99.8,99.8,99.8,1052.53253506353,10,3
10973,30,56,1-30-2018-056-03,3,1,1FT7W2BT8GEA,17,12,481,2016,34,5,31,0,1,F,9,9999,9,9999,9,0,1,56,1,0,0,995,0,0,0,85323,9,9,2,2,5,4,2,1,1,1,3,3,0,0,3,1,1,2,9,0,1,3,50,1,1,1,2,D,20,0,0,0,0,0,0,0,0,0,0,150,160,0,0,0,1,0,999,999,999,9999999,999,999,999,9,0,0,0,0,0,0,995,9.8,998,998,998,99.8,99.8,99.8,234.699135988123,10,3
10973,30,56,1-30-2018-056-03,3,2,1GCRCREC4EZ1,17,20,481,2014,34,5,31,0,1,B,2,2250,5,0,1,1,1,56,1,0,0,995,0,0,0,85323,9,9,2,1,5,2,2,1,1,1,1,1,0,0,3,1,1,2,9,0,5,3,53,1,1,1,2,D,21,0,0,0,0,0,0,0,0,0,0,160,150,0,0,0,1,5,999,999,999,9999999,999,999,999,7,0,1,2,0,4,0,995,9.8,998,998,998,99.8,99.8,99.8,234.699135988123,10,3
10973,30,56,1-30-2018-056-03,3,3,2C3KA43RX6H4,17,6,51,2006,4,1,5,0,1,B,9,1844,5,9999,9,0,0,56,1,0,0,995,0,0,0,85323,9,9,2,2,5,4,2,1,1,1,3,3,0,0,3,1,1,2,9,0,5,3,53,1,1,1,6,M,98,0,0,0,0,0,0,0,0,0,0,160,170,0,0,0,2,0,999,999,999,9999999,999,999,999,9,0,95,95,95,95,0,995,9.8,998,998,998,99.8,99.8,99.8,234.699135988123,10,3
10978,77,5,1-77-2018-005-09,9,1,JTEBU14R2400,17,49,401,2004,14,3,14,0,1,F,1,1940,5,0,1,1,1,24,1,1,1,269,2,0,1,22932,2,9,2,4,2,1,2,1,1,4,0,0,0,0,1,1,0,0,9,1,1,2,13,1,1,4,1,A,1,0,0,0,0,0,0,0,0,0,0,998,998,0,1,0,1,1,20,-20,0,31312,998,0,20,0,4,2,6,0,3,0,998,0.5,120,120,120,5.5,20.5,21.3,818.004480144394,9,3
10980,11,18,1-11-2018-018-08,8,1,1N4AL21E58N4,17,35,47,2008,4,1,4,0,1,F,2,1429,5,0,2,1,1,56,1,0,0,995,0,0,0,23860,1,9,0,4,2,1,2,1,1,1,1,1,0,0,1,1,0,0,1,0,8,2,19,1,1,7,1,C,12,0,0,0,0,0,0,0,0,0,0,998,998,0,0,6,3,11,999,999,999,9999999,999,999,999,7,0,3,14,1,3,0,998,0.0,15,5,6,0.0,0.0,0.0,1577.87985188199,8,3
10981,11,19,1-11-2018-019-02,2,1,1XKADB9XXHJ3,17,85,881,1987,62,8,60,0,1,R,9,,,,,,1,56,1,0,0,995,0,0,0,23850,9,9,2,4,3,2,2,1,2,1,1,2,0,0,1,1,1,2,1,0,11,2,15,2,2,1,4,J,68,,,,,,,,,,,,,,,,,,,,,,,,,,,95,95,95,95,,,9.8,998,998,998,99.8,99.8,99.8,110.449196298252,8,3
10981,11,19,1-11-2018-019-02,2,2,3KPFL4A74JE1,17,63,38,2018,4,1,3,0,1,F,1,1272,5,0,1,1,1,56,1,0,0,995,0,0,0,23850,1,1,2,4,3,1,2,1,1,1,1,1,0,0,1,1,1,2,1,0,1,4,62,2,1,1,4,J,69,0,0,0,0,0,0,0,0,0,0,100,240,0,0,0,1,5,999,999,999,9999999,999,999,23,2,0,1,1,0,4,0,995,9.8,998,998,998,99.8,99.8,99.8,110.449196298252,8,3
10982,24,56,1-24-2018-056-04,4,1,1GNSKBE06ER1,17,20,421,2014,15,3,15,0,1,R,1,2583,5,0,1,1,1,56,1,0,0,995,0,0,0,68025,1,2,2,1,5,2,2,1,2,1,1,1,0,0,2,1,1,2,1,0,14,2,17,1,1,1,5,L,87,0,0,0,0,0,0,0,0,0,0,15,285,0,0,0,1,1,18,-6,-17,10511,998,-85,9,0,1,0,0,0,0,0,995,9.8,998,998,998,99.8,99.8,99.8,1439.33921047339,1,3
10982,24,56,1-24-2018-056-04,4,2,4T1BE30K32U6,17,49,40,2002,4,1,3,0,1,F,2,1435,5,0,1,1,1,56,1,0,0,995,0,0,0,08201,3,2,2,2,3,2,2,1,1,1,1,1,0,0,2,1,1,2,1,0,1,2,17,1,1,1,5,L,86,0,0,0,0,0,0,0,0,0,0,285,15,0,0,0,1,1,31,-29,11,103197,998,65,38,0,1,1,2,0,6,0,995,9.8,998,998,998,99.8,99.8,99.8,1439.33921047339,1,3
10983,24,57,1-24-2018-057-03,3,1,4T4BF1FKXER4,17,49,40,2014,4,1,3,0,1,F,2,1441,5,0,1,1,1,72,1,0,0,995,0,0,0,08234,3,2,0,4,2,1,2,1,1,1,1,2,0,0,4,1,0,0,3,1,1,2,13,7,1,4,1,A,1,0,0,0,0,0,0,0,0,0,0,998,998,0,1,7,1,8,999,999,999,9999999,999,999,999,7,0,1,2,0,4,0,998,0.3,35,35,120,1.3,0.8,1.5,470.67508473631,1,3
10985,12,45,1-12-2018-045-07,7,1,1N4AA51E39C8,17,35,39,2009,4,1,4,0,1,F,1,1630,5,0,1,1,1,105,1,0,0,995,0,0,0,73401,1,2,0,1,2,1,2,1,1,2,1,2,2,3,2,8,0,0,1,0,1,6,87,1,1,1,1,C,13,0,0,0,0,0,0,0,0,0,0,998,998,0,0,0,1,10,999,999,999,9999999,999,39,12,2,0,0,0,0,0,0,998,9.8,998,998,998,99.8,99.8,99.8,2305.38786495801,9,3
10986,12,46,1-12-2018-046-10,10,1,1GNEC13Z63R3,17,20,421,2003,15,3,15,0,1,R,1,2211,5,0,1,1,1,113,1,0,0,995,0,0,0,73401,2,2,0,2,2,2,2,1,1,1,3,2,1,3,2,8,0,0,1,1,17,2,11,3,1,6,2,F,44,0,0,0,0,0,0,0,0,0,0,190,190,0,0,0,1,5,999,999,999,9999999,999,999,6,1,0,0,0,0,0,0,995,9.8,998,998,998,99.8,99.8,99.8,10184.9484583409,9,3