CASEID,PSU,CASENO,CASENUMBER,CATEGORY,VEHNO,VIN,VINLENGTH,MAKE,MODEL,MODELYR,BODYTYPE,BODYCAT,VEHCLASS,SPECUSE,TRANSTAT,DAMPLANE,DAMSEV,CURBWT,CURBSRC,CARGOWT,CARGOSRC,INSPTYPE,TOWSTAT,SPEEDLIMIT,DRPRESENT,PARALCOHOL,ALCTEST,ALCTESTRESULT,ALCTESTSRC,PARDRUG,DRUGTEST,ZIP,RACE,ETHNICITY,RELTOJUNCT,TRAFFLOW,RDLANES,INITLANE,SURFTYPE,SURFCOND,ALIGNMENT,PROFILE,LINERIGHT,LINELEFT,RUMBINIT,RUMBROAD,LIGHTCOND,WEATHER,TRAFDEV,TRAFFUNCT,DISTRACT,PREFHE,PREMOVE,CRITCAT,CRITEVENT,MANEUVER,PRESTAB,PRELOC,CRASHCAT,CRASHCONF,CRASHTYPE,ROLLTYPE,ROLLTURN,ROLLINTRPT,ROLLPREMAN,ROLLINITYP,ROLLINLOC,ROLLOBJ,ROLLTRIP,ROLLDIR,ROLLDIST,DVANGTHIS,DVANGOTH,TOWHITCH,TRAJDOC,TREEPOLE,DVEVENT,DVBASIS,DVTOTAL,DVLONG,DVLAT,DVENERGY,DVSPEED,DVMOMENT,DVBES,DVEST,DVCONF,VAIS,VISS,VINJURED,VTREAT,INITOBJCLASS,HEADANGLECAT,SHLDRWIDTH,STRKLENGTH,STRKWIDTH,STRKHEIGHT,EDGEDISTX,EDGEDISTY,EDGEDISTZ,CASEWGT,PSUSTRAT,VERSION
10986,12,46,1-12-2018-046-10,10,2,4V4NC9TG6FN9,17,51,881,2015,66,8,68,0,1,L,9,,,,,,0,113,1,0,0,995,0,0,0,74127,9,9,0,1,2,1,2,1,1,1,1,3,2,3,2,8,0,0,9,1,1,4,60,1,1,2,2,F,45,,,,,,,,,,,,,,,,,,,,,,,,,,,95,95,95,95,,,9.8,998,998,998,99.8,99.8,99.8,10184.9484583409,9,3
10987,23,83,1-23-2018-083-08,8,1,1XKDPBTX12J8,17,85,881,2002,66,8,68,0,1,F,9,,,,,,0,72,1,0,0,995,0,0,0,49009,9,9,2,4,6,2,2,1,1,1,1,3,0,0,1,1,1,2,9,0,1,2,17,3,1,1,5,L,88,,,,,,,,,,,,,,,,,,,,,,,,,,,95,95,95,95,,,9.8,998,998,998,99.8,99.8,99.8,69.5578093748777,5,3
10987,23,83,1-23-2018-083-08,8,2,1G1JC52F2372,17,20,16,2003,4,1,2,0,1,L,3,1214,5,0,1,1,1,40,1,0,1,0,2,1,2,43065,9,9,2,4,3,1,2,1,1,2,0,1,0,0,1,1,1,2,9,0,1,4,66,99,1,1,5,L,89,0,0,0,0,0,0,0,0,0,0,85,175,0,0,0,1,5,999,999,999,9999999,999,999,45,4,0,3,14,1,3,0,995,9.8,998,998,998,99.8,99.8,99.8,69.5578093748777,5,3
10988,23,84,1-23-2018-084-04,4,1,2GNALBEK6E61,17,20,404,2014,14,3,14,0,1,F,9,1706,5,9999,9,0,0,89,1,0,0,995,0,0,0,43035,9,9,2,4,2,1,2,2,1,1,0,0,0,0,1,2,2,2,9,0,11,2,15,99,1,1,4,K,82,0,0,0,0,0,0,0,0,0,0,275,15,0,0,0,1,0,999,999,999,9999999,999,999,999,9,0,95,95,95,95,0,995,9.8,998,998,998,99.8,99.8,99.8,333.183183410046,5,3
10988,23,84,1-23-2018-084-04,4,2,1ZVBP8AM8E52,17,12,3,2014,2,1,3,0,1,R,9,1701,5,9999,9,0,1,89,1,0,0,995,0,0,0,43016,9,9,2,4,2,1,2,2,1,1,0,2,0,0,1,2,0,0,9,0,1,4,67,99,1,1,4,K,83,0,0,0,0,0,0,0,0,0,0,15,275,0,0,0,1,0,999,999,999,9999999,999,999,999,9,0,0,0,0,0,0,995,9.8,998,998,998,99.8,99.8,99.8,333.183183410046,5,3
10989,23,85,1-23-2018-085-04,4,1,2GNALBEK8F62,17,20,404,2015,14,3,14,0,1,B,1,1782,5,0,1,1,1,97,1,0,0,995,0,0,0,43342,1,2,0,1,5,1,2,1,1,1,1,3,2,2,1,8,0,0,9,0,5,3,53,99,1,1,2,D,21,0,0,0,0,0,0,0,0,0,0,220,210,0,0,0,1,5,999,999,999,9999999,999,999,999,6,0,0,0,0,0,0,995,9.8,998,998,998,99.8,99.8,99.8,333.183183410046,5,3
10989,23,85,1-23-2018-085-04,4,2,1FVACWCT65HU,17,82,881,2005,62,8,60,9,1,F,9,,,,,,0,97,1,0,0,995,0,0,0,43227,9,9,2,2,5,1,2,1,1,1,1,3,2,0,1,8,1,2,9,0,1,3,50,99,1,1,2,D,20,,,,,,,,,,,,,,,,,,,,,,,,,,,95,95,95,95,,,9.8,998,998,998,99.8,99.8,99.8,333.183183410046,5,3
10990,52,43,1-52-2018-043-06,6,1,1FUEYDYB2FP2,17,82,898,1985,78,8,78,0,1,L,9,,,,,,0,97,1,0,0,995,0,0,0,59041,9,9,2,4,2,1,2,1,1,1,1,2,0,0,1,1,2,2,9,0,1,2,17,1,1,1,5,L,89,,,,,,,,,,,,,,,,,,,,,,,,,,,95,95,95,95,,,9.8,998,998,998,99.8,99.8,99.8,115.921240533737,12,3
10990,52,43,1-52-2018-043-06,6,2,5TDYK3DCXDS3,17,49,442,2013,20,4,20,0,1,F,1,1965,5,0,1,1,1,80,1,0,0,995,0,0,0,59106,1,2,2,4,2,1,2,1,1,1,1,2,0,0,1,1,1,2,9,0,1,4,66,3,1,1,5,L,88,0,0,0,0,0,0,0,0,0,0,345,270,0,0,0,1,5,999,999,999,9999999,999,999,14,2,0,1,1,0,4,0,995,9.8,998,998,998,99.8,99.8,99.8,115.921240533737,12,3
10991,52,44,1-52-2018-044-09,9,1,5N1ED28Y31C5,17,35,402,2001,14,3,14,0,1,F,1,1784,5,0,1,1,1,105,1,0,0,995,0,0,0,59101,9,9,0,4,2,1,2,1,1,1,1,2,0,0,2,1,0,0,9,0,1,3,52,99,1,1,2,D,28,0,0,0,0,0,0,0,0,0,0,15,20,0,0,0,1,1,24,-24,0,58195,998,-20,28,0,1,0,0,0,0,0,995,9.8,998,998,998,99.8,99.8,99.8,460.810983406943,12,3
10991,52,44,1-52-2018-044-09,9,2,1FACP36X3PK1,17,12,15,1993,4,1,2,0,1,B,2,1176,5,9999,9,1,1,105,1,0,0,995,0,0,0,59101,9,9,0,4,2,1,2,1,1,1,1,2,0,0,2,1,0,0,9,0,2,3,53,99,1,1,2,D,29,0,0,0,0,0,0,0,0,0,0,20,15,0,0,0,1,1,38,37,-7,52610,998,8,33,0,4,2,5,0,6,0,995,9.8,998,998,998,99.8,99.8,99.8,460.810983406943,12,3
10992,52,45,1-52-2018-045-02,2,1,3CZRU6H55GM7,17,37,404,2016,14,3,14,0,1,L,2,1389,5,0,1,1,1,97,1,0,1,9,2,0,0,59106,1,2,2,4,2,1,2,1,1,1,1,2,0,0,1,8,2,2,9,0,1,2,17,11,1,1,5,L,89,0,0,0,0,0,0,0,0,0,0,270,0,0,0,0,1,5,999,999,999,9999999,999,999,38,3,0,3,22,1,3,0,995,9.8,998,998,998,99.8,99.8,99.8,22.6600120614719,12,3
10992,52,45,1-52-2018-045-02,2,2,1XP5D69X4WN4,17,87,884,1998,78,8,78,0,1,F,9,,,,,,0,80,1,0,0,995,0,0,0,59106,9,9,2,4,2,1,2,1,1,1,1,2,0,0,1,8,1,2,9,0,1,4,66,2,2,1,5,L,88,,,,,,,,,,,,,,,,,,,,,,,,,,,95,95,95,95,,,9.8,998,998,998,99.8,99.8,99.8,22.6600120614719,12,3
10993,54,5,1-54-2018-005-03,3,1,3FAHP0HA5AR2,17,12,23,2010,4,1,3,0,1,F,1,1490,5,0,1,1,1,40,1,0,0,995,0,0,0,35581,1,2,2,4,2,1,2,1,1,1,0,2,0,0,1,8,2,2,2,0,1,2,17,1,1,1,5,L,86,0,0,0,0,0,0,0,0,0,0,150,280,0,0,0,1,3,15,-15,3,10516,998,17,13,0,4,0,0,0,6,0,995,9.8,998,998,998,99.8,99.8,99.8,383.64843981895,9,3
10993,54,5,1-54-2018-005-03,3,2,3N1AB7AP7JY3,17,35,43,2018,4,1,3,0,1,R,1,1300,5,9999,9,0,1,56,1,0,0,995,0,0,0,35055,1,2,2,4,2,1,2,1,1,4,1,2,0,0,1,8,0,0,1,0,1,4,66,1,1,1,5,L,87,0,0,0,0,0,0,0,0,0,0,280,150,0,0,0,1,3,17,-13,-11,24397,998,78,19,0,4,0,0,0,6,0,995,9.8,998,998,998,99.8,99.8,99.8,383.64843981895,9,3
10994,77,7,1-77-2018-007-03,3,1,ZACCJBBT0FPB,17,2,408,2015,14,3,14,0,1,F,1,1447,5,0,1,1,1,56,1,0,0,995,0,9,0,45150,9,9,2,1,4,4,2,1,1,1,1,2,0,0,1,1,1,2,1,0,11,4,63,2,1,1,4,J,68,0,0,0,0,0,0,0,0,0,0,285,145,0,0,0,1,3,10,-9,-5,7402,998,-75,9,0,4,1,2,0,4,0,995,9.8,998,998,998,99.8,99.8,99.8,86.3530362590088,9,3
10994,77,7,1-77-2018-007-03,3,2,1HGEJ8247VL0,17,37,31,1997,2,1,2,0,1,F,1,1064,5,9999,9,0,1,56,1,0,1,0,2,9,0,22973,9,9,2,1,4,3,2,1,1,4,1,1,0,0,1,1,1,2,3,0,1,2,17,99,1,1,4,J,69,0,0,0,0,0,0,0,0,0,0,145,285,0,0,0,1,3,15,-14,3,10883,998,32,15,0,4,2,5,0,4,0,995,9.8,998,998,998,99.8,99.8,99.8,86.3530362590088,9,3
10995,32,98,1-32-2018-098-06,6,1,3FAHP0JA2CR3,17,12,23,2012,4,1,3,0,1,L,1,1490,5,0,1,1,1,113,1,0,0,995,0,0,0,75287,2,2,1,2,4,1,1,1,1,1,1,1,0,0,1,1,0,0,1,1,15,2,10,1,1,2,2,F,47,0,0,0,0,0,0,0,0,0,0,270,270,0,0,0,1,8,999,999,999,9999999,999,999,999,6,0,1,1,0,4,0,995,9.8,998,998,998,99.8,99.8,99.8,1168.57432291393,7,3
10995,32,98,1-32-2018-098-06,6,2,4T4BF1FK4CR1,17,49,40,2012,4,1,3,0,1,R,9,1441,5,9999,9,0,0,113,1,0,0,995,0,0,0,76131,9,9,1,2,4,2,1,1,1,1,1,3,0,0,1,1,0,0,9,0,1,4,61,1,1,1,2,F,45,0,0,0,0,0,0,0,0,0,0,270,270,0,0,0,1,0,999,999,999,9999999,999,999,999,9,0,95,95,95,95,0,995,9.8,998,998,998,99.8,99.8,99.8,1168.57432291393,7,3
10996,32,99,1-32-2018-099-09,9,1,1NXBR32E68Z0,17,49,32,2008,4,1,2,0,1,L,2,1279,5,9999,9,0,1,64,1,8,0,995,0,0,0,75227,1,1,2,4,2,1,1,1,1,1,0,0,0,0,1,1,2,2,9,0,11,2,15,99,1,1,4,K,82,0,0,0,0,0,0,0,0,0,0,75,180,0,0,0,1,3,32,-20,24,85108,998,-68,36,0,4,0,0,0,0,0,995,9.8,998,998,998,99.8,99.8,99.8,3855.49486966094,7,3
10996,32,99,1-32-2018-099-09,9,2,1N4AL11D93C1,17,35,47,2003,4,1,4,0,1,F,2,1408,5,0,1,1,1,64,1,0,0,995,0,0,0,75211,2,2,2,1,4,3,2,1,1,4,3,1,0,0,1,1,0,0,9,0,1,4,67,99,1,1,4,K,83,0,0,0,0,0,0,0,0,0,0,180,75,0,0,0,1,3,27,-26,-9,36685,998,-72,22,0,4,1,2,0,4,0,995,9.8,998,998,998,99.8,99.8,99.8,3855.49486966094,7,3
10997,32,100,1-32-2018-100-04,4,1,2B3HD46R7YH2,17,7,41,2000,4,1,4,0,1,F,1,1553,5,9999,9,0,0,97,1,0,0,995,0,0,0,75061,9,9,0,2,3,2,1,1,1,2,3,3,0,0,3,1,0,0,9,0,1,3,51,1,1,1,2,D,24,0,0,0,0,0,0,0,0,0,0,90,90,0,0,0,1,3,22,-22,0,24660,998,0,20,0,4,95,95,95,95,0,995,9.8,998,998,998,99.8,99.8,99.8,2804.32896420036,7,3
10997,32,100,1-32-2018-100-04,4,2,JA32W7FV9FU0,17,52,46,2015,4,1,3,0,1,B,1,1595,5,0,1,1,1,113,1,0,0,995,0,0,0,75062,1,1,0,2,3,2,1,1,1,2,3,3,0,0,3,1,0,0,1,0,1,3,53,1,1,1,2,D,25,0,0,0,0,0,0,0,0,0,0,90,90,0,0,0,1,3,21,21,0,34472,998,24,23,0,4,0,0,0,0,0,995,2.6,120,999,999,0.0,0.0,0.0,2804.32896420036,7,3
10998,66,37,1-66-2018-037-09,9,1,1FTZR45E23PB,17,12,471,2003,34,5,30,0,1,F,1,1625,5,0,1,1,1,89,1,0,0,995,0,7,0,65661,9,9,3,4,2,1,2,1,1,1,1,2,0,0,1,8,0,0,9,1,1,2,13,99,1,4,1,A,1,1,4,2,2,1,4,61,1,1,16,998,998,0,1,0,1,10,999,999,999,9999999,999,28,16,2,0,9,97,0,8,3,998,0.3,119,90,50,47.5,2.0,47.6,471.011858289447,6,3
11000,25,42,1-25-2018-042-03,3,1,2T3RFREV3FW3,17,49,402,2015,14,3,14,0,1,F,1,1615,5,0,1,1,1,48,1,0,0,995,0,0,0,04101,9,9,0,3,2,2,2,1,2,1,3,2,0,0,1,1,0,0,3,0,14,3,52,99,1,1,2,D,28,0,0,0,0,0,0,0,0,0,0,175,140,0,0,0,1,1,20,-19,3,44110,998,36,24,0,4,99,99,0,99,0,995,9.8,998,998,998,99.8,99.8,99.8,87.3352176905196,2,3
11000,25,42,1-25-2018-042-03,3,2,JS3TD0D2XA41,17,53,404,2010,14,3,14,0,1,B,1,1636,5,0,1,1,1,48,1,0,0,995,0,0,0,04085,9,9,0,3,2,2,2,1,2,1,3,2,0,0,1,1,0,0,9,0,11,3,53,99,1,4,2,D,29,0,0,0,0,0,0,0,0,0,0,140,175,0,0,0,1,1,22,21,7,20576,998,-41,17,0,4,1,1,0,6,0,995,9.8,998,998,998,99.8,99.8,99.8,87.3352176905196,2,3
11001,28,49,1-28-2018-049-09,9,1,1GCEK19M3WE1,17,20,481,1998,34,5,31,0,1,F,9,2291,5,2259,2,2,0,80,1,0,0,995,0,0,0,16917,9,9,0,4,2,1,2,1,1,1,1,2,1,0,2,5,0,0,1,1,1,2,10,1,1,2,3,G,50,0,0,0,0,0,0,0,0,0,0,180,0,1,0,0,1,5,999,999,999,9999999,999,999,999,9,0,95,95,95,95,0,995,9.8,998,998,998,99.8,99.8,99.8,562.555597042026,3,3
11001,28,49,1-28-2018-049-09,9,2,3D7KU28D13G7,17,7,482,2003,34,5,31,0,1,F,1,2719,5,544,2,1,1,80,1,0,0,995,0,0,0,16942,1,2,0,4,2,1,2,1,1,1,1,2,1,0,2,5,0,0,1,0,1,3,54,2,1,1,3,G,51,0,0,0,0,0,0,0,0,0,0,0,180,0,0,0,1,5,999,999,999,9999999,999,999,16,2,0,2,5,0,4,0,995,9.8,998,998,998,99.8,99.8,99.8,562.555597042026,3,3
11002,10,50,1-10-2018-050-03,3,1,2G4GP5EX7E91,17,18,19,2014,4,1,3,0,1,F,2,1683,5,0,1,1,1,56,1,0,0,995,0,0,0,45459,9,9,2,4,6,3,2,1,1,1,3,1,0,0,1,8,1,2,1,0,1,3,50,1,1,1,2,D,20,0,0,0,0,0,0,0,0,0,0,280,280,0,0,0,1,3,34,-34,0,51102,998,51,26,0,4,9,97,0,8,0,995,9.8,998,998,998,99.8,99.8,99.8,84.3864735883991,4,3
11002,10,50,1-10-2018-050-03,3,2,1J8FT57W77D1,17,2,1,2007,6,1,2,0,1,B,3,1404,5,9999,9,0,1,56,1,0,0,995,0,0,0,45417,1,9,2,4,6,3,2,1,1,1,3,1,0,0,1,8,1,2,3,0,5,3,53,99,1,1,2,D,21,0,0,0,0,0,0,0,0,0,0,280,280,0,0,0,1,3,41,41,0,134705,998,0,49,0,4,1,2,0,4,0,995,9.8,998,998,998,99.8,99.8,99.8,84.3864735883991,4,3
11002,10,50,1-10-2018-050-03,3,3,JTHCF1D22F50,17,59,35,2015,4,1,4,0,1,B,9,1655,5,9999,9,0,0,56,1,0,0,995,0,0,0,45459,9,9,2,4,6,3,2,1,1,1,3,1,0,0,1,8,1,2,1,0,5,3,53,1,1,1,6,M,98,0,0,0,0,0,0,0,0,0,0,280,280,0,0,0,2,0,999,999,999,9999999,999,999,999,9,0,95,95,95,95,0,995,9.8,998,998,998,99.8,99.8,99.8,84.3864735883991,4,3
11002,10,50,1-10-2018-050-03,3,4,1FMCU0J96GUC,17,12,402,2016,14,3,14,0,1,B,9,1635,5,9999,9,0,0,56,1,0,0,995,0,0,0,45305,9,9,2,4,6,3,2,1,1,1,3,1,0,0,1,8,1,2,1,0,5,3,53,99,1,1,6,M,98,0,0,0,0,0,0,0,0,0,0,280,280,0,0,0,3,0,999,999,999,9999999,999,999,999,9,0,95,95,95,95,0,995,9.8,998,998,998,99.8,99.8,99.8,84.3864735883991,4,3
11003,10,51,1-10-2018-051-03,3,1,1G11D5SL0FF3,17,20,37,2015,4,1,3,0,1,F,9,1625,5,9999,9,0,1,56,1,0,0,995,0,0,0,45402,2,2,2,4,6,4,2,1,1,9,1,2,0,0,1,1,1,2,1,0,11,2,15,1,1,1,4,J,68,0,0,0,0,0,0,0,0,0,0,255,100,0,0,0,1,0,999,999,999,9999999,999,999,999,9,0,1,1,0,4,0,995,9.8,998,998,998,99.8,99.8,99.8,84.3864736117623,4,3
11003,10,51,1-10-2018-051-03,3,2,1GNDS13SX321,17,20,403,2003,14,3,14,0,1,L,9,2015,5,9999,9,0,1,56,1,0,0,995,0,0,0,45401,9,2,2,4,5,1,2,1,1,9,0,1,0,0,1,1,1,2,1,0,1,4,62,9,1,1,4,J,69,0,0,0,0,0,0,0,0,0,0,100,255,0,0,0,1,0,999,999,999,9999999,999,999,999,9,0,0,0,0,0,0,995,9.8,998,998,998,99.8,99.8,99.8,84.3864736117623,4,3
11004,48,5,1-48-2018-005-01,1,1,1MEFM50273A6,17,14,17,2003,4,1,3,0,1,L,3,1505,5,0,1,1,1,105,1,1,1,210,4,9,1,84321,1,2,0,2,2,1,2,1,3,4,1,3,2,3,1,1,0,0,9,1,6,2,12,99,1,4,1,B,6,1,8,2,5,1,1,61,1,2,60,997,997,0,1,0,2,6,999,999,999,9999999,999,999,999,8,0,4,26,1,1,3,997,9.9,999,999,999,99.9,1.8,99.9,146.592903619608,12,3
11005,19,79,1-19-2018-079-02,2,1,1J4G248S8YC2,17,2,404,2000,14,3,14,0,1,F,1,1794,5,9999,9,0,1,72,1,0,0,995,0,0,0,35901,1,2,2,4,5,2,2,1,1,1,3,1,0,0,1,1,1,2,3,0,1,3,50,99,1,1,2,D,20,0,0,0,0,0,0,0,0,0,0,50,40,0,0,0,1,3,11,-11,0,12203,998,0,13,0,4,0,0,0,0,0,995,9.8,998,998,998,99.8,99.8,99.8,51.8887675666557,9,3
11005,19,79,1-19-2018-079-02,2,2,1FMCU0G93HUB,17,12,402,2017,14,3,14,0,1,B,1,1611,5,0,1,1,1,72,1,0,0,995,0,0,0,35905,1,2,2,4,5,2,2,1,1,1,3,1,0,0,1,1,1,2,1,0,5,3,53,1,1,1,2,D,21,0,0,0,0,0,0,0,0,0,0,40,50,0,0,0,1,3,12,12,2,10516,998,-100,10,0,4,1,2,0,4,0,995,9.8,998,998,998,99.8,99.8,99.8,51.8887675666557,9,3
11006,19,80,1-19-2018-080-09,9,1,4T1BG22K31U8,17,49,40,2001,4,1,3,0,1,F,2,1345,5,0,1,1,1,56,1,0,0,995,0,0,0,35954,1,2,0,4,2,1,2,2,3,1,0,0,0,0,1,2,0,0,1,1,14,2,13,2,2,4,1,A,1,0,0,0,0,0,0,0,0,0,0,998,998,0,1,2,4,10,999,999,999,9999999,999,-36,30,3,0,1,1,0,4,0,998,0.0,41,41,120,22.9,6.8,23.9,5651.9726252222,9,3
11007,19,81,1-19-2018-081-09,9,1,1FAFP34N06W1,17,12,37,2006,4,1,2,0,1,F,1,1196,5,0,1,1,1,56,1,0,0,995,0,0,0,35904,1,2,0,4,2,1,2,1,2,4,0,0,0,0,2,1,0,0,3,1,14,2,12,2,1,4,1,B,6,0,0,0,0,0,0,0,0,0,0,998,998,0,1,1,1,1,17,-17,0,15226,998,-22,17,0,1,1,1,0,6,0,998,0.0,120,120,120,8.4,4.3,9.5,5651.9726252222,9,3
11008,59,52,1-59-2018-052-08,8,1,1GNDT13S3622,17,20,403,2006,14,3,14,0,1,F,1,2084,5,9999,9,4,1,48,1,0,0,995,0,0,0,47874,9,9,0,4,2,1,2,1,3,1,0,0,0,0,1,1,0,0,9,0,14,3,50,99,1,1,2,D,20,1,1,2,5,4,1,2,4,2,2,270,270,0,0,0,1,5,999,999,999,9999999,999,999,999,2,0,1,2,0,6,1,995,9.8,998,998,998,99.8,99.8,99.8,286.393725192342,6,3
11008,59,52,1-59-2018-052-08,8,2,1GDM7H1J8WJ5,17,23,881,1998,78,8,78,0,2,B,9,,,,,,,,,,,,,,,,,,,,,,,,,,,,,,,,,,,,,,,,,,,,,,,,,,,,,,,,,,,,,,,,,,,,,,,95,95,95,95,,,,,,,,,,286.393725192342,6,3
11009,31,43,1-31-2018-043-09,9,1,5LMFU27556LJ,17,13,421,2006,15,3,15,0,1,F,1,2650,5,46,1,1,1,89,1,0,0,995,0,0,0,62806,1,2,0,4,2,1,2,1,1,1,1,4,0,0,2,1,0,0,1,0,1,6,87,6,1,1,1,C,13,0,0,0,0,0,0,0,0,0,0,998,998,0,0,0,1,10,999,999,999,9999999,999,27,15,2,0,1,1,0,4,0,998,9.8,998,998,998,99.8,99.8,99.8,1100.55911877439,6,3
11010,16,88,1-16-2018-088-06,6,1,1HGCP2F79CA1,17,37,32,2012,4,1,4,0,1,R,1,1523,5,0,1,1,1,40,1,0,0,995,0,0,0,45238,9,9,2,4,4,2,2,1,1,4,3,2,0,0,1,1,1,2,1,1,11,2,15,99,1,2,4,J,68,0,0,0,0,0,0,0,0,0,0,30,280,0,0,0,1,3,12,-4,-11,14117,998,75,14,0,4,99,99,0,8,0,995,9.8,998,998,998,99.8,99.8,99.8,496.336557192312,5,3
11010,16,88,1-16-2018-088-06,6,2,KNAFE1211652,17,63,33,2006,4,1,2,0,1,F,1,1312,5,9999,9,0,1,40,1,0,0,995,0,0,0,45248,1,2,2,4,4,1,2,1,1,2,0,3,0,0,1,1,1,2,1,0,1,3,55,99,1,1,4,J,69,0,0,0,0,0,0,0,0,0,0,280,30,0,0,0,1,3,13,-13,0,6085,998,0,11,0,4,0,0,0,0,0,995,9.8,998,998,998,99.8,99.8,99.8,496.336557192312,5,3
11011,16,89,1-16-2018-089-09,9,1,1FTZR45E52PA,17,12,471,2002,34,5,30,0,1,L,1,1625,5,0,1,1,1,56,1,0,0,995,0,0,0,45069,1,2,2,2,6,4,2,2,1,1,1,1,0,0,3,2,1,2,1,0,1,3,55,99,1,2,5,L,89,0,0,0,0,0,0,0,0,0,0,130,220,0,0,0,1,3,17,0,17,32199,998,-22,22,0,4,1,1,0,6,0,995,9.8,998,998,998,99.8,99.8,99.8,1492.95594562264,5,3
11011,16,89,1-16-2018-089-09,9,2,JTKDE1779500,17,49,50,2005,3,1,3,0,1,F,1,1318,5,0,2,0,1,56,1,0,0,995,0,0,0,45246,1,1,2,2,5,3,2,2,1,2,3,1,0,0,3,2,1,2,1,0,1,2,17,99,1,2,5,L,88,0,0,0,0,0,0,0,0,0,0,220,130,0,0,0,1,3,21,-21,0,12286,998,0,15,0,4,1,1,0,0,0,995,9.8,998,998,998,99.8,99.8,99.8,1492.95594562264,5,3
11013,17,89,1-17-2018-089-03,3,1,3GNAL2EK9ES5,17,20,405,2014,14,3,14,0,1,F,2,1724,8,0,1,1,1,48,1,9,1,0,2,9,1,61265,1,2,2,4,4,2,2,1,1,1,3,2,0,0,1,1,1,2,1,0,11,2,15,1,1,1,4,J,68,0,0,0,0,0,0,0,0,0,0,240,105,0,0,0,1,1,34,-30,-17,55521,998,-80,24,0,1,2,12,0,3,0,995,9.8,998,998,998,99.8,99.8,99.8,202.223247640222,4,3
11013,17,89,1-17-2018-089-03,3,2,1C4GP44G2YB6,17,6,441,2000,20,4,20,0,1,F,2,1916,5,0,1,1,1,48,1,9,0,995,0,9,0,61265,1,1,2,4,4,1,2,1,1,1,0,3,0,0,1,1,1,2,1,0,1,4,62,4,1,1,4,J,69,0,0,0,0,0,0,0,0,0,0,105,240,0,0,0,1,1,27,-25,9,143611,998,69,35,0,1,2,5,0,3,0,995,9.8,998,998,998,99.8,99.8,99.8,202.223247640222,4,3
11014,17,90,1-17-2018-090-06,6,1,1G1ZC5E0XCF3,17,20,37,2012,4,1,4,0,1,F,1,1551,5,0,1,1,1,64,1,9,0,995,0,9,0,61254,1,2,2,4,2,1,2,1,1,1,1,2,0,0,1,1,1,2,1,0,1,2,17,1,1,1,5,L,86,0,0,0,0,0,0,0,0,0,0,180,270,0,0,0,1,1,13,-12,4,26750,998,77,18,0,1,1,1,0,4,0,995,9.8,998,998,998,99.8,99.8,99.8,268.41215529425,4,3
11014,17,90,1-17-2018-090-06,6,2,1D7HW48N65S1,17,7,472,2005,34,5,31,0,1,R,1,2041,5,0,1,1,1,64,1,9,0,995,0,7,0,61265,1,2,2,4,3,1,2,1,1,1,1,4,0,0,1,1,1,2,1,0,1,2,16,1,1,1,5,L,87,1,3,2,2,1,1,61,1,2,10,270,180,0,0,0,1,1,10,-3,-9,8272,998,215,6,0,1,1,2,0,3,3,995,9.8,998,998,998,99.8,99.8,99.8,268.41215529425,4,3
11015,17,91,1-17-2018-091-03,3,1,1HGCP25358A0,17,37,32,2008,4,1,4,0,1,F,2,1468,5,0,1,1,1,89,1,9,1,0,2,9,0,61265,1,1,2,2,5,3,1,1,1,2,2,1,0,0,1,1,1,2,1,0,11,2,15,2,1,1,4,J,68,0,0,0,0,0,0,0,0,0,0,120,350,0,0,0,1,1,39,-38,-7,143681,998,-57,46,0,1,1,3,0,4,0,995,9.8,998,998,998,99.8,99.8,99.8,202.223247712318,4,3
11015,17,91,1-17-2018-091-03,3,2,5GAEVBKW0JJ1,17,18,421,2018,15,3,15,0,1,L,2,2233,5,0,1,1,1,89,1,9,0,995,0,9,0,61231,1,2,2,2,5,2,1,1,1,4,3,1,0,0,1,1,1,2,1,0,1,4,62,8,1,1,4,J,69,0,0,0,0,0,0,0,0,0,0,350,120,0,0,0,1,1,25,-19,16,15582,998,-15,13,0,1,0,0,0,0,0,995,9.8,998,998,998,99.8,99.8,99.8,202.223247712318,4,3
11015,17,91,1-17-2018-091-03,3,3,JHMGE88209S0,17,37,39,2009,5,1,1,0,1,F,1,1129,5,0,1,2,0,89,1,9,0,995,0,9,0,61265,9,9,2,2,5,2,1,1,1,4,3,1,0,0,1,1,1,2,9,0,1,3,50,99,1,1,6,M,98,0,0,0,0,0,0,0,0,0,0,350,100,0,0,0,2,3,21,-20,-4,9929,998,-13,15,0,1,95,95,95,95,0,995,9.8,998,998,998,99.8,99.8,99.8,202.223247712318,4,3
11016,29,46,1-29-2018-046-04,4,1,2T1BR32E18C9,17,49,32,2008,4,1,2,0,1,B,1,1279,5,9999,9,0,0,89,1,8,0,995,0,7,0,02724,9,9,0,2,3,1,2,6,1,5,1,3,2,3,1,2,0,0,9,0,2,3,52,2,1,1,2,D,29,0,0,0,0,0,0,0,0,0,0,120,115,0,0,0,1,3,20,19,3,21917,998,-43,20,0,4,95,95,95,95,0,995,9.8,998,998,998,99.8,99.8,99.8,1485.44495611819,2,3