CASEID,PSU,CASENO,CASENUMBER,CATEGORY,VEHNO,VIN,VINLENGTH,MAKE,MODEL,MODELYR,BODYTYPE,BODYCAT,VEHCLASS,SPECUSE,TRANSTAT,DAMPLANE,DAMSEV,CURBWT,CURBSRC,CARGOWT,CARGOSRC,INSPTYPE,TOWSTAT,SPEEDLIMIT,DRPRESENT,PARALCOHOL,ALCTEST,ALCTESTRESULT,ALCTESTSRC,PARDRUG,DRUGTEST,ZIP,RACE,ETHNICITY,RELTOJUNCT,TRAFFLOW,RDLANES,INITLANE,SURFTYPE,SURFCOND,ALIGNMENT,PROFILE,LINERIGHT,LINELEFT,RUMBINIT,RUMBROAD,LIGHTCOND,WEATHER,TRAFDEV,TRAFFUNCT,DISTRACT,PREFHE,PREMOVE,CRITCAT,CRITEVENT,MANEUVER,PRESTAB,PRELOC,CRASHCAT,CRASHCONF,CRASHTYPE,ROLLTYPE,ROLLTURN,ROLLINTRPT,ROLLPREMAN,ROLLINITYP,ROLLINLOC,ROLLOBJ,ROLLTRIP,ROLLDIR,ROLLDIST,DVANGTHIS,DVANGOTH,TOWHITCH,TRAJDOC,TREEPOLE,DVEVENT,DVBASIS,DVTOTAL,DVLONG,DVLAT,DVENERGY,DVSPEED,DVMOMENT,DVBES,DVEST,DVCONF,VAIS,VISS,VINJURED,VTREAT,INITOBJCLASS,HEADANGLECAT,SHLDRWIDTH,STRKLENGTH,STRKWIDTH,STRKHEIGHT,EDGEDISTX,EDGEDISTY,EDGEDISTZ,CASEWGT,PSUSTRAT,VERSION
11094,13,88,1-13-2018-088-02,2,3,1GC4KZC82BF1,17,20,481,2011,34,5,31,0,1,L,9,2987,5,9999,9,0,0,72,1,0,0,995,0,0,0,76088,9,9,2,4,4,2,2,1,2,4,1,1,0,0,1,1,0,0,9,0,14,4,60,99,1,1,6,M,98,0,0,0,0,0,0,0,0,0,0,340,330,1,0,0,2,0,999,999,999,9999999,999,999,999,9,0,95,95,95,95,0,995,9.8,998,998,998,99.8,99.8,99.8,88.5124824726957,7,3
11095,22,47,1-22-2018-047-03,3,1,3FADP4AJ6EM1,17,12,32,2014,4,1,1,0,1,B,1,1215,5,0,1,1,1,80,1,8,0,995,0,7,0,83843,1,2,0,4,2,1,2,1,1,1,1,4,0,0,1,1,0,0,3,0,5,3,53,9,1,1,2,D,21,0,0,0,0,0,0,0,0,0,0,250,260,0,0,0,1,1,14,14,-2,10822,998,-3,14,0,4,1,2,0,4,0,995,9.8,998,998,998,99.8,99.8,99.8,83.4205892595514,12,3
11095,22,47,1-22-2018-047-03,3,2,5Y2SL63815Z4,17,22,32,2005,6,1,2,0,1,F,1,1352,5,0,1,2,0,80,1,8,0,995,0,7,0,99111,9,9,0,4,2,1,2,1,1,1,1,4,0,0,1,1,0,0,9,1,1,3,50,8,1,2,2,D,20,0,0,0,0,0,0,0,0,0,0,260,250,0,0,0,1,1,14,-14,5,10845,998,14,14,0,4,95,95,95,95,0,995,9.8,998,998,998,99.8,99.8,99.8,83.4205892595514,12,3
11096,26,92,1-26-2018-092-05,5,1,1B3CC4FB4AN1,17,7,26,2010,4,1,3,0,1,T,2,1542,5,0,1,1,1,113,1,1,1,194,2,0,2,95757,1,1,0,1,2,2,2,1,1,9,3,2,1,3,2,1,0,0,3,1,1,1,6,99,3,4,1,A,2,1,8,2,1,1,2,61,1,2,70,997,997,0,0,0,1,6,999,999,999,9999999,999,999,999,7,0,1,2,0,3,3,997,9.8,998,998,998,99.8,99.8,99.8,98.924579636671,10,3
11097,26,93,1-26-2018-093-06,6,1,3GCEC14X06G1,17,20,481,2006,34,5,30,0,1,F,2,1836,5,50,1,1,1,64,1,0,0,995,0,0,0,92513,9,1,2,1,3,1,2,1,1,1,3,3,0,0,1,1,1,2,9,0,1,2,17,99,1,1,4,K,83,0,0,0,0,0,0,0,0,0,0,345,230,0,0,0,1,1,33,-33,-6,58356,998,-63,25,0,1,1,2,0,4,0,995,9.8,998,998,998,99.8,99.8,99.8,1488.9673625404,10,3
11097,26,93,1-26-2018-093-06,6,2,2C3CCACG6CH2,17,6,51,2012,4,1,5,0,1,L,2,1797,5,0,1,1,1,40,1,0,0,995,0,0,0,95828,9,1,2,4,3,2,2,1,1,1,1,2,0,0,1,1,1,2,9,0,11,4,66,1,1,1,4,K,82,0,0,0,0,0,0,0,0,0,0,230,345,0,0,0,1,1,34,-22,26,129309,998,-17,41,0,1,1,1,0,4,0,995,9.8,998,998,998,99.8,99.8,99.8,1488.9673625404,10,3
11098,26,94,1-26-2018-094-01,1,1,4T1BF28B9YU0,17,49,43,2000,4,1,3,0,1,F,3,1560,5,0,1,1,1,89,1,0,1,0,2,0,1,95693,1,9,0,4,2,1,2,1,1,1,1,2,0,0,1,1,0,0,9,1,1,2,10,99,1,2,3,G,50,0,0,0,0,0,0,0,0,0,0,90,280,0,1,0,1,5,999,999,999,9999999,999,999,93,5,0,3,19,1,1,0,995,1.6,66,110,120,8.1,6.9,10.8,77.6316026360674,10,3
11098,26,94,1-26-2018-094-01,1,2,3HSCSAPN0AN1,17,84,881,2010,66,8,67,0,1,F,9,,,,,,1,89,1,0,0,995,0,0,0,95608,9,9,0,4,2,1,2,1,1,1,1,4,0,0,1,1,0,0,9,0,1,4,62,3,1,1,3,G,51,,,,,,,,,,,,,,,,,,,,,,,,,,,95,95,95,95,,,9.8,998,998,998,99.8,99.8,99.8,77.6316026360674,10,3
11099,15,94,1-15-2018-094-03,3,1,1HGCR2F35HA3,17,37,32,2017,4,1,4,0,1,F,2,1496,5,0,2,4,1,40,1,0,0,995,0,0,0,11003,2,2,2,4,2,1,2,2,2,4,0,0,0,0,3,2,0,0,3,1,14,2,12,1,9,4,1,B,6,0,0,0,0,0,0,0,0,0,0,0,285,0,0,0,2,12,999,999,999,9999999,999,999,999,3,0,0,0,0,0,0,995,0.0,120,8,120,10.3,0.9,10.4,1554.07903737573,1,3
11099,15,94,1-15-2018-094-03,3,2,4T1BD1FK9FU1,17,49,40,2015,4,1,4,1,2,L,2,1577,5,9999,9,4,,,,,,,,,,,,,,,,,,,,,,,,,,,,,,,,,,,,,,,,,,,,,,,,,,,,,,,,,,,,,,,,,,95,95,95,95,,,,,,,,,,1554.07903737573,1,3
11099,15,94,1-15-2018-094-03,3,3,JN1CV6AR4CM6,17,58,37,2012,4,1,4,0,2,R,1,1732,5,9999,9,4,,,,,,,,,,,,,,,,,,,,,,,,,,,,,,,,,,,,,,,,,,,,,,,,,,,,,,,,,,,,,,,,,,95,95,95,95,,,,,,,,,,1554.07903737573,1,3
11099,15,94,1-15-2018-094-03,3,4,19UUA56701A0,17,54,35,2001,4,1,3,0,2,R,1,1570,5,9999,9,4,,,,,,,,,,,,,,,,,,,,,,,,,,,,,,,,,,,,,,,,,,,,,,,,,,,,,,,,,,,,,,,,,,95,95,95,95,,,,,,,,,,1554.07903737573,1,3
11100,18,45,1-18-2018-045-04,4,1,1FMCU9GD9HUA,17,12,402,2017,14,3,14,0,1,F,1,1668,5,0,1,1,1,89,1,0,0,995,0,0,0,54433,1,2,0,4,2,1,2,1,1,1,1,2,0,0,2,1,0,0,1,0,1,6,87,1,1,1,1,C,13,0,0,0,0,0,0,0,0,0,0,998,998,0,0,0,1,10,999,999,999,9999999,999,-16,13,2,0,1,1,0,0,0,998,9.8,998,998,998,99.8,99.8,99.8,705.840873436918,6,3
11101,21,84,1-21-2018-084-01,1,1,JTHBK1GG3F21,17,59,31,2015,4,1,4,0,1,F,3,1610,5,0,1,1,1,89,1,9,1,250,3,9,1,89178,1,2,0,4,2,1,2,1,2,9,1,2,1,3,2,1,0,0,9,1,14,2,10,99,1,2,3,I,64,1,2,2,2,1,4,61,1,2,13,120,310,0,0,0,2,1,79,-79,0,693543,998,0,103,0,1,6,75,1,1,3,995,9.8,998,998,998,99.8,99.8,99.8,62.9731755011949,11,3
11101,21,84,1-21-2018-084-01,1,2,KMHDU46DX8U3,17,55,35,2008,4,1,3,0,1,L,9,1313,5,9999,9,0,0,89,1,0,0,995,0,0,0,93307,9,9,0,4,2,1,2,1,3,9,1,2,1,3,2,1,0,0,9,0,14,4,62,99,1,1,3,I,65,0,0,0,0,0,0,0,0,0,0,310,120,0,0,0,1,0,999,999,999,9999999,999,999,999,9,0,95,95,95,95,0,995,9.8,998,998,998,99.8,99.8,99.8,62.9731755011949,11,3
11101,21,84,1-21-2018-084-01,1,3,JTDKBRFU6H30,17,49,46,2017,5,1,3,0,1,F,3,1390,5,0,1,1,1,89,1,0,1,0,2,0,1,93551,7,2,0,4,2,1,2,1,3,9,1,2,1,3,2,1,0,0,1,0,14,4,62,99,1,1,6,M,98,0,0,0,0,0,0,0,0,0,0,310,120,0,0,0,2,1,75,-74,13,108060,998,-11,39,0,1,5,35,3,3,0,995,9.8,998,998,998,99.8,99.8,99.8,62.9731755011949,11,3
11102,21,85,1-21-2018-085-01,1,1,1GNCS13W9X21,17,20,401,1999,14,3,14,0,1,L,9,1729,5,9999,9,4,1,113,1,0,0,995,0,0,0,90023,9,9,0,1,2,1,2,1,1,9,2,3,2,3,2,1,0,0,9,1,1,2,13,99,9,4,1,A,1,1,13,2,2,1,2,61,1,1,50,997,997,0,1,0,1,6,999,999,999,9999999,999,999,999,9,0,4,16,3,1,3,997,9.8,998,998,998,99.8,99.8,99.8,62.9731755011949,11,3
11103,21,86,1-21-2018-086-02,2,1,5J6RM4H50FL0,17,37,402,2015,14,3,14,0,1,L,3,1586,5,0,2,1,1,89,1,0,0,995,0,0,0,95118,1,2,0,4,2,1,2,1,1,9,1,2,3,3,1,1,0,0,9,0,12,3,53,1,1,7,6,M,98,0,0,0,0,0,0,0,0,0,0,20,90,0,0,0,1,5,999,999,999,9999999,999,999,48,4,0,2,9,0,4,0,995,9.8,998,998,998,99.8,99.8,99.8,38.6657400828502,11,3
11103,21,86,1-21-2018-086-02,2,2,4UZAB2BVX6CX,17,82,850,2006,73,8,78,0,1,F,9,,,,,,1,89,1,0,0,995,0,0,0,89410,9,9,0,4,2,1,2,1,1,9,1,2,3,3,1,1,0,0,1,0,1,4,64,99,1,1,6,M,98,,,,,,,,,,,,,,,,,,,,,,,,,,,95,95,95,95,,,9.8,998,998,998,99.8,99.8,99.8,38.6657400828502,11,3
11103,21,86,1-21-2018-086-02,2,3,3GCUKSECXHG3,17,20,481,2017,34,5,31,0,1,L,1,2394,5,0,2,4,0,89,1,0,0,995,0,0,0,93446,9,9,0,4,2,1,2,1,1,9,1,2,3,3,1,1,0,0,1,0,1,4,62,1,1,1,6,M,98,0,0,0,0,0,0,0,0,0,0,275,15,0,0,0,2,8,999,999,999,9999999,999,999,999,6,0,95,95,95,95,0,995,9.8,998,998,998,99.8,99.8,99.8,38.6657400828502,11,3
11104,32,104,1-32-2018-104-04,4,1,1G11B5SL3EF1,17,20,37,2014,4,1,3,0,1,L,9,1620,5,0,1,6,1,97,1,0,0,995,0,0,0,76137,2,2,1,2,3,1,2,1,1,2,1,3,0,0,1,1,0,0,1,1,15,2,10,7,1,2,2,F,47,0,0,0,0,0,0,0,0,0,0,80,90,0,0,0,1,12,999,999,999,9999999,999,999,999,9,0,0,0,0,0,0,995,9.8,998,998,998,99.8,99.8,99.8,3754.83476796463,7,3
11104,32,104,1-32-2018-104-04,4,2,JTDBT9038913,17,49,51,2009,4,1,2,0,1,L,1,1050,5,0,1,2,0,97,1,0,0,995,0,0,0,75243,9,9,1,2,3,2,2,1,1,2,3,3,0,0,1,1,0,0,9,0,1,4,61,99,1,1,2,F,45,0,0,0,0,0,0,0,0,0,0,80,90,0,0,0,2,3,16,15,5,11689,998,10,17,0,4,95,95,95,95,0,995,0.0,999,999,999,0.0,0.0,0.0,3754.83476796463,7,3
11104,32,104,1-32-2018-104-04,4,3,1GNFC13017R2,17,20,421,2007,15,3,15,0,1,R,1,2469,5,0,1,1,1,97,1,0,0,995,0,0,0,76018,2,9,1,2,3,3,2,1,1,2,3,2,0,0,1,1,0,0,9,0,1,4,61,99,1,1,6,M,98,0,0,0,0,0,0,0,0,0,0,90,80,0,0,0,2,3,7,-6,-1,3431,998,60,5,0,4,0,0,0,0,0,995,0.0,999,999,999,0.0,0.0,0.0,3754.83476796463,7,3
11105,20,102,1-20-2018-102-09,9,1,999999999999,99,12,999,9999,79,8,79,0,1,L,9,,,,,,0,105,1,9,0,995,0,9,0,99999,9,9,0,2,2,1,2,1,1,9,1,3,2,3,3,1,0,0,9,1,15,2,10,99,1,2,2,F,47,,,,,,,,,,,,,,,,,,,,,,,,,,,95,95,95,95,,,9.8,998,998,998,99.8,99.8,99.8,3161.76631885589,11,3
11105,20,102,1-20-2018-102-09,9,2,1YVHP80C365M,17,41,50,2006,4,1,3,0,1,F,3,1387,5,0,1,1,1,105,1,0,0,995,0,0,0,94306,3,2,0,2,2,2,2,1,1,9,3,2,1,3,3,1,0,0,1,0,1,4,61,98,1,1,2,F,45,0,0,0,0,0,0,0,0,0,0,998,998,0,0,0,2,1,40,-39,-7,94517,998,-35,40,0,4,0,0,0,0,0,998,9.9,999,999,999,6.0,6.5,8.9,3161.76631885589,11,3
11106,10,55,1-10-2018-055-03,3,1,KNDJP3A5XJ75,17,63,37,2018,6,1,2,0,1,R,1,1231,9,0,1,1,1,56,1,0,0,995,0,0,0,99999,9,9,2,1,3,1,2,1,1,1,1,1,0,0,1,1,1,2,9,0,1,2,17,99,1,1,5,L,87,0,0,0,0,0,0,0,0,0,0,0,270,0,0,0,1,3,21,-7,-20,31314,998,45,23,0,4,99,99,0,8,0,995,9.8,998,998,998,99.8,99.8,99.8,103.815050975901,4,3
11106,10,55,1-10-2018-055-03,3,2,2G1WW12E9Y93,17,20,36,2000,2,1,4,0,1,F,1,1518,5,0,1,1,1,56,1,0,0,995,0,0,0,45426,9,9,2,4,5,1,2,1,1,1,0,1,0,0,1,1,1,2,9,0,1,4,66,99,1,1,5,L,86,0,0,0,0,0,0,0,0,0,0,270,0,0,0,0,1,3,17,-16,6,11890,998,21,14,0,4,9,97,0,8,0,995,9.8,998,998,998,99.8,99.8,99.8,103.815050975901,4,3
11108,23,89,1-23-2018-089-09,9,1,6MPLT01Z0R86,17,14,3,1994,1,1,1,0,1,F,9,1099,8,9999,9,0,1,89,1,0,0,995,0,0,0,43074,9,9,2,4,2,1,2,1,1,1,0,2,0,0,2,1,2,2,3,1,1,2,14,99,1,4,1,C,14,0,0,0,0,0,0,0,0,0,0,998,998,0,0,0,2,0,999,999,999,9999999,999,999,999,9,0,9,97,0,99,0,998,0.0,8,8,119,1.7,1.7,1.7,1613.70586131475,5,3
11109,24,61,1-24-2018-061-07,7,1,1C4BJWFG6FL5,17,2,403,2015,14,3,14,0,1,B,1,2051,5,0,1,2,0,89,1,0,0,995,0,0,0,08330,9,9,2,4,4,2,2,2,1,2,1,2,0,0,2,1,1,2,9,0,5,3,53,1,1,1,2,D,21,0,0,0,0,0,0,0,0,0,0,310,310,0,0,0,1,1,15,15,0,6982,998,68,8,0,4,95,95,95,95,0,995,9.8,998,998,998,99.8,99.8,99.8,858.332323483819,1,3
11109,24,61,1-24-2018-061-07,7,2,19VDE1F73DE0,17,54,41,2013,4,1,3,0,1,F,1,1356,5,0,1,1,1,80,1,0,0,995,0,0,0,08360,1,2,2,1,4,2,2,2,1,2,1,2,0,0,2,1,1,2,3,0,1,3,50,2,1,1,2,D,20,0,0,0,0,0,0,0,0,0,0,310,310,0,0,0,1,1,21,-21,0,42505,998,42,26,0,4,0,0,0,0,0,995,9.8,998,998,998,99.8,99.8,99.8,858.332323483819,1,3
11110,25,47,1-25-2018-047-04,4,1,1VWBT7A30EC1,17,30,46,2014,4,1,4,0,1,F,2,1458,5,9999,9,4,1,48,1,0,0,995,0,0,0,04222,9,9,2,4,2,1,2,1,1,1,0,2,0,0,1,1,0,0,3,0,11,4,67,99,1,1,4,K,84,0,0,0,0,0,0,0,0,0,0,20,270,0,0,0,1,12,999,999,999,9999999,999,999,999,7,0,0,0,0,0,0,995,9.8,998,998,998,99.8,99.8,99.8,146.760489069364,2,3
11110,25,47,1-25-2018-047-04,4,2,1GNET16S2661,17,20,403,2006,14,3,14,0,1,F,9,2084,5,9999,9,0,0,48,1,0,0,995,0,0,0,04101,9,9,2,4,2,1,2,1,1,1,0,0,0,0,1,1,0,0,3,0,11,2,15,99,1,1,4,K,84,0,0,0,0,0,0,0,0,0,0,270,20,0,0,0,1,0,999,999,999,9999999,999,999,999,9,0,95,95,95,95,0,995,9.8,998,998,998,99.8,99.8,99.8,146.760489069364,2,3
11111,66,40,1-66-2018-040-10,10,1,1FMCU03187KA,17,12,402,2007,14,3,14,99,1,F,1,1540,5,9999,9,0,1,72,1,0,0,995,0,7,0,65605,1,2,0,1,2,1,2,1,1,1,1,2,0,0,1,1,0,0,1,0,1,3,50,2,1,1,2,D,20,0,0,0,0,0,0,0,0,0,0,95,95,0,0,0,1,3,10,-10,0,2494,998,0,6,0,4,0,0,0,0,0,995,9.8,998,998,998,99.8,99.8,99.8,193.514799891217,6,3
11111,66,40,1-66-2018-040-10,10,2,2D4FV47V07H7,17,7,21,2007,6,1,5,0,1,B,1,1750,5,0,1,2,0,72,1,0,0,995,0,7,0,65802,9,9,0,1,2,1,2,1,1,1,1,2,0,0,1,1,0,0,1,0,5,3,53,1,1,1,2,D,21,0,0,0,0,0,0,0,0,0,0,95,95,0,0,0,1,3,9,9,0,8326,998,6,11,0,4,95,95,95,95,0,995,9.8,998,998,998,99.8,99.8,99.8,193.514799891217,6,3
11112,25,48,1-25-2018-048-03,3,1,1GD321C88FF6,17,23,481,2015,40,6,45,0,1,F,1,2869,4,0,1,1,1,40,1,8,0,995,0,7,0,04038,9,9,2,4,2,1,2,1,1,1,0,2,0,0,1,1,2,2,1,0,14,2,17,2,1,1,6,M,98,0,0,0,0,0,0,0,0,0,0,120,350,0,0,0,1,5,999,999,999,9999999,999,999,19,2,0,1,1,0,4,0,995,9.8,998,998,998,99.8,99.8,99.8,34.9832645719238,2,3
11112,25,48,1-25-2018-048-03,3,2,JF1SG67697H7,17,48,401,2007,14,3,14,0,1,F,2,1425,5,0,1,1,1,48,1,8,0,995,0,7,0,04101,1,2,2,4,2,1,2,1,1,1,0,2,0,0,1,1,0,0,1,0,1,4,66,2,1,1,6,M,98,0,0,0,0,0,0,0,0,0,0,350,120,0,0,0,1,5,999,999,999,9999999,999,999,32,3,0,0,0,0,4,0,995,9.8,998,998,998,99.8,99.8,99.8,34.9832645719238,2,3
11113,59,55,1-59-2018-055-08,8,1,1D4GP25R15B3,17,7,442,2005,20,4,20,0,1,F,1,1752,5,0,1,1,1,48,1,0,0,995,0,0,1,47804,9,9,0,4,2,1,2,1,1,1,0,0,0,0,1,1,0,0,3,1,1,2,13,99,1,4,1,C,11,0,0,0,0,0,0,0,0,0,0,90,90,0,0,0,1,3,23,-23,0,28453,998,48,19,0,4,1,1,0,3,0,995,9.8,998,998,998,99.8,99.8,99.8,158.736309979136,6,3
11113,59,55,1-59-2018-055-08,8,2,F37YLU89058,11,12,481,1974,34,5,31,0,2,B,1,9999,9,9999,9,0,,,,,,,,,,,,,,,,,,,,,,,,,,,,,,,,,,,,,,,,,,,,,,,,,,,,,,,,,,,,,,,,,,95,95,95,95,,,,,,,,,,158.736309979136,6,3
11115,16,93,1-16-2018-093-04,4,1,JN8AR05Y7TW0,17,35,401,1996,14,3,14,0,1,F,1,1787,5,0,1,1,1,64,1,0,0,995,0,0,0,45245,9,1,0,5,4,1,2,1,1,1,0,0,0,0,1,8,0,0,1,0,11,2,17,99,1,1,4,K,82,0,0,0,0,0,0,0,0,0,0,180,275,0,0,0,1,1,22,-20,7,76233,998,69,29,0,1,0,0,0,0,0,995,9.8,998,998,998,99.8,99.8,99.8,943.625908943949,5,3
11115,16,93,1-16-2018-093-04,4,2,2HKRW1H88HH5,17,37,402,2017,14,3,14,0,1,R,2,1502,5,0,1,1,1,64,1,0,0,995,0,0,0,45230,1,2,0,5,4,2,2,1,1,1,3,2,0,0,1,8,0,0,1,0,1,4,71,3,1,2,4,K,83,0,0,0,0,0,0,0,0,0,0,275,180,0,0,0,1,1,26,-13,-22,7651,998,-17,11,0,1,0,0,0,7,0,995,9.8,998,998,998,99.8,99.8,99.8,943.625908943949,5,3
11115,16,93,1-16-2018-093-04,4,3,5TDDZRFH5HS4,17,49,403,2017,14,3,14,0,1,L,1,1965,5,9999,9,0,0,56,1,0,0,995,0,0,0,45245,9,9,0,5,4,2,2,1,1,1,3,2,0,0,1,8,0,0,1,0,1,4,62,99,1,1,6,M,98,0,0,0,0,0,0,0,0,0,0,90,270,0,0,0,2,3,7,1,7,3934,998,10,7,0,4,95,95,95,95,0,995,9.8,998,998,998,99.8,99.8,99.8,943.625908943949,5,3
11116,48,7,1-48-2018-007-10,10,1,1GKEK63U04J2,17,23,421,2004,15,3,15,0,1,F,1,2506,5,0,2,1,1,56,1,0,0,995,0,0,0,84302,7,1,0,4,3,1,2,1,1,1,0,2,0,0,1,1,0,0,1,1,1,6,87,8,1,4,1,C,11,0,0,0,0,0,0,0,0,0,0,165,165,0,1,0,1,1,13,-13,0,39640,998,65,18,0,4,1,1,0,0,0,995,9.8,998,998,998,99.8,99.8,99.8,2752.44659505302,12,3
11116,48,7,1-48-2018-007-10,10,2,1GCCS14B0F22,17,20,471,1985,34,5,30,0,2,B,9,1205,5,9999,9,5,,,,,,,,,,,,,,,,,,,,,,,,,,,,,,,,,,,,,,,,,,,,,,,,,,,,,,,,,,,,,,,,,,95,95,95,95,,,,,,,,,,2752.44659505302,12,3
11124,11,22,1-11-2018-022-01,1,1,KMHDN46D45U0,17,55,35,2005,4,1,2,0,1,L,1,1217,5,91,1,1,1,72,1,9,1,0,2,9,1,23832,1,2,0,4,2,1,2,2,1,1,1,1,0,0,1,1,0,0,1,1,1,2,12,99,4,4,1,B,7,0,0,0,0,0,0,0,0,0,0,998,998,0,0,1,1,1,21,-20,7,24826,998,-31,21,0,1,5,35,1,1,0,998,3.0,40,60,110,15.0,3.4,15.6,215.861840313764,8,3
11125,11,23,1-11-2018-023-09,9,1,4T1BG12K3TU8,17,49,40,1996,4,1,2,0,1,F,2,1365,5,0,1,1,1,97,1,0,0,995,0,0,0,23225,9,9,0,2,3,2,2,2,1,1,3,3,0,3,1,2,0,0,1,1,1,6,90,99,2,4,1,B,8,0,0,0,0,0,0,0,0,0,0,998,998,0,0,0,1,1,39,-39,0,83697,998,0,39,0,1,9,97,0,8,0,998,3.5,999,999,999,0.0,0.0,0.0,11247.298126056,8,3
11127,77,11,1-77-2018-011-02,2,1,3N1CN7APXGL9,17,35,50,2016,4,1,2,0,1,F,3,1072,8,0,1,1,1,105,1,0,1,0,2,9,0,99999,1,2,0,2,2,2,2,1,1,2,3,2,1,3,1,1,0,0,1,0,1,3,52,3,1,1,2,D,28,0,0,0,0,0,0,0,0,0,0,255,255,0,0,0,1,3,63,-63,0,105785,998,-13,49,0,4,2,5,0,3,0,995,9.8,998,998,998,99.8,99.8,99.8,191.424290157716,9,3
11127,77,11,1-77-2018-011-02,2,2,1GTDT1366582,17,23,472,2005,34,5,30,0,1,B,2,1815,5,9999,9,0,1,105,1,0,9,998,8,0,9,24477,9,9,0,2,2,2,2,1,1,2,3,2,1,3,1,1,0,0,1,0,2,3,53,99,1,1,2,D,29,0,0,0,0,0,0,0,0,0,0,255,255,0,0,0,1,3,38,38,0,178209,998,0,49,0,4,9,97,0,8,0,995,1.0,999,999,999,99.9,2.9,99.9,191.424290157716,9,3
11128,24,62,1-24-2018-062-07,7,1,2T3BF4DV1CW2,17,49,402,2012,14,3,14,0,1,R,1,1579,5,0,1,1,1,72,1,0,0,995,0,0,0,08330,1,2,2,4,2,1,2,1,1,1,0,2,0,0,1,1,1,2,1,0,1,4,66,2,1,1,5,L,87,0,0,0,0,0,0,0,0,0,0,215,100,0,0,0,1,3,13,-8,-10,13299,998,0,14,0,4,0,0,0,0,0,995,9.8,998,998,998,99.8,99.8,99.8,1733.68124803739,1,3
11128,24,62,1-24-2018-062-07,7,2,1J4GZ58Y0VC6,17,2,404,1997,14,3,14,0,1,F,1,1805,5,9999,9,0,0,72,1,0,0,995,0,0,0,08406,9,9,2,4,3,1,2,1,1,1,1,1,0,0,1,1,1,2,9,0,1,2,17,99,1,1,5,L,86,0,0,0,0,0,0,0,0,0,0,100,215,0,0,0,1,3,12,-12,2,7881,998,37,10,0,4,95,95,95,95,0,995,9.8,998,998,998,99.8,99.8,99.8,1733.68124803739,1,3
11129,24,63,1-24-2018-063-06,6,1,3MEDM0L35AR6,17,14,21,2010,4,1,3,0,1,F,2,1490,8,0,1,1,1,40,1,0,0,995,0,0,0,08232,2,2,2,3,2,1,2,1,1,1,1,3,0,0,1,1,1,2,1,0,1,2,17,1,1,1,5,L,86,0,0,0,0,0,0,0,0,0,0,10,100,0,0,0,1,3,37,-32,18,62999,998,100,27,0,4,0,0,0,4,0,995,9.8,998,998,998,99.8,99.8,99.8,631.509653161372,1,3
11129,24,63,1-24-2018-063-06,6,2,2C8GP44362R5,17,6,441,2002,20,4,20,1,1,R,2,1935,5,0,1,5,1,40,1,0,0,995,0,0,0,08401,2,2,2,3,2,2,2,1,1,1,3,0,0,0,1,1,1,2,1,0,1,4,66,1,1,1,5,L,87,0,0,0,0,0,0,0,0,0,0,100,10,0,0,0,1,3,28,-14,-24,139989,998,89,36,0,4,1,1,0,4,0,995,9.8,998,998,998,99.8,99.8,99.8,631.509653161372,1,3
11129,24,63,1-24-2018-063-06,6,3,2C4RC1BG9DR8,17,6,441,2013,20,4,20,0,2,B,9,2115,5,9999,9,0,,,,,,,,,,,,,,,,,,,,,,,,,,,,,,,,,,,,,,,,,,,,,,,,,,,,,,,,,,,,,,,,,,95,95,95,95,,,,,,,,,,631.509653161372,1,3
11130,59,56,1-59-2018-056-02,2,1,JM3KE2BY4G06,17,41,403,2016,14,3,14,0,1,L,9,1559,5,9999,9,0,0,48,1,0,0,995,0,0,0,47167,9,9,3,4,2,1,2,1,1,1,0,0,0,0,3,5,0,0,9,0,11,2,15,99,1,1,4,K,82,0,0,0,0,0,0,0,0,0,0,350,90,0,0,0,1,0,999,999,999,9999999,999,999,999,9,0,95,95,95,95,0,995,9.8,998,998,998,99.8,99.8,99.8,146.579889663129,6,3
11130,59,56,1-59-2018-056-02,2,2,ML32A3HJ7JH0,17,52,48,2018,5,1,1,0,1,F,1,940,8,0,1,3,1,48,1,0,0,995,0,0,0,47807,2,9,3,4,2,1,2,1,1,1,0,2,0,0,3,5,0,0,9,0,1,4,72,99,1,1,4,K,83,0,0,0,0,0,0,0,0,0,0,90,350,0,0,0,1,12,999,999,999,9999999,999,999,999,1,0,2,5,0,4,0,995,9.8,998,998,998,99.8,99.8,99.8,146.579889663129,6,3
11131,23,90,1-23-2018-090-03,3,1,2GKFLXE32F62,17,23,402,2015,14,3,14,0,1,F,2,1823,5,0,1,1,1,72,1,0,0,995,0,0,0,43334,1,2,2,4,3,2,2,1,1,1,1,2,0,0,1,8,0,0,1,0,1,4,72,2,1,1,4,K,83,0,0,0,0,0,0,0,0,0,0,190,80,0,0,0,1,1,25,-25,0,65172,998,16,30,0,1,9,97,0,6,0,995,9.8,998,998,998,99.8,99.8,99.8,281.811132354453,5,3
11131,23,90,1-23-2018-090-03,3,2,2GKALMEK8D63,17,23,402,2013,14,3,14,0,1,L,2,1748,5,0,1,1,1,0,1,0,0,995,0,0,0,44903,1,2,2,5,3,2,2,1,1,1,0,0,0,0,1,8,9,9,1,0,11,2,15,1,1,1,4,K,82,0,0,0,0,0,0,0,0,0,0,80,190,0,0,0,1,1,26,-9,25,31280,998,-5,21,0,1,1,1,0,0,0,995,9.8,998,998,998,99.8,99.8,99.8,281.811132354453,5,3