CASEID,PSU,CASENO,CASENUMBER,CATEGORY,VEHNO,VIN,VINLENGTH,MAKE,MODEL,MODELYR,BODYTYPE,BODYCAT,VEHCLASS,SPECUSE,TRANSTAT,DAMPLANE,DAMSEV,CURBWT,CURBSRC,CARGOWT,CARGOSRC,INSPTYPE,TOWSTAT,SPEEDLIMIT,DRPRESENT,PARALCOHOL,ALCTEST,ALCTESTRESULT,ALCTESTSRC,PARDRUG,DRUGTEST,ZIP,RACE,ETHNICITY,RELTOJUNCT,TRAFFLOW,RDLANES,INITLANE,SURFTYPE,SURFCOND,ALIGNMENT,PROFILE,LINERIGHT,LINELEFT,RUMBINIT,RUMBROAD,LIGHTCOND,WEATHER,TRAFDEV,TRAFFUNCT,DISTRACT,PREFHE,PREMOVE,CRITCAT,CRITEVENT,MANEUVER,PRESTAB,PRELOC,CRASHCAT,CRASHCONF,CRASHTYPE,ROLLTYPE,ROLLTURN,ROLLINTRPT,ROLLPREMAN,ROLLINITYP,ROLLINLOC,ROLLOBJ,ROLLTRIP,ROLLDIR,ROLLDIST,DVANGTHIS,DVANGOTH,TOWHITCH,TRAJDOC,TREEPOLE,DVEVENT,DVBASIS,DVTOTAL,DVLONG,DVLAT,DVENERGY,DVSPEED,DVMOMENT,DVBES,DVEST,DVCONF,VAIS,VISS,VINJURED,VTREAT,INITOBJCLASS,HEADANGLECAT,SHLDRWIDTH,STRKLENGTH,STRKWIDTH,STRKHEIGHT,EDGEDISTX,EDGEDISTY,EDGEDISTZ,CASEWGT,PSUSTRAT,VERSION
11132,23,91,1-23-2018-091-07,7,1,1GCPCPEX4AZ2,17,20,481,2010,34,5,30,0,1,R,9,2068,5,200,1,5,1,113,1,0,0,995,0,0,0,43201,9,9,0,2,3,2,2,2,1,1,3,3,0,3,1,8,0,0,1,1,1,1,6,99,4,4,1,B,7,0,0,0,0,0,0,0,0,0,0,998,998,0,0,0,1,12,999,999,999,9999999,999,999,999,9,0,0,0,0,0,0,998,4.2,119,10,85,24.0,8.0,26.0,1155.47435700503,5,3
11133,23,92,1-23-2018-092-03,3,1,1GC1KUEG1GF1,17,20,481,2016,34,5,30,4,1,F,1,2918,5,100,1,1,1,72,1,1,1,144,2,1,2,43015,1,2,0,4,3,1,2,1,1,1,1,2,0,0,1,8,0,0,9,1,1,2,13,1,1,4,1,A,1,0,0,0,0,0,0,0,0,0,0,998,998,0,0,0,1,8,999,999,999,9999999,999,999,999,6,0,1,1,0,3,0,998,0.8,30,30,110,5.6,1.0,5.8,281.811132354453,5,3
11134,28,52,1-28-2018-052-08,8,1,1FAFP55S72G1,17,12,17,2002,4,1,3,0,1,L,3,1603,5,0,1,1,1,89,1,0,0,995,0,0,0,16936,1,2,0,4,2,1,4,1,3,4,0,0,0,0,1,1,0,0,9,1,14,1,6,99,3,4,1,A,2,0,0,0,0,0,0,0,0,0,0,998,998,0,0,1,2,1,52,-9,52,206165,998,-39,52,0,1,5,50,1,3,0,998,0.0,5,5,120,3.5,2.4,4.1,132.303635408921,3,3
11135,54,7,1-54-2018-007-03,3,1,5FNRL5H91EB0,17,37,441,2014,20,4,20,0,1,F,1,2067,5,0,1,3,1,105,1,0,0,995,0,0,0,35593,1,2,2,3,4,2,2,1,1,1,1,3,0,0,1,1,0,0,1,0,1,4,66,3,1,2,5,L,88,0,0,0,0,0,0,0,0,0,0,60,0,0,0,0,1,3,6,-5,-4,2625,998,-115,5,0,1,1,1,0,4,0,995,9.8,998,998,998,99.8,99.8,99.8,329.121908526501,9,3
11135,54,7,1-54-2018-007-03,3,2,3C4PDCBG7FT6,17,7,27,2015,6,1,4,0,1,L,1,1834,5,0,1,1,1,40,1,0,0,995,0,0,0,35585,1,1,2,1,2,1,2,1,1,1,1,2,0,0,1,1,2,2,9,0,1,2,17,1,1,1,5,L,89,0,0,0,0,0,0,0,0,0,0,0,60,0,0,0,1,3,7,-1,7,6746,998,53,9,0,4,1,1,0,4,0,995,9.8,998,998,998,99.8,99.8,99.8,329.121908526501,9,3
11136,52,48,1-52-2018-048-10,10,1,1C3EL46U11N7,17,6,43,2001,4,1,3,99,1,F,1,1479,5,9999,9,0,0,56,1,0,9,998,8,0,9,59101,9,9,2,4,3,2,2,1,1,1,1,2,0,0,1,1,1,2,9,0,11,2,15,99,1,1,4,J,68,0,0,0,0,0,0,0,0,0,0,350,190,0,0,0,1,3,12,-12,-2,9018,998,-39,12,0,4,95,95,95,95,0,995,9.8,998,998,998,99.8,99.8,99.8,869.308354994573,12,3
11136,52,48,1-52-2018-048-10,10,2,JF1SF6551XG7,17,48,401,1999,14,3,14,0,1,F,1,1398,5,0,2,1,1,56,1,0,0,995,0,0,0,59101,1,2,2,1,4,2,2,1,1,1,1,1,0,0,1,1,1,2,1,0,1,3,54,8,1,1,4,J,69,0,0,0,0,0,0,0,0,0,0,190,350,0,0,0,1,3,13,-13,2,9898,998,-27,13,0,4,0,0,0,0,0,995,9.8,998,998,998,99.8,99.8,99.8,869.308354994573,12,3
11137,52,49,1-52-2018-049-07,7,1,JH4DC54842C0,17,54,38,2002,3,1,2,0,1,R,2,1197,5,0,1,1,1,56,1,0,0,995,0,0,0,59102,4,2,2,5,5,3,2,1,1,1,2,1,0,0,1,1,1,2,1,0,11,2,15,9,1,1,4,J,68,0,0,0,0,0,0,0,0,0,0,350,260,0,0,0,1,3,36,-12,-34,115571,998,-43,45,0,4,1,2,0,4,0,995,0.0,119,119,119,2.6,5.6,6.0,186.710262000834,12,3
11137,52,49,1-52-2018-049-07,7,2,2HGFB2F51CH3,17,37,31,2012,4,1,3,0,1,F,2,1267,5,0,1,1,1,56,1,0,0,995,0,0,0,59102,1,2,2,5,5,1,2,1,1,1,0,1,0,0,1,1,1,2,1,0,1,4,62,2,1,1,4,J,69,0,0,0,0,0,0,0,0,0,0,260,350,0,0,0,1,3,36,-34,12,44066,998,68,26,0,4,0,0,0,0,0,995,9.8,998,998,998,99.8,99.8,99.8,186.710262000834,12,3
11137,52,49,1-52-2018-049-07,7,3,5GAKVDED0CJ3,17,18,24,2012,6,1,5,0,1,F,1,2261,5,0,2,2,0,56,1,0,0,995,0,0,0,59102,9,9,2,4,4,2,2,1,1,1,1,1,0,0,1,1,1,2,1,0,5,4,66,1,1,1,6,M,98,0,0,0,0,0,0,0,0,0,0,165,80,0,0,0,3,12,999,999,999,9999999,999,999,999,1,0,95,95,95,95,0,995,9.8,998,998,998,99.8,99.8,99.8,186.710262000834,12,3
11138,52,50,1-52-2018-050-09,9,1,1FTWW31P46ED,17,12,481,2006,34,5,31,0,1,L,2,2723,5,0,1,1,1,56,1,1,9,998,8,9,9,59063,9,9,2,1,4,1,2,2,1,4,0,3,0,0,3,2,1,2,9,1,11,1,6,8,3,4,1,A,2,1,1,2,5,1,4,68,1,2,4,997,997,0,0,0,2,6,999,999,999,9999999,999,999,999,7,0,99,99,0,5,3,997,0.0,12,15,11,5.8,4.5,7.4,165.242670285967,12,3
11139,14,46,1-14-2018-046-02,2,1,KMHCT4AE6FU8,17,55,36,2015,4,1,2,0,1,F,2,1155,5,9999,9,1,1,48,1,0,1,0,2,0,1,78026,1,2,2,4,2,1,2,1,1,4,0,0,0,0,1,1,2,2,9,0,1,2,17,99,1,1,5,L,88,0,0,0,0,0,0,0,0,0,0,265,175,0,0,0,1,5,999,999,999,9999999,999,999,28,3,0,2,5,0,3,0,995,9.8,998,998,998,99.8,99.8,99.8,403.291449263774,8,3
11139,14,46,1-14-2018-046-02,2,2,2NP2HM6X2BM1,17,87,884,2011,78,8,78,0,1,L,9,,,,,,1,48,1,0,0,995,0,0,0,78219,9,9,2,4,2,1,2,1,1,1,0,0,0,0,1,1,0,0,9,0,1,4,66,99,1,1,5,L,89,,,,,,,,,,,,,,,,,,,,,,,,,,,95,95,95,95,,,9.8,998,998,998,99.8,99.8,99.8,403.291449263774,8,3
11140,32,105,1-32-2018-105-06,6,1,1GTEC19Z86Z2,17,23,481,2006,34,5,31,0,1,L,1,2159,5,9999,9,0,1,56,1,0,1,0,2,0,0,76106,1,1,0,4,4,1,2,2,1,1,0,3,0,0,1,8,0,0,9,1,6,1,6,99,3,2,3,I,64,0,0,0,0,0,0,0,0,0,0,245,265,0,0,0,2,3,5,-2,5,2222,998,-46,5,0,4,2,5,0,4,0,995,9.8,998,998,998,99.8,99.8,99.8,1194.56242307851,7,3
11140,32,105,1-32-2018-105-06,6,2,1VWAP7A37CC0,17,30,46,2012,4,1,4,0,1,F,2,1436,5,0,1,1,1,56,1,0,1,0,2,0,0,75039,1,1,0,4,4,1,2,2,1,1,0,3,0,0,1,8,0,0,9,0,1,4,62,99,1,1,3,I,65,0,0,0,0,0,0,0,0,0,0,265,160,0,0,0,1,3,38,-35,13,49819,998,70,26,0,4,1,1,0,4,0,995,9.8,998,998,998,99.8,99.8,99.8,1194.56242307851,7,3
11141,32,106,1-32-2018-106-02,2,1,1HGCR2F73HA2,17,37,32,2017,4,1,4,0,1,F,1,1496,5,0,1,1,1,97,1,0,1,0,2,0,1,75028,1,2,0,2,2,2,1,2,1,5,3,2,0,0,2,2,0,0,9,1,1,1,6,99,4,4,1,B,7,0,0,0,0,0,0,0,0,0,0,998,998,0,0,0,1,1,19,-14,12,30723,998,109,18,0,3,4,24,1,3,0,998,9.7,120,999,999,44.3,10.4,46.1,38.2772476831573,7,3
11143,48,8,1-48-2018-008-04,4,1,KNMAT2MV5JP5,17,35,51,2018,6,1,3,0,1,F,9,1610,5,0,2,0,1,89,1,0,0,995,0,0,0,95129,3,2,0,4,2,1,2,1,3,1,1,2,0,0,1,1,0,0,1,1,14,2,10,1,1,2,3,G,50,0,0,0,0,0,0,0,0,0,0,30,210,0,1,0,1,0,999,999,999,9999999,999,999,999,9,0,1,1,0,0,0,995,9.8,998,998,998,99.8,99.8,99.8,285.624461312162,12,3
11143,48,8,1-48-2018-008-04,4,2,SHSRD78463U1,17,37,402,2003,14,3,14,0,1,F,1,1480,5,0,2,1,1,89,1,0,0,995,0,0,0,84050,1,2,0,4,2,1,2,1,2,1,1,2,0,0,1,1,0,0,1,0,14,4,62,1,1,1,3,G,51,0,0,0,0,0,0,0,0,0,0,210,30,0,1,0,1,8,999,999,999,9999999,999,999,999,6,0,0,0,0,0,0,995,9.8,998,998,998,99.8,99.8,99.8,285.624461312162,12,3
11144,25,49,1-25-2018-049-03,3,1,3TMLU42NX9M0,17,49,472,2009,34,5,30,0,1,F,1,1767,5,9999,9,0,0,40,1,0,0,995,0,0,0,04101,9,9,2,4,3,1,2,2,1,1,0,1,0,0,3,8,1,2,9,0,1,2,17,8,1,1,5,L,86,0,0,0,0,0,0,0,0,0,0,70,150,0,0,0,1,3,8,-7,4,6266,998,126,8,0,4,95,95,95,95,0,995,9.8,998,998,998,99.8,99.8,99.8,1027.05278246881,2,3
11144,25,49,1-25-2018-049-03,3,2,JM3KFBCL0H01,17,41,403,2017,14,3,14,0,1,R,1,1629,5,0,1,1,1,40,1,0,0,995,0,0,0,04101,1,2,2,4,2,1,2,2,1,1,0,2,0,0,3,8,1,2,1,0,1,2,17,9,1,1,5,L,87,0,0,0,0,0,0,0,0,0,0,150,70,0,0,0,1,3,8,-3,-7,10326,998,143,8,0,4,0,0,0,0,0,995,9.8,998,998,998,99.8,99.8,99.8,1027.05278246881,2,3
11145,25,50,1-25-2018-050-02,2,1,1GCRCRECXJZ1,17,20,481,2018,34,5,31,0,1,F,9,2269,5,9999,9,4,1,48,1,0,0,995,0,0,0,04092,2,2,2,2,2,1,2,1,1,1,0,2,0,0,1,1,1,2,1,0,1,3,50,99,1,1,2,D,20,0,0,0,0,0,0,0,0,0,0,325,350,0,0,0,1,12,999,999,999,9999999,999,999,999,9,0,1,2,0,4,0,995,9.8,998,998,998,99.8,99.8,99.8,40.5684840205875,2,3
11145,25,50,1-25-2018-050-02,2,2,YV4612NK0G12,17,51,402,2016,14,3,14,0,1,B,9,1880,5,9999,9,4,1,48,1,0,0,995,0,0,0,04043,1,2,2,2,2,1,2,1,1,1,0,2,0,0,1,1,1,2,1,0,10,3,53,9,1,1,2,D,23,0,0,0,0,0,0,0,0,0,0,350,325,0,0,0,1,12,999,999,999,9999999,999,999,999,9,0,1,2,0,6,0,995,9.8,998,998,998,99.8,99.8,99.8,40.5684840205875,2,3
11146,27,47,1-27-2018-047-09,9,1,JNRAS08W34X2,17,58,39,2004,6,1,4,0,1,R,2,1917,5,0,1,1,1,56,1,8,9,998,8,7,9,10604,7,1,0,4,2,1,2,1,1,2,1,2,0,0,1,8,0,0,1,1,1,6,87,4,2,4,1,A,3,1,1,2,2,5,4,31,1,1,17,997,997,0,0,0,4,6,999,999,999,9999999,999,999,999,7,0,1,1,0,4,2,997,0.8,120,60,-45,4.7,1.7,5.1,217.910966849655,3,3
11149,10,57,1-10-2018-057-03,3,1,1FADP3L95HL3,17,12,37,2017,5,1,3,0,1,F,1,1475,5,0,1,1,1,105,1,1,1,166,1,0,0,45036,1,2,0,2,3,3,2,2,1,1,3,1,0,0,3,2,0,0,3,1,1,2,12,9,1,4,1,B,6,0,0,0,0,0,0,0,0,0,0,998,998,0,0,0,1,10,999,999,999,9999999,999,-16,12,2,0,99,99,0,5,0,998,2.3,999,999,999,4.1,1.0,4.2,98.6104714056975,4,3
11150,16,94,1-16-2018-094-09,9,1,1FA6P0H7XE53,17,12,23,2014,4,1,4,0,1,R,1,1554,5,9999,9,0,0,40,1,0,0,995,0,0,0,45233,9,9,0,4,2,1,2,1,1,2,2,0,0,0,1,1,0,0,1,0,11,2,15,99,1,2,4,K,76,0,0,0,0,0,0,0,0,0,0,245,205,0,0,0,1,3,17,11,-13,30999,998,-51,21,0,4,95,95,95,95,0,995,9.8,998,998,998,99.8,99.8,99.8,979.259737005726,5,3
11150,16,94,1-16-2018-094-09,9,2,JHMES26775S0,17,37,31,2005,4,1,2,0,1,F,1,1163,5,0,1,1,1,40,1,0,0,995,0,0,0,45211,1,2,0,4,2,1,2,1,1,2,0,2,0,0,1,1,0,0,1,0,1,4,70,99,1,1,4,K,77,0,0,0,0,0,0,0,0,0,0,205,245,0,0,0,1,3,22,-22,4,12534,998,-10,16,0,4,1,1,0,6,0,995,9.8,998,998,998,99.8,99.8,99.8,979.259737005726,5,3
11151,16,95,1-16-2018-095-07,7,1,1G1ND52M8VY1,17,20,37,1997,4,1,3,0,1,L,1,1384,8,0,1,2,0,56,1,0,0,995,0,0,0,45227,9,9,2,4,6,1,2,2,3,1,0,1,0,0,1,2,1,2,1,0,1,2,17,1,1,2,4,J,71,0,0,0,0,0,0,0,0,0,0,85,125,0,0,0,1,3,5,-4,3,2662,998,-152,5,0,4,95,95,95,95,0,995,9.8,998,998,998,99.8,99.8,99.8,1112.06614945212,5,3
11151,16,95,1-16-2018-095-07,7,2,4M2EN4J82AUJ,17,14,401,2010,14,3,14,0,1,R,1,2100,5,0,1,3,1,56,1,0,0,995,0,0,0,45224,1,2,2,4,6,2,2,2,3,1,1,3,0,0,1,2,1,2,1,0,10,4,61,1,1,1,4,J,70,0,0,0,0,0,0,0,0,0,0,125,85,0,0,0,1,3,3,1,-3,883,998,-10,3,0,4,0,0,0,0,0,995,9.8,998,998,998,99.8,99.8,99.8,1112.06614945212,5,3
11152,16,96,1-16-2018-096-09,9,1,2C3LA53G88H2,17,6,51,2008,4,1,5,0,1,F,1,1706,5,9999,9,0,1,56,1,0,0,995,0,0,0,45211,9,9,2,5,4,2,2,2,1,1,1,2,0,0,1,2,1,2,1,0,11,2,15,99,1,1,4,J,68,0,0,0,0,0,0,0,0,0,0,235,85,0,0,0,1,3,15,-14,-5,18874,998,-80,15,0,4,99,99,0,99,0,995,9.8,998,998,998,99.8,99.8,99.8,979.259737005726,5,3
11152,16,96,1-16-2018-096-09,9,2,1D4GP24373B2,17,7,442,2003,20,4,20,0,1,F,1,1881,5,0,1,1,1,56,1,0,0,995,0,0,0,45211,1,2,2,4,3,2,2,2,1,1,0,2,0,0,1,2,1,2,1,0,1,2,17,1,1,1,4,J,69,0,0,0,0,0,0,0,0,0,0,85,235,0,0,0,1,3,14,-14,2,18334,998,59,14,0,4,1,2,0,4,0,995,9.8,998,998,998,99.8,99.8,99.8,979.259737005726,5,3
11153,29,49,1-29-2018-049-06,6,1,5FNYF4H64CB0,17,37,421,2012,15,3,15,0,1,F,1,2058,5,0,1,1,1,64,1,0,0,995,0,0,0,02764,9,9,1,4,2,1,2,1,1,1,1,2,0,0,1,1,0,0,9,0,1,4,66,99,9,2,5,L,88,0,0,0,0,0,0,0,0,0,0,10,285,0,0,0,1,3,17,-17,-3,13875,998,-39,12,0,4,99,99,0,8,0,995,9.8,998,998,998,99.8,99.8,99.8,201.192118541363,2,3
11153,29,49,1-29-2018-049-06,6,2,2GCEK13Z6612,17,20,481,2006,34,5,31,0,1,L,1,2397,5,9999,9,4,0,64,1,0,0,995,0,0,0,02771,9,9,2,4,2,1,2,1,1,1,0,2,0,0,1,1,2,2,2,0,1,4,66,99,9,2,5,L,89,0,0,0,0,0,0,0,0,0,0,285,10,0,0,0,1,3,17,-3,17,41459,998,-31,21,0,4,95,95,95,95,0,995,9.8,998,998,998,99.8,99.8,99.8,201.192118541363,2,3
11154,29,50,1-29-2018-050-06,6,1,1FMCU0HX4DUD,17,12,402,2013,14,3,14,0,1,F,1,1588,5,0,1,1,1,0,1,8,0,995,0,7,0,02837,9,9,0,3,1,1,2,1,1,1,0,0,0,0,3,1,0,0,9,1,1,2,12,99,9,4,1,B,6,0,0,0,0,0,0,0,0,0,0,998,998,0,0,1,1,1,16,-16,0,16710,998,37,16,0,1,9,97,0,99,0,998,0.0,120,120,120,2.1,2.6,3.1,201.192118548356,2,3
11155,29,51,1-29-2018-051-06,6,1,4T1BE46K59U7,17,49,40,2009,4,1,4,0,1,R,1,1500,5,0,1,1,1,105,1,1,1,140,1,0,0,02739,1,2,0,2,3,3,2,1,1,9,3,2,1,3,2,1,0,0,1,0,1,4,61,1,1,1,2,F,45,0,0,0,0,0,0,0,0,0,0,95,90,0,0,0,1,1,14,-11,-9,19967,998,-15,17,0,4,1,1,0,4,0,995,9.9,120,999,999,0.0,0.0,0.0,201.192118549118,2,3
11155,29,51,1-29-2018-051-06,6,2,2FMDK4KC9ABB,17,12,24,2010,6,1,4,0,1,L,1,1939,5,0,1,1,1,105,1,0,0,995,0,0,9,02878,1,2,0,2,3,2,2,1,1,9,3,3,0,3,2,1,0,0,9,1,15,2,10,99,1,2,2,F,47,0,0,0,0,0,0,0,0,0,0,90,95,0,0,0,1,1,11,7,9,4245,998,-27,7,0,4,1,1,0,6,0,995,9.8,998,998,998,99.8,99.8,99.8,201.192118549118,2,3
11156,19,83,1-19-2018-083-08,8,1,3GNDA23D18S5,17,20,23,2008,6,1,2,0,1,F,1,1431,5,0,1,1,1,89,1,0,0,995,0,0,0,35952,1,2,2,4,2,1,2,1,1,1,1,2,0,0,1,1,0,0,1,1,2,3,50,3,4,2,2,F,48,0,0,0,0,0,0,0,0,0,0,255,95,0,1,0,2,5,999,999,999,9999999,999,999,15,2,0,1,1,0,4,0,995,9.8,998,998,998,99.8,99.8,99.8,274.273231779743,9,3
11156,19,83,1-19-2018-083-08,8,2,1FMEU73887UB,17,12,401,2007,14,3,14,0,1,B,1,2100,5,9999,9,0,0,89,1,0,0,995,0,0,0,36266,9,9,2,4,2,1,2,1,2,1,1,2,0,0,1,1,0,0,9,0,5,3,52,1,1,1,2,F,48,0,0,0,0,0,0,0,0,0,0,265,195,0,1,0,1,3,5,2,5,4722,998,-244,4,0,4,95,95,95,95,0,995,9.8,998,998,998,99.8,99.8,99.8,274.273231779743,9,3
11156,19,83,1-19-2018-083-08,8,3,2GTEK19T7211,17,23,481,2002,34,5,30,0,1,L,1,1787,5,0,1,1,1,89,1,0,0,995,0,0,0,36266,1,2,2,4,2,1,2,1,1,1,1,4,0,0,1,1,0,0,1,0,1,4,62,4,1,1,6,M,98,0,0,0,0,0,0,0,0,0,0,95,255,0,1,0,2,8,999,999,999,9999999,999,999,999,6,0,0,0,0,0,0,995,9.8,998,998,998,99.8,99.8,99.8,274.273231779743,9,3
11157,19,84,1-19-2018-084-07,7,1,2T1BU4EE6DC9,17,49,32,2013,4,1,2,0,1,R,1,1260,5,0,1,1,1,40,1,1,8,997,8,9,0,35901,1,1,2,4,2,1,2,1,1,1,1,2,0,0,1,1,0,0,2,0,11,2,15,1,1,1,4,J,68,0,0,0,0,0,0,0,0,0,0,255,120,0,0,0,1,5,999,999,999,9999999,999,999,17,2,0,0,0,0,0,0,995,9.8,998,998,998,99.8,99.8,99.8,1662.25053943549,9,3
11157,19,84,1-19-2018-084-07,7,2,2FAFP71W26X1,17,12,16,2006,4,1,4,5,1,F,1,1900,5,0,1,1,1,40,1,0,0,995,0,0,0,35901,1,2,2,4,2,1,2,1,1,1,0,2,0,0,1,1,0,0,1,0,1,4,62,2,1,1,4,J,69,0,0,0,0,0,0,0,0,0,0,120,255,0,0,0,1,5,999,999,999,9999999,999,999,13,2,0,0,0,0,0,0,995,9.8,998,998,998,99.8,99.8,99.8,1662.25053943549,9,3
11158,12,48,1-12-2018-048-03,3,1,3HAMMAAL1EL4,17,84,881,2014,64,8,60,0,1,R,9,,,,,,1,72,1,0,0,995,0,0,0,73114,9,9,3,4,5,1,2,1,1,1,0,3,0,0,3,8,0,0,9,0,1,4,71,1,1,1,4,K,83,,,,,,,,,,,,,,,,,,,,,,,,,,,95,95,95,95,,,9.8,998,998,998,99.8,99.8,99.8,326.023805814324,9,3
11158,12,48,1-12-2018-048-03,3,2,1GC1KVCG3EF1,17,20,481,2014,34,5,31,0,1,F,2,2991,5,0,2,1,1,72,1,0,0,995,0,0,0,73085,1,2,3,4,2,1,2,1,1,2,0,0,0,0,3,8,0,0,1,0,11,2,17,1,1,1,4,K,82,0,0,0,0,0,0,0,0,0,0,340,80,0,0,0,1,5,999,999,999,9999999,999,999,31,3,0,0,0,0,0,0,995,9.8,998,998,998,99.8,99.8,99.8,326.023805814324,9,3
11159,12,49,1-12-2018-049-04,4,1,1N4AL3AP3EC2,17,35,47,2014,4,1,4,0,1,B,1,1451,5,0,1,1,1,89,1,0,0,995,0,0,0,73438,1,2,0,1,2,2,1,1,1,1,3,2,0,0,1,1,0,0,9,0,2,4,61,1,1,1,2,D,25,0,0,0,0,0,0,0,0,0,0,270,270,0,0,0,1,5,999,999,999,9999999,999,999,10,2,0,0,0,0,0,0,995,9.8,998,998,998,99.8,99.8,99.8,1015.06241460622,9,3
11159,12,49,1-12-2018-049-04,4,2,3HSDZAPR5KN3,17,84,881,2019,66,8,67,0,1,F,9,,,,,,0,89,1,0,0,995,0,0,0,38127,9,9,0,1,2,1,1,1,1,1,0,3,0,0,1,1,0,0,9,1,1,3,51,99,1,2,2,D,24,,,,,,,,,,,,,,,,,,,,,,,,,,,95,95,95,95,,,9.8,998,998,998,99.8,99.8,99.8,1015.06241460622,9,3
11160,33,70,1-33-2018-070-08,8,1,JA3AJ86E53U0,17,52,46,2003,4,1,2,0,1,L,2,1225,5,0,1,1,1,56,1,0,1,0,2,0,2,95966,1,2,0,4,2,1,2,1,1,4,1,2,0,0,1,1,0,0,3,1,1,2,10,1,1,4,1,B,6,1,8,1,6,5,4,31,1,1,30,997,997,0,0,0,3,6,999,999,999,9999999,999,999,999,7,0,3,17,1,3,2,997,1.8,30,44,120,7.5,7.3,10.6,89.1661983987958,12,3
11161,17,93,1-17-2018-093-04,4,1,MAJ6P1WL8JC1,17,12,24,2018,6,1,1,0,1,L,1,1524,4,0,1,3,1,48,1,9,0,995,0,9,0,61443,9,9,2,4,2,1,1,1,1,1,0,0,0,0,1,1,2,2,2,0,1,2,16,1,1,1,5,L,89,0,0,0,0,0,0,0,0,0,0,270,0,0,0,0,1,3,21,-4,21,47866,998,-31,26,0,4,0,0,0,0,0,995,9.8,998,998,998,99.8,99.8,99.8,1845.42279563994,4,3
11161,17,93,1-17-2018-093-04,4,2,1G2ZH5287541,17,22,22,2005,4,1,4,0,1,F,1,1486,5,0,1,2,0,48,1,9,0,995,0,9,0,61282,9,9,2,4,4,1,1,1,1,1,0,3,0,0,1,1,0,0,9,0,1,3,55,99,1,1,5,L,88,0,0,0,0,0,0,0,0,0,0,0,270,0,0,0,1,3,24,-23,-4,18175,998,-51,17,0,4,95,95,95,95,0,995,9.8,998,998,998,99.8,99.8,99.8,1845.42279563994,4,3
11162,31,46,1-31-2018-046-10,10,1,1GBDM19Z1NB1,17,20,441,1992,20,4,20,0,1,L,1,1777,5,0,1,1,1,89,1,0,0,995,0,0,0,62821,1,2,0,4,2,1,4,8,1,4,0,0,0,0,1,1,0,0,9,1,17,2,12,1,3,4,1,A,2,1,2,2,2,1,3,61,1,2,20,997,997,0,0,0,1,6,999,999,999,9999999,999,999,999,6,0,0,0,0,0,3,997,9.8,998,998,998,99.8,99.8,99.8,4583.83777443933,6,3
11163,15,95,1-15-2018-095-07,7,1,5NPEB4AC7CH3,17,55,33,2012,4,1,4,0,1,F,2,1454,5,9999,9,4,1,56,1,0,0,995,0,0,0,11778,9,9,2,1,5,1,2,1,1,1,1,1,0,0,1,1,1,2,9,0,1,2,17,99,1,1,5,L,86,0,0,0,0,0,0,0,0,0,0,95,185,0,0,0,1,12,999,999,999,9999999,999,999,999,7,0,0,0,0,0,0,995,9.8,998,998,998,99.8,99.8,99.8,391.210968586351,1,3
11163,15,95,1-15-2018-095-07,7,2,KMHDU46D07U2,17,55,35,2007,4,1,3,0,1,R,9,9999,9,9999,9,0,1,48,1,0,0,995,0,0,0,11735,1,1,2,4,3,2,2,1,1,1,1,2,0,0,1,1,1,2,9,0,1,4,66,99,1,1,5,L,87,0,0,0,0,0,0,0,0,0,0,185,95,0,0,0,1,0,999,999,999,9999999,999,999,999,9,0,1,1,0,3,0,995,9.8,998,998,998,99.8,99.8,99.8,391.210968586351,1,3
11163,15,95,1-15-2018-095-07,7,3,2G4WC5828712,17,18,22,2007,4,1,4,0,1,F,9,1589,5,9999,9,6,0,48,1,0,0,995,0,0,0,11735,9,9,2,4,3,2,2,1,1,1,1,2,0,0,1,1,1,2,9,0,1,4,62,99,1,1,6,M,98,0,0,0,0,0,0,0,0,0,0,355,185,0,0,0,2,12,999,999,999,9999999,999,999,999,9,0,95,95,95,95,0,995,9.8,998,998,998,99.8,99.8,99.8,391.210968586351,1,3
11164,15,96,1-15-2018-096-07,7,1,3FA6P0K95DR3,17,12,23,2013,4,1,4,0,1,F,2,1651,5,0,2,4,1,40,1,0,0,995,0,0,0,11003,1,2,0,4,2,1,2,2,1,2,0,0,0,0,1,1,0,0,3,1,1,2,11,1,1,4,1,C,11,0,0,0,0,0,0,0,0,0,0,180,180,0,0,0,1,12,999,999,999,9999999,999,999,999,7,0,0,0,0,0,0,995,9.8,998,998,998,99.8,99.8,99.8,391.210968586351,1,3
11164,15,96,1-15-2018-096-07,7,2,2MEFM75W06X6,17,14,6,2006,4,1,5,0,2,B,2,1857,5,9999,9,4,,,,,,,,,,,,,,,,,,,,,,,,,,,,,,,,,,,,,,,,,,,,,,,,,,,,,,,,,,,,,,,,,,95,95,95,95,,,,,,,,,,391.210968586351,1,3
11164,15,96,1-15-2018-096-07,7,3,JA4AZ3A37EZ0,17,52,47,2014,5,1,3,0,2,B,2,1525,5,9999,9,4,,,,,,,,,,,,,,,,,,,,,,,,,,,,,,,,,,,,,,,,,,,,,,,,,,,,,,,,,,,,,,,,,,95,95,95,95,,,,,,,,,,391.210968586351,1,3