CASEID,PSU,CASENO,CASENUMBER,CATEGORY,VEHNO,VIN,VINLENGTH,MAKE,MODEL,MODELYR,BODYTYPE,BODYCAT,VEHCLASS,SPECUSE,TRANSTAT,DAMPLANE,DAMSEV,CURBWT,CURBSRC,CARGOWT,CARGOSRC,INSPTYPE,TOWSTAT,SPEEDLIMIT,DRPRESENT,PARALCOHOL,ALCTEST,ALCTESTRESULT,ALCTESTSRC,PARDRUG,DRUGTEST,ZIP,RACE,ETHNICITY,RELTOJUNCT,TRAFFLOW,RDLANES,INITLANE,SURFTYPE,SURFCOND,ALIGNMENT,PROFILE,LINERIGHT,LINELEFT,RUMBINIT,RUMBROAD,LIGHTCOND,WEATHER,TRAFDEV,TRAFFUNCT,DISTRACT,PREFHE,PREMOVE,CRITCAT,CRITEVENT,MANEUVER,PRESTAB,PRELOC,CRASHCAT,CRASHCONF,CRASHTYPE,ROLLTYPE,ROLLTURN,ROLLINTRPT,ROLLPREMAN,ROLLINITYP,ROLLINLOC,ROLLOBJ,ROLLTRIP,ROLLDIR,ROLLDIST,DVANGTHIS,DVANGOTH,TOWHITCH,TRAJDOC,TREEPOLE,DVEVENT,DVBASIS,DVTOTAL,DVLONG,DVLAT,DVENERGY,DVSPEED,DVMOMENT,DVBES,DVEST,DVCONF,VAIS,VISS,VINJURED,VTREAT,INITOBJCLASS,HEADANGLECAT,SHLDRWIDTH,STRKLENGTH,STRKWIDTH,STRKHEIGHT,EDGEDISTX,EDGEDISTY,EDGEDISTZ,CASEWGT,PSUSTRAT,VERSION
11165,15,97,1-15-2018-097-03,3,1,JN8AS58V19W4,17,35,51,2009,6,1,3,0,1,F,1,1564,5,0,2,4,1,48,1,0,0,995,0,0,0,11550,1,1,2,4,2,1,2,1,1,1,0,2,0,0,1,1,1,2,1,0,1,2,17,1,1,1,5,L,86,0,0,0,0,0,0,0,0,0,0,270,0,0,0,0,1,3,12,-12,2,8045,998,38,11,0,4,0,0,0,4,0,995,9.8,998,998,998,99.8,99.8,99.8,94.32753262729,1,3
11165,15,97,1-15-2018-097-03,3,2,3CZRU6H52JM7,17,37,404,2018,14,3,14,0,1,R,1,1389,5,0,1,1,1,48,1,0,0,995,0,0,0,11003,9,9,2,5,5,2,2,1,1,1,3,1,0,0,1,1,1,2,9,0,1,4,66,99,1,1,5,L,87,0,0,0,0,0,0,0,0,0,0,0,270,0,0,0,1,3,14,-2,-14,14542,998,-38,15,0,4,0,0,0,4,0,995,9.8,998,998,998,99.8,99.8,99.8,94.32753262729,1,3
11166,13,89,1-13-2018-089-06,6,1,1G2ZG57N5942,17,22,22,2009,4,1,4,0,1,B,9,1507,5,9999,9,0,1,48,1,0,0,995,0,0,0,76126,1,9,0,4,2,1,2,2,3,2,1,2,0,0,5,2,0,0,9,1,14,1,6,99,4,4,1,A,2,0,0,0,0,0,0,0,0,0,0,998,998,0,0,1,1,0,999,999,999,9999999,999,999,999,9,0,99,99,0,0,0,998,0.4,30,30,999,24.5,3.0,24.0,2946.75104126034,7,3
11168,26,96,1-26-2018-096-03,3,1,1FT8W3BT1CEC,17,12,481,2012,34,5,31,0,1,F,1,3166,5,9999,9,0,0,105,1,0,0,995,0,0,0,95762,9,9,0,2,3,2,2,1,1,9,3,3,0,3,1,8,0,0,9,0,1,3,52,99,2,1,2,D,28,0,0,0,0,0,0,0,0,0,0,260,270,0,0,0,1,3,8,-8,-1,14941,998,-52,11,0,4,95,95,95,95,0,995,9.8,998,998,998,99.8,99.8,99.8,312.57116171901,10,3
11168,26,96,1-26-2018-096-03,3,2,ZACCJBAB6HPG,17,2,408,2017,14,3,14,0,1,B,1,1447,5,0,1,1,1,105,1,0,0,995,0,0,0,95667,1,9,0,2,3,2,2,1,1,9,3,3,0,3,1,8,0,0,9,0,2,3,52,99,9,1,2,D,29,0,0,0,0,0,0,0,0,0,0,270,260,0,0,0,1,3,16,16,0,11512,998,69,12,0,4,99,99,0,99,0,995,9.8,998,998,998,99.8,99.8,99.8,312.57116171901,10,3
11169,26,97,1-26-2018-097-06,6,1,1N4AL21E49N4,17,35,47,2009,4,1,4,0,1,L,1,1429,5,0,1,1,1,64,1,0,0,995,0,0,0,95670,1,9,0,1,2,1,2,1,2,1,1,3,0,0,1,1,0,0,3,1,14,2,13,4,3,4,1,A,1,1,4,2,2,1,4,61,1,2,11,998,998,0,1,1,3,1,21,-7,20,80122,998,-213,21,0,4,2,5,0,4,3,998,3.8,30,30,120,23.3,4.7,23.2,366.098100805852,10,3
11170,66,41,1-66-2018-041-03,3,1,2G1125S31E91,17,20,2,2014,4,1,4,0,1,F,2,1754,5,0,1,1,1,56,1,0,0,995,0,7,0,65605,1,2,0,4,2,1,2,1,1,1,1,4,0,0,1,1,0,0,3,0,1,3,50,1,1,1,2,D,20,0,0,0,0,0,0,0,0,0,0,275,275,0,0,0,1,1,30,-30,0,33554,998,0,22,0,3,1,1,0,4,0,995,9.8,998,998,998,99.8,99.8,99.8,418.629790369943,6,3
11170,66,41,1-66-2018-041-03,3,2,1D7HU18298S6,17,7,482,2008,34,5,31,0,1,B,1,2402,5,181,1,1,1,56,1,0,0,995,0,7,0,65616,1,2,0,4,2,1,2,1,1,1,1,4,0,0,1,1,0,0,1,0,5,3,53,1,1,1,2,D,21,0,0,0,0,0,0,0,0,0,0,275,275,0,0,0,1,1,20,20,0,70872,998,0,26,0,1,2,5,0,4,0,995,9.8,998,998,998,99.8,99.8,99.8,418.629790369943,6,3
11170,66,41,1-66-2018-041-03,3,3,2C4GP54L35R4,17,6,441,2005,20,4,20,0,1,B,1,1950,5,0,2,2,0,56,1,0,0,995,0,7,0,65807,9,9,0,4,2,1,2,1,1,1,1,4,0,0,1,1,0,0,1,0,5,3,53,1,1,1,6,M,98,0,0,0,0,0,0,0,0,0,0,275,275,0,0,0,2,1,18,18,0,11784,998,-12,12,0,1,95,95,95,95,0,995,9.8,998,998,998,99.8,99.8,99.8,418.629790369943,6,3
11170,66,41,1-66-2018-041-03,3,4,3GCPKPEAXCG2,17,20,481,2012,34,5,31,0,1,B,9,2397,5,9999,9,0,0,56,1,0,0,995,0,7,0,45230,9,9,0,4,2,1,2,1,1,1,1,4,0,0,1,1,0,0,9,0,5,3,53,1,1,1,6,M,98,0,0,0,0,0,0,0,0,0,0,275,275,0,0,0,3,0,999,999,999,9999999,999,999,999,9,0,95,95,95,95,0,995,9.8,998,998,998,99.8,99.8,99.8,418.629790369943,6,3
11171,18,46,1-18-2018-046-07,7,1,5NMSGDAB6AH4,17,55,401,2010,14,3,14,0,1,L,1,1868,5,0,1,1,1,89,1,0,0,995,0,0,0,54871,1,2,0,4,2,1,2,1,1,1,1,4,0,0,1,1,0,0,1,0,1,6,87,1,1,1,1,C,13,0,0,0,0,0,0,0,0,0,0,998,998,0,0,0,1,10,999,999,999,9999999,999,-86,8,1,0,1,1,0,0,0,998,9.8,998,998,998,99.8,99.8,99.8,299.616876754827,6,3
11172,18,47,1-18-2018-047-07,7,1,2A4RR5D17AR2,17,6,441,2010,20,4,20,0,1,F,1,2044,5,0,1,1,1,89,1,0,0,995,0,0,0,54727,1,2,0,4,2,1,4,1,1,1,0,0,0,0,1,8,0,0,3,1,1,2,13,2,1,4,1,A,1,0,0,0,0,0,0,0,0,0,0,998,998,0,0,0,1,1,12,-12,0,11853,998,0,12,0,1,1,1,0,0,0,998,0.0,81,120,120,92.0,1.2,92.8,299.616876754827,6,3
11174,21,88,1-21-2018-088-01,1,1,4T1BF3EK3BU7,17,49,40,2011,4,1,4,0,1,R,2,1500,5,0,1,1,1,113,1,0,0,995,0,0,0,92683,1,1,0,1,3,2,2,1,1,9,1,3,0,3,2,1,0,0,9,1,1,2,11,99,1,2,2,F,46,1,8,2,5,1,1,61,1,2,33,997,997,0,0,0,2,6,999,999,999,9999999,999,999,999,7,0,3,17,1,1,3,997,3.1,120,999,999,34.8,36.1,48.7,40.7177820491543,11,3
11174,21,88,1-21-2018-088-01,1,2,1XPBA48X2JD4,17,87,881,2018,66,8,67,0,1,L,9,,,,,,0,89,1,0,0,995,0,0,0,89081,9,9,0,1,3,1,2,1,1,9,1,1,0,1,2,1,0,0,9,0,1,4,61,99,1,1,2,F,45,,,,,,,,,,,,,,,,,,,,,,,,,,,95,95,95,95,,,9.8,998,998,998,99.8,99.8,99.8,40.7177820491543,11,3
11175,21,89,1-21-2018-089-01,1,1,JHMGE8H31DC0,17,37,39,2013,5,1,1,0,1,L,2,1163,5,0,1,5,1,89,1,0,1,0,3,0,2,84604,1,9,0,4,2,1,2,1,1,1,2,4,0,0,1,1,0,0,9,1,6,3,54,99,3,6,3,I,64,0,0,0,0,0,0,0,0,0,0,185,300,0,1,0,1,3,39,-25,30,112008,998,33,46,0,1,4,29,1,1,0,995,9.8,998,998,998,99.8,99.8,99.8,40.7177820491543,11,3
11175,21,89,1-21-2018-089-01,1,2,1C3CCCABXGN1,17,6,18,2016,4,1,3,0,1,F,2,1575,5,9999,9,4,1,89,1,0,0,995,0,0,0,89101,2,9,0,4,2,1,2,1,1,1,1,4,0,0,1,1,0,0,9,0,1,4,62,99,1,1,3,I,65,0,0,0,0,0,0,0,0,0,0,300,185,0,1,0,1,3,29,-28,-10,42708,998,-77,22,0,4,1,1,0,4,0,995,9.8,998,998,998,99.8,99.8,99.8,40.7177820491543,11,3
11176,22,48,1-22-2018-048-09,9,1,1FMYU03131KB,17,12,402,2001,14,3,14,0,1,R,2,1510,5,0,1,1,1,40,1,9,0,995,0,7,0,99403,4,2,0,4,2,1,2,1,1,1,0,0,0,0,3,1,0,0,3,1,1,2,13,1,1,4,1,C,11,1,2,2,5,7,1,2,3,2,9,997,997,0,0,0,2,6,999,999,999,9999999,999,999,999,7,0,1,1,0,0,1,997,9.8,998,998,998,99.8,99.8,99.8,110.870007509374,12,3
11176,22,48,1-22-2018-048-09,9,2,1FADP3F2XDL3,17,12,37,2013,4,1,3,0,2,B,9,1340,5,9999,9,0,,,,,,,,,,,,,,,,,,,,,,,,,,,,,,,,,,,,,,,,,,,,,,,,,,,,,,,,,,,,,,,,,,95,95,95,95,,,,,,,,,,110.870007509374,12,3
11177,22,49,1-22-2018-049-07,7,1,1G6DG5EG7A01,17,19,18,2010,4,1,4,0,1,R,1,1868,5,0,1,1,1,40,1,8,0,995,0,7,0,99223,1,2,2,4,2,1,2,1,1,1,0,2,0,0,1,1,2,2,2,0,1,2,17,3,1,1,5,L,87,0,0,0,0,0,0,0,0,0,0,350,265,0,0,0,1,1,9,-2,-9,4498,998,-127,6,0,1,0,0,0,0,0,995,9.8,998,998,998,99.8,99.8,99.8,125.273745023736,12,3
11177,22,49,1-22-2018-049-07,7,2,3D4GH57V29T5,17,7,27,2009,6,1,4,0,1,F,1,1910,5,0,1,1,1,40,1,8,0,995,0,7,0,83501,1,2,2,4,2,1,2,1,1,1,0,4,0,0,1,1,0,0,1,0,1,4,66,1,1,1,5,L,86,0,0,0,0,0,0,0,0,0,0,265,350,0,0,0,1,1,9,-9,2,12444,998,-11,13,0,1,0,0,0,0,0,995,9.8,998,998,998,99.8,99.8,99.8,125.273745023736,12,3
11178,77,12,1-77-2018-012-03,3,1,JTEZU5JR7G51,17,49,401,2016,14,3,14,0,1,F,2,1996,8,9999,9,4,1,89,1,1,0,995,0,0,0,24502,9,9,2,4,2,1,2,1,3,1,1,2,0,0,1,1,0,0,1,0,14,3,50,7,1,1,2,D,20,0,0,0,0,0,0,0,0,0,0,275,280,0,0,0,1,12,999,999,999,9999999,999,999,999,7,0,0,0,0,0,0,995,9.8,998,998,998,99.8,99.8,99.8,268.389473966704,9,3
11178,77,12,1-77-2018-012-03,3,2,1FMCU0HX9DUB,17,12,402,2013,14,3,14,0,1,B,1,1588,5,9999,9,4,0,89,1,0,0,995,0,0,0,99999,9,9,2,4,2,1,2,1,3,1,1,2,0,0,1,1,0,0,1,0,5,3,53,1,1,1,2,D,21,0,0,0,0,0,0,0,0,0,0,280,275,0,0,0,1,12,999,999,999,9999999,999,999,999,6,0,95,95,95,95,0,995,9.8,998,998,998,99.8,99.8,99.8,268.389473966704,9,3
11180,73,12,1-73-2018-012-07,7,1,1FDRE14L52HB,17,12,461,2002,21,4,21,0,1,L,1,2107,5,68,1,1,1,64,1,0,0,995,0,0,0,04976,1,2,0,4,2,1,2,1,1,1,1,2,0,0,1,1,8,2,1,1,1,6,90,1,1,1,6,M,98,0,0,0,0,0,0,0,0,0,0,998,998,0,0,0,1,8,999,999,999,9999999,999,999,999,6,0,0,0,0,0,0,998,9.8,998,998,998,99.8,99.8,99.8,42.7944006331605,3,3
11180,73,12,1-73-2018-012-07,7,2,KMHDH4AE1DU7,17,55,35,2013,4,1,3,0,1,F,1,1265,5,0,1,1,1,64,1,0,0,995,0,0,0,04937,1,2,0,4,2,1,2,1,3,1,1,4,0,0,1,1,8,2,1,0,14,6,90,1,1,1,6,M,98,0,0,0,0,0,0,0,0,0,0,998,998,0,0,0,2,10,999,999,999,9999999,999,-8,18,2,0,1,1,0,4,0,998,9.8,998,998,998,99.8,99.8,99.8,42.7944006331605,3,3
11181,73,13,1-73-2018-013-03,3,1,1GCHK24U82E1,17,20,481,2002,34,5,31,0,1,F,9,2459,5,9999,9,0,1,89,1,0,0,995,0,0,0,04927,9,9,0,4,2,1,2,1,1,1,1,4,1,1,1,1,0,0,9,0,1,3,52,4,1,1,2,D,28,0,0,0,0,0,0,0,0,0,0,10,0,0,0,0,1,0,999,999,999,9999999,999,999,999,9,0,0,0,0,0,0,995,9.8,998,998,998,99.8,99.8,99.8,31.0462576490467,3,3
11181,73,13,1-73-2018-013-03,3,2,2T3RFREV2EW1,17,49,402,2014,14,3,14,0,1,B,9,1615,5,9999,9,0,1,89,1,0,0,995,0,0,0,04922,9,9,0,4,2,1,2,1,1,1,1,4,1,1,1,1,0,0,1,0,2,3,53,1,1,1,2,D,29,0,0,0,0,0,0,0,0,0,0,0,10,0,0,0,1,0,999,999,999,9999999,999,999,999,9,0,1,2,0,4,0,995,9.8,998,998,998,99.8,99.8,99.8,31.0462576490467,3,3
11182,26,98,1-26-2018-098-03,3,1,5YFBURHE5FP1,17,49,32,2015,4,1,3,0,1,F,2,1265,5,9999,9,5,1,40,1,1,8,997,8,0,9,95828,2,9,0,4,2,1,2,1,1,1,0,0,0,0,1,1,0,0,9,0,1,6,90,99,1,1,1,C,12,0,0,0,0,0,0,0,0,0,0,998,998,0,0,0,2,12,999,999,999,9999999,999,999,999,7,0,99,99,0,99,0,998,0.0,120,3,120,2.2,1.0,2.3,312.57116171901,10,3
11184,21,90,1-21-2018-090-03,3,1,2C4GP54L15R2,17,6,441,2005,20,4,20,0,1,F,1,1950,5,0,1,1,1,56,1,0,0,995,0,0,0,92404,9,1,2,4,5,1,2,1,1,1,0,3,0,0,3,1,1,2,1,0,1,4,62,2,1,1,4,J,69,0,0,0,0,0,0,0,0,0,0,90,230,0,0,0,1,3,17,-16,6,31523,998,63,18,0,4,1,1,0,6,0,995,9.8,998,998,998,99.8,99.8,99.8,666.779395215333,11,3
11184,21,90,1-21-2018-090-03,3,2,WBA5A5C53ED5,17,34,35,2014,4,1,5,0,1,F,1,1730,5,9999,9,4,1,56,1,0,0,995,0,0,0,92234,2,2,2,4,5,3,2,1,1,1,1,2,0,0,3,1,1,2,1,0,11,2,15,1,1,1,4,J,68,0,0,0,0,0,0,0,0,0,0,230,90,0,0,0,1,3,20,-19,-7,32623,998,-75,19,0,4,1,1,0,4,0,995,9.8,998,998,998,99.8,99.8,99.8,666.779395215333,11,3
11185,30,58,1-30-2018-058-08,8,1,JALC4J160H70,17,38,999,2017,79,8,79,0,1,F,9,,,,,,1,64,1,0,0,995,0,0,0,85301,9,9,2,1,7,4,2,1,1,1,1,1,0,0,1,8,1,2,3,0,11,2,15,99,1,1,4,J,68,,,,,,,,,,,,,,,,,,,,,,,,,,,95,95,95,95,,,9.8,998,998,998,99.8,99.8,99.8,635.645857910509,10,3
11185,30,58,1-30-2018-058-08,8,2,4T1FA38P05U0,17,49,44,2005,1,1,3,0,1,F,1,1625,5,0,1,1,1,64,1,0,1,0,2,0,0,85374,4,9,2,1,7,2,2,1,1,1,3,3,0,0,1,8,1,2,1,0,1,4,62,99,1,1,4,J,69,0,0,0,0,0,0,0,0,0,0,230,20,0,0,0,1,5,999,999,999,9999999,999,999,999,2,0,2,5,0,3,0,995,9.8,998,998,998,99.8,99.8,99.8,635.645857910509,10,3
11186,20,103,1-20-2018-103-09,9,1,JHMCG6676XC0,17,37,32,1999,4,1,3,0,1,F,1,1370,5,9999,9,1,1,89,1,0,0,995,0,0,0,93960,9,1,0,4,2,1,2,1,2,1,1,2,0,0,2,1,0,0,1,1,14,1,6,1,2,4,1,B,7,0,0,0,0,0,0,0,0,0,0,998,998,0,0,0,1,1,13,-13,0,11564,998,-64,13,0,4,0,0,0,4,0,998,1.5,7,7,115,23.5,3.5,24.4,3654.06061761825,11,3
11187,10,58,1-10-2018-058-07,7,1,2A4RR8D1XAR4,17,6,441,2010,20,4,20,0,1,F,9,2044,5,9999,9,0,1,64,1,0,0,995,0,0,0,45429,9,9,2,4,7,3,2,1,1,1,3,1,0,0,1,1,1,2,2,1,15,2,10,1,1,1,2,F,47,0,0,0,0,0,0,0,0,0,0,170,180,0,0,0,1,0,999,999,999,9999999,999,999,999,9,0,0,0,0,5,0,995,9.8,998,998,998,99.8,99.8,99.8,471.365498830338,4,3
11187,10,58,1-10-2018-058-07,7,2,1D8GT58K67W7,17,7,403,2007,14,3,14,0,1,R,9,1784,5,9999,9,0,0,64,1,0,0,995,0,0,0,45324,9,9,2,4,7,4,2,1,1,1,1,2,0,0,1,1,1,2,1,0,1,4,61,1,1,1,2,F,45,0,0,0,0,0,0,0,0,0,0,180,170,0,0,0,1,0,999,999,999,9999999,999,999,999,9,0,95,95,95,95,0,995,9.8,998,998,998,99.8,99.8,99.8,471.365498830338,4,3
11189,32,108,1-32-2018-108-04,4,1,1D4HB58N95F5,17,7,422,2005,15,3,15,0,1,R,1,2304,5,0,1,1,1,56,1,0,0,995,0,0,0,75216,2,2,2,4,2,1,3,2,1,2,0,0,0,0,1,1,2,2,1,0,11,2,15,2,2,1,4,K,76,0,0,0,0,0,0,0,0,0,0,125,85,0,0,0,1,3,5,2,-5,7670,998,-220,5,0,4,0,0,0,0,0,995,9.8,998,998,998,99.8,99.8,99.8,2866.69485767452,7,3
11189,32,108,1-32-2018-108-04,4,2,JTHB51FF3J50,17,59,32,2018,4,1,5,0,1,L,1,2200,8,0,1,3,1,56,1,0,0,995,0,0,0,75115,3,2,2,1,4,1,2,2,1,1,3,0,0,0,1,1,0,0,1,0,1,4,65,1,1,1,4,K,77,0,0,0,0,0,0,0,0,0,0,85,125,0,0,0,1,3,6,-5,3,4559,998,-84,6,0,4,0,0,0,0,0,995,9.9,20,20,120,0.5,0.5,0.5,2866.69485767452,7,3
11191,11,24,1-11-2018-024-02,2,1,3N1CN7APXHL8,17,35,50,2017,4,1,2,0,1,F,1,1084,8,0,1,1,1,97,1,0,0,995,0,0,0,23224,2,9,0,2,3,1,2,1,1,1,1,3,0,0,1,1,0,0,1,0,1,3,52,1,1,1,2,D,28,0,0,0,0,0,0,0,0,0,0,130,130,0,0,0,1,1,24,-24,0,34347,998,23,27,0,1,1,3,0,4,0,995,9.8,998,998,998,99.8,99.8,99.8,284.640245638559,8,3
11191,11,24,1-11-2018-024-02,2,2,1C3LC46K47N5,17,6,43,2007,4,1,3,0,1,B,1,1501,5,0,1,2,0,97,1,0,0,995,0,0,0,23805,9,9,0,2,3,1,2,1,1,1,1,3,0,0,1,1,0,0,1,0,2,3,53,1,1,1,2,D,29,0,0,0,0,0,0,0,0,0,0,130,130,0,0,0,1,1,18,18,0,10290,998,23,13,0,1,95,95,95,95,0,995,9.8,998,998,998,99.8,99.8,99.8,284.640245638559,8,3
11192,77,13,1-77-2018-013-05,5,1,JTHBF5C21B51,17,59,35,2011,4,1,3,0,1,R,1,1567,5,9999,9,0,1,72,1,0,0,995,0,0,9,22902,9,9,2,1,4,4,2,2,1,4,1,2,0,0,3,2,1,2,9,0,11,2,15,99,1,1,4,J,68,0,0,0,0,0,0,0,0,0,0,155,45,0,0,0,1,3,18,-12,-14,35005,998,70,21,0,4,9,97,0,8,0,995,9.8,998,998,998,99.8,99.8,99.8,105.112986198383,9,3
11192,77,13,1-77-2018-013-05,5,2,1C4BJWDG1CL1,17,2,403,2012,14,3,14,0,1,F,1,1940,5,0,1,1,1,72,1,0,0,995,0,0,9,22911,9,9,2,2,4,3,2,2,1,2,1,1,0,0,3,2,1,2,1,0,1,4,63,2,1,1,4,J,69,0,0,0,0,0,0,0,0,0,0,45,155,0,0,0,1,3,13,-12,4,13234,998,94,10,0,4,1,1,0,4,0,995,9.8,998,998,998,99.8,99.8,99.8,105.112986198383,9,3
11193,77,14,1-77-2018-014-07,7,1,1GCRKSE30BZ3,17,20,481,2011,34,5,31,0,1,L,1,2408,5,0,1,3,1,40,1,0,0,995,0,0,0,22980,9,9,2,4,2,1,2,2,1,2,0,0,0,0,1,2,2,2,1,0,1,1,5,2,2,1,5,L,89,0,0,0,0,0,0,0,0,0,0,285,5,0,0,0,1,3,15,-3,15,53448,998,-31,23,0,4,0,0,0,0,0,995,9.8,998,998,998,99.8,99.8,99.8,12378.6940123597,9,3
11193,77,14,1-77-2018-014-07,7,2,2HGEJ6670XH5,17,37,31,1999,4,1,2,0,1,F,2,1067,5,0,1,1,1,56,1,0,0,995,0,0,0,22902,9,9,2,1,3,2,2,2,3,2,3,1,0,0,1,2,0,0,1,0,14,3,55,2,2,1,5,L,88,0,0,0,0,0,0,0,0,0,0,5,285,0,0,0,1,3,32,-30,-11,26387,998,-65,22,0,4,1,1,0,4,0,995,9.8,998,998,998,99.8,99.8,99.8,12378.6940123597,9,3
11194,24,64,1-24-2018-064-07,7,1,4A3AB36F98E0,17,52,34,2008,4,1,3,0,1,F,2,1520,5,0,1,1,1,89,1,0,0,995,0,0,0,08094,1,1,0,1,2,1,2,2,1,1,1,3,0,1,1,2,0,0,1,0,1,4,62,4,1,1,3,I,65,0,0,0,0,0,0,0,0,0,0,20,50,0,0,0,1,1,27,-25,9,48471,998,2,28,0,4,1,3,0,4,0,995,9.8,998,998,998,99.8,99.8,99.8,3818.2859709119,1,3
11194,24,64,1-24-2018-064-07,7,2,1C3CDFCA6DD3,17,7,29,2013,4,1,3,0,1,R,2,1471,5,0,1,1,1,89,1,0,0,995,0,0,0,08330,9,9,0,1,2,1,2,2,1,1,3,2,3,3,1,2,0,0,9,1,1,2,12,99,4,4,3,I,64,0,0,0,0,0,0,0,0,0,0,50,20,0,0,0,1,1,28,18,-21,48144,998,-49,27,0,4,0,0,0,0,0,995,9.8,998,998,998,99.8,99.8,99.8,3818.2859709119,1,3
11196,54,8,1-54-2018-008-04,4,1,5TFCZ5AN7HX0,17,49,472,2017,34,5,31,0,1,F,2,1984,5,0,2,1,1,56,1,0,0,995,0,0,0,35575,1,2,0,4,2,1,2,1,1,1,1,2,0,0,1,1,0,0,1,1,1,5,81,8,1,4,1,A,3,0,0,0,0,0,0,0,0,0,0,998,998,0,1,1,1,11,999,999,999,9999999,999,999,999,7,0,0,0,0,0,0,998,1.1,30,30,120,20.1,1.9,20.2,788.482793167211,9,3
11197,23,93,1-23-2018-093-02,2,1,JF2SJABC9HH5,17,48,401,2017,14,3,14,0,1,F,1,1498,5,0,1,1,1,89,1,0,0,995,0,0,0,43202,1,2,2,4,2,1,2,1,1,1,1,2,0,0,1,8,0,0,1,0,11,2,15,1,1,1,4,J,68,0,0,0,0,0,0,0,0,0,0,330,205,0,0,0,1,3,20,-18,-10,24185,998,-58,18,0,4,0,0,0,5,0,995,9.8,998,998,998,99.8,99.8,99.8,58.0100435530798,5,3
11197,23,93,1-23-2018-093-02,2,2,3C6RR7KT8HG5,17,7,482,2017,34,5,30,0,1,F,1,2336,5,0,1,1,1,89,1,0,0,995,0,0,0,43011,9,9,2,4,2,1,2,1,1,1,1,2,0,0,1,8,0,0,9,0,1,4,62,4,1,1,4,J,69,0,0,0,0,0,0,0,0,0,0,205,330,0,0,0,1,3,13,-12,4,26961,998,92,15,0,4,9,97,0,5,0,995,0.0,60,20,60,2.6,1.8,3.5,58.0100435530798,5,3
11198,23,94,1-23-2018-094-06,6,1,1FMCU04G59KB,17,12,402,2009,14,3,14,0,1,R,1,1552,8,0,1,5,1,89,1,0,0,995,0,0,0,43015,9,9,0,4,2,1,2,1,1,1,0,4,0,0,2,1,0,0,9,1,1,2,13,3,1,4,1,A,1,0,0,0,0,0,0,0,0,0,0,998,998,0,1,1,2,7,999,999,999,9999999,999,999,999,6,0,99,99,0,5,0,998,0.0,999,999,999,33.0,1.8,32.3,804.519310097461,5,3
11199,23,95,1-23-2018-095-05,5,1,KNDJT2A24A70,17,63,37,2010,6,1,2,0,1,R,2,1315,5,0,1,1,1,89,1,1,1,200,3,1,1,43301,9,9,2,4,2,1,2,1,2,1,1,2,0,0,2,1,0,0,1,1,14,2,12,99,4,4,1,B,7,1,8,2,4,1,4,61,1,1,61,997,997,0,0,0,1,6,999,999,999,9999999,999,999,999,7,0,3,14,1,3,3,997,9.8,998,998,998,99.8,99.8,99.8,50.4532248975682,5,3
11200,32,109,1-32-2018-109-06,6,1,1G4PS5SK2D41,17,18,25,2013,4,1,3,0,1,F,3,1497,5,0,1,1,1,113,1,0,1,43,2,0,2,75241,2,2,1,2,3,2,1,1,1,2,1,3,0,0,3,1,0,0,3,1,1,2,11,99,1,4,1,A,1,0,0,0,0,0,0,0,0,0,0,998,998,0,0,0,1,10,999,999,999,9999999,999,2,50,4,0,2,5,0,3,0,998,7.6,120,999,999,6.8,3.3,7.9,592.562882653015,7,3
11201,32,110,1-32-2018-110-03,3,1,1C3CDFFA9GD8,17,7,29,2016,4,1,3,0,1,F,2,1445,5,0,1,1,1,56,1,0,0,995,0,0,0,76624,1,1,2,1,4,3,1,1,1,4,3,1,0,0,3,1,0,0,9,1,1,2,12,99,1,4,1,B,6,0,0,0,0,0,0,0,0,0,0,998,998,0,0,6,1,10,999,999,999,9999999,999,7,27,3,0,99,99,0,99,0,998,0.0,20,20,120,4.5,0.8,4.6,446.440253161334,7,3
11202,32,111,1-32-2018-111-01,1,1,5YFBURHE6EP1,17,49,32,2014,4,1,3,0,1,F,3,1290,5,0,1,1,1,113,1,0,1,0,2,0,2,75068,1,2,1,1,4,1,1,1,1,2,1,3,0,0,1,1,0,0,9,0,1,3,50,7,1,1,2,D,20,0,0,0,0,0,0,0,0,0,0,350,350,0,0,0,1,1,62,-62,0,170018,998,28,55,0,4,3,14,1,3,0,995,9.8,998,998,998,99.8,99.8,99.8,70.6634909815525,7,3
11202,32,111,1-32-2018-111-01,1,2,1G1AL58F3677,17,20,22,2006,4,1,2,0,1,B,3,1265,5,100,1,1,1,113,1,0,1,265,3,0,1,75254,1,1,1,1,4,1,1,1,1,2,1,3,0,0,1,1,0,0,9,0,7,3,53,1,1,1,2,D,21,0,0,0,0,0,0,0,0,0,0,350,350,0,0,0,1,1,59,59,0,237522,998,22,64,0,4,5,26,1,1,0,995,9.8,998,998,998,99.8,99.8,99.8,70.6634909815525,7,3