CASEID,PSU,CASENO,CASENUMBER,CATEGORY,VEHNO,VIN,VINLENGTH,MAKE,MODEL,MODELYR,BODYTYPE,BODYCAT,VEHCLASS,SPECUSE,TRANSTAT,DAMPLANE,DAMSEV,CURBWT,CURBSRC,CARGOWT,CARGOSRC,INSPTYPE,TOWSTAT,SPEEDLIMIT,DRPRESENT,PARALCOHOL,ALCTEST,ALCTESTRESULT,ALCTESTSRC,PARDRUG,DRUGTEST,ZIP,RACE,ETHNICITY,RELTOJUNCT,TRAFFLOW,RDLANES,INITLANE,SURFTYPE,SURFCOND,ALIGNMENT,PROFILE,LINERIGHT,LINELEFT,RUMBINIT,RUMBROAD,LIGHTCOND,WEATHER,TRAFDEV,TRAFFUNCT,DISTRACT,PREFHE,PREMOVE,CRITCAT,CRITEVENT,MANEUVER,PRESTAB,PRELOC,CRASHCAT,CRASHCONF,CRASHTYPE,ROLLTYPE,ROLLTURN,ROLLINTRPT,ROLLPREMAN,ROLLINITYP,ROLLINLOC,ROLLOBJ,ROLLTRIP,ROLLDIR,ROLLDIST,DVANGTHIS,DVANGOTH,TOWHITCH,TRAJDOC,TREEPOLE,DVEVENT,DVBASIS,DVTOTAL,DVLONG,DVLAT,DVENERGY,DVSPEED,DVMOMENT,DVBES,DVEST,DVCONF,VAIS,VISS,VINJURED,VTREAT,INITOBJCLASS,HEADANGLECAT,SHLDRWIDTH,STRKLENGTH,STRKWIDTH,STRKHEIGHT,EDGEDISTX,EDGEDISTY,EDGEDISTZ,CASEWGT,PSUSTRAT,VERSION
11202,32,111,1-32-2018-111-01,1,3,1FAHP2FW2AG1,17,12,17,2010,4,1,4,0,1,F,2,1918,5,0,1,1,1,113,1,0,0,995,0,0,0,75154,1,1,1,1,4,3,1,1,1,2,3,3,0,0,1,1,0,0,9,0,1,3,50,3,1,1,6,M,98,0,0,0,0,0,0,0,0,0,0,355,345,0,0,0,4,12,999,999,999,9999999,999,999,999,3,0,0,0,0,0,0,995,9.8,998,998,998,99.8,99.8,99.8,70.6634909815525,7,3
11202,32,111,1-32-2018-111-01,1,4,JTDKN3DU9C15,17,49,46,2012,5,1,4,0,1,L,1,1485,5,0,1,1,1,113,1,0,0,995,0,0,0,75061,3,2,1,1,4,3,1,1,1,4,3,3,0,0,1,1,0,0,1,0,1,4,62,4,1,1,6,M,98,0,0,0,0,0,0,0,0,0,0,185,300,0,0,0,5,12,999,999,999,9999999,999,999,999,2,0,99,99,0,6,0,995,9.8,998,998,998,99.8,99.8,99.8,70.6634909815525,7,3
11203,12,50,1-12-2018-050-03,3,1,2C4RDGBG0GR3,17,7,442,2016,20,4,20,0,1,F,1,2050,5,0,1,1,1,64,1,0,0,995,0,0,0,73401,1,2,2,1,3,1,2,1,1,1,1,1,0,0,2,1,1,2,1,0,1,2,17,9,1,1,5,L,86,0,0,0,0,0,0,0,0,0,0,170,265,0,0,0,1,3,22,-19,11,17698,998,94,12,0,4,1,2,0,4,0,995,9.8,998,998,998,99.8,99.8,99.8,352.308899852058,9,3
11203,12,50,1-12-2018-050-03,3,2,2G2FV22P4S22,17,22,9,1995,3,1,2,0,1,R,2,1557,5,0,1,1,1,64,1,0,0,995,0,0,0,77340,5,2,2,1,3,1,2,1,1,1,0,1,0,0,2,1,1,2,1,0,1,4,66,1,1,1,5,L,87,0,0,0,0,0,0,0,0,0,0,265,170,0,0,0,1,3,27,-13,-23,86436,998,4,35,0,4,2,5,0,4,0,995,9.8,998,998,998,99.8,99.8,99.8,352.308899852058,9,3
11204,28,53,1-28-2018-053-04,4,1,5N1AT2MV5HC8,17,35,51,2017,6,1,3,0,1,F,1,1610,5,0,1,1,1,89,1,0,0,995,0,0,0,16901,1,2,0,4,2,1,2,1,1,1,1,2,3,3,1,1,0,0,1,0,1,6,87,1,1,1,1,C,13,0,0,0,0,0,0,0,0,0,0,998,998,0,0,0,1,10,999,999,999,9999999,999,-38,12,2,0,0,0,0,0,0,998,9.8,998,998,998,99.8,99.8,99.8,131.327706915468,3,3
11206,25,51,1-25-2018-051-09,9,1,3GSCL33P18S6,17,24,401,2008,14,3,14,0,1,F,1,1735,5,0,1,1,1,97,1,1,8,997,8,0,0,04103,9,9,0,1,2,1,2,1,1,1,1,3,0,0,1,1,0,0,1,1,1,2,12,99,1,4,1,B,6,0,0,0,0,0,0,0,0,0,0,998,998,0,0,9,1,11,999,999,999,9999999,999,999,999,6,0,0,0,0,4,0,998,9.9,999,999,999,99.9,99.9,99.9,2161.05275328343,2,3
11207,25,52,1-25-2018-052-05,5,1,1C3CDZAB5CN1,17,7,26,2012,4,1,3,0,1,F,1,1636,5,0,1,1,1,56,1,8,0,995,0,7,0,04864,9,9,0,4,4,2,2,1,1,1,3,2,0,0,1,1,0,0,1,0,1,3,52,99,1,1,2,D,28,0,0,0,0,0,0,0,0,0,0,275,275,0,0,0,1,3,13,-13,0,12457,998,20,13,0,4,1,2,0,4,0,995,9.8,998,998,998,99.8,99.8,99.8,34.5557389210398,2,3
11207,25,52,1-25-2018-052-05,5,2,1FTNE1ZM9FKA,17,12,462,2015,21,4,21,0,1,B,1,2268,5,9999,9,0,0,56,1,8,0,995,0,7,0,04989,9,9,0,4,4,2,2,1,1,1,3,2,0,0,1,1,0,0,1,0,2,3,53,2,1,1,2,D,29,0,0,0,0,0,0,0,0,0,0,275,275,0,0,0,1,3,11,11,0,9415,998,0,10,0,4,95,95,95,95,0,995,9.8,998,998,998,99.8,99.8,99.8,34.5557389210398,2,3
11207,25,52,1-25-2018-052-05,5,3,2GNFLNEK7D63,17,20,404,2013,14,3,14,0,1,B,9,1778,5,9999,9,4,0,56,1,8,0,995,0,7,0,04530,9,9,0,4,4,2,2,1,1,1,3,2,0,0,1,1,0,0,1,0,5,3,53,1,1,1,6,M,98,0,0,0,0,0,0,0,0,0,0,275,275,0,0,0,2,12,999,999,999,9999999,999,999,999,9,0,95,95,95,95,0,995,9.8,998,998,998,99.8,99.8,99.8,34.5557389210398,2,3
11208,25,53,1-25-2018-053-03,3,1,4S3GTAB61H37,17,48,38,2017,5,1,3,0,1,F,9,1382,5,9999,9,4,1,56,1,8,0,995,0,7,0,04011,9,9,0,4,2,1,2,1,1,1,0,2,0,0,1,1,0,0,1,1,1,2,13,99,1,4,1,A,1,0,0,0,0,0,0,0,0,0,0,998,998,0,0,1,1,12,999,999,999,9999999,999,999,999,9,0,1,1,0,4,0,998,0.0,45,45,120,31.5,2.6,32.6,531.346000477659,2,3
11210,52,51,1-52-2018-051-07,7,1,1FT7W2B60CEB,17,12,481,2012,34,5,31,0,1,F,1,3099,5,68,1,1,1,72,1,0,0,995,0,0,0,59105,9,9,0,1,5,1,2,1,1,1,1,3,0,0,1,1,0,0,9,0,1,3,50,1,1,1,2,D,20,0,0,0,0,0,0,0,0,0,0,275,275,0,0,0,1,3,16,-16,3,54031,998,75,19,0,4,0,0,0,0,0,995,9.8,998,998,998,99.8,99.8,99.8,447.259756153993,12,3
11210,52,51,1-52-2018-051-07,7,2,2C4RDGEG9GR3,17,7,442,2016,20,4,20,99,1,B,2,2050,5,9999,9,0,0,72,1,0,0,995,0,0,0,59211,9,9,0,1,5,1,2,1,1,1,1,3,0,0,1,1,0,0,1,0,5,3,53,1,1,1,2,D,21,0,0,0,0,0,0,0,0,0,0,275,275,0,0,0,1,3,26,25,-4,41629,998,48,22,0,4,95,95,95,95,0,995,9.8,998,998,998,99.8,99.8,99.8,447.259756153993,12,3
11210,52,51,1-52-2018-051-07,7,3,2FMPK4J97HBC,17,12,24,2017,6,1,4,99,1,B,9,1841,5,9999,9,0,0,72,1,0,0,995,0,0,0,82431,9,9,0,1,5,1,2,1,1,1,1,3,0,0,1,1,0,0,9,0,5,3,53,1,1,1,6,M,98,0,0,0,0,0,0,0,0,0,0,275,275,0,0,0,2,0,999,999,999,9999999,999,999,999,9,0,95,95,95,95,0,995,9.8,998,998,998,99.8,99.8,99.8,447.259756153993,12,3
11210,52,51,1-52-2018-051-07,7,4,1FMDU34X4PUD,17,12,401,1993,14,3,14,0,1,B,1,1842,5,0,1,2,0,72,1,0,0,995,0,0,0,59105,9,9,0,1,5,1,2,1,1,1,1,3,0,0,1,1,0,0,1,0,5,3,53,1,1,1,6,M,98,0,0,0,0,0,0,0,0,0,0,275,275,0,0,0,3,3,11,11,0,9333,998,75,10,0,4,95,95,95,95,0,995,9.8,998,998,998,99.8,99.8,99.8,447.259756153993,12,3
11211,52,52,1-52-2018-052-10,10,1,1FMYU93175KB,17,12,402,2005,14,3,14,0,1,L,1,1496,5,0,1,1,1,56,1,0,0,995,0,0,0,59102,1,2,0,5,5,1,2,1,1,1,0,3,0,0,3,1,0,0,2,1,15,2,10,1,1,2,2,F,47,0,0,0,0,0,0,0,0,0,0,250,260,0,0,0,1,1,10,2,10,11095,998,-135,9,0,1,0,0,0,0,0,995,9.8,998,998,998,99.8,99.8,99.8,2082.40639111612,12,3
11211,52,52,1-52-2018-052-10,10,2,JN1DA31A62T3,17,35,39,2002,4,1,3,0,1,R,1,1459,5,0,2,1,1,56,1,0,0,995,0,0,0,59101,1,1,0,5,5,2,2,1,1,1,3,2,0,0,3,1,0,0,3,0,1,4,61,1,1,1,2,F,45,0,0,0,0,0,0,0,0,0,0,260,250,0,0,0,1,1,10,-3,-10,10712,998,-102,11,0,1,0,0,0,0,0,995,9.8,998,998,998,99.8,99.8,99.8,2082.40639111612,12,3
11212,73,14,1-73-2018-014-07,7,1,1C3CDZAG6DN7,17,7,26,2013,4,1,3,0,1,R,9,1636,5,9999,9,5,1,56,1,0,0,995,0,0,0,04963,9,9,2,4,2,1,2,1,3,1,1,2,0,0,1,1,0,0,1,0,13,2,20,1,1,7,6,M,92,0,0,0,0,0,0,0,0,0,0,340,290,0,0,0,1,12,999,999,999,9999999,999,999,999,9,0,0,0,0,0,0,995,9.8,998,998,998,99.8,99.8,99.8,709.393053012322,3,3
11212,73,14,1-73-2018-014-07,7,2,4T1BF1FK2EU3,17,49,40,2014,4,1,3,0,1,F,9,1441,5,0,1,6,0,64,1,0,0,995,0,0,0,04937,9,9,2,4,2,1,2,1,1,1,0,0,0,0,1,1,2,2,1,1,5,3,54,1,1,1,6,M,93,0,0,0,0,0,0,0,0,0,0,290,340,0,0,0,1,12,999,999,999,9999999,999,999,999,9,0,95,95,95,95,0,995,9.8,998,998,998,99.8,99.8,99.8,709.393053012322,3,3
11213,10,59,1-10-2018-059-01,1,1,1N4AA6APXHC4,17,35,39,2017,4,1,4,0,1,B,2,1627,5,0,1,5,1,56,1,0,0,995,0,0,0,45417,9,9,0,1,4,2,2,1,1,1,3,0,0,0,3,1,0,0,1,1,1,1,6,99,1,4,1,A,2,0,0,0,0,0,0,0,0,0,0,998,998,0,0,0,7,12,999,999,999,9999999,999,999,999,7,0,9,97,0,1,0,998,0.0,999,999,999,2.0,1.0,2.0,25.5060855945903,4,3
11214,10,60,1-10-2018-060-02,2,1,1G11C5SL0FF2,17,20,37,2015,4,1,3,0,1,L,1,1625,5,0,2,0,1,999,1,0,0,995,0,0,0,45414,1,2,2,4,2,1,2,1,1,1,1,2,0,0,1,1,2,2,9,0,10,2,16,9,1,1,4,K,78,0,0,0,0,0,0,0,0,0,0,320,0,0,0,0,1,3,22,11,19,41889,998,23,25,0,4,3,14,1,3,0,995,9.8,998,998,998,99.8,99.8,99.8,22.6412120053861,4,3
11214,10,60,1-10-2018-060-02,2,2,JTHBN36FX550,17,59,32,2005,4,1,5,0,1,F,1,1810,5,0,1,5,1,999,1,0,0,995,0,0,0,45377,1,2,2,4,2,1,2,1,2,1,1,2,0,0,1,1,0,0,9,0,14,4,65,1,1,1,4,K,79,0,0,0,0,0,0,0,0,0,0,0,320,0,0,0,1,3,19,-18,-7,17981,998,-23,15,0,4,1,1,0,0,0,995,9.8,998,998,998,99.8,99.8,99.8,22.6412120053861,4,3
11215,10,61,1-10-2018-061-03,3,1,3N1CN7APXEL8,17,35,50,2014,4,1,2,0,1,F,2,1132,5,0,1,5,1,56,1,0,9,998,8,0,9,45410,9,9,2,1,4,3,2,1,1,9,3,1,0,0,1,1,1,2,9,0,1,2,17,99,1,1,5,L,86,0,0,0,0,0,0,0,0,0,0,95,185,0,0,0,1,1,29,-25,14,75145,998,51,38,0,4,9,97,0,8,0,995,9.8,998,998,998,99.8,99.8,99.8,137.45342058545,4,3
11215,10,61,1-10-2018-061-03,3,2,KNAFZ4A88G55,17,63,38,2016,4,1,3,0,1,R,2,1318,5,0,1,5,1,40,1,0,9,998,8,7,9,45459,9,9,2,4,3,1,2,1,1,9,0,1,0,0,1,1,1,2,9,0,1,4,66,99,1,1,5,L,87,0,0,0,0,0,0,0,0,0,0,185,95,0,0,0,1,1,25,-12,-22,4500,998,43,9,0,4,9,97,0,8,0,995,9.8,998,998,998,99.8,99.8,99.8,137.45342058545,4,3
11215,10,61,1-10-2018-061-03,3,3,5GZCZ534X4S8,17,24,401,2004,14,3,14,0,1,L,9,1577,5,9999,9,0,0,40,1,0,0,995,0,0,0,45414,9,9,2,4,3,2,2,1,1,9,1,2,0,0,1,1,1,2,9,0,5,4,66,99,1,1,6,M,98,0,0,0,0,0,0,0,0,0,0,5,195,0,0,0,2,0,999,999,999,9999999,999,999,999,9,0,95,95,95,95,0,995,9.8,998,998,998,99.8,99.8,99.8,137.45342058545,4,3
11215,10,61,1-10-2018-061-03,3,4,1HGEM21902L0,17,37,31,2002,2,1,2,0,1,F,1,1158,8,9999,9,0,0,40,1,0,0,995,0,0,0,45410,9,9,2,4,3,1,2,1,1,9,0,1,0,0,1,1,1,2,9,0,5,4,62,99,1,1,6,M,98,0,0,0,0,0,0,0,0,0,0,5,110,0,0,0,3,3,12,-9,8,5366,998,120,8,0,4,95,95,95,95,0,995,9.8,998,998,998,99.8,99.8,99.8,137.45342058545,4,3
11216,48,9,1-48-2018-009-05,5,1,JM1BL1W75D17,17,41,51,2013,4,1,2,0,1,F,3,1304,5,0,2,1,1,80,1,0,0,995,0,0,0,81321,5,2,0,2,2,1,2,1,1,2,1,4,2,3,1,1,0,0,3,0,1,3,51,1,1,1,2,D,24,0,0,0,0,0,0,0,0,0,0,285,285,0,1,0,1,5,999,999,999,9999999,999,999,71,5,0,4,24,1,3,0,995,9.8,998,998,998,99.8,99.8,99.8,323.777552625904,12,3
11216,48,9,1-48-2018-009-05,5,2,1XKZPP9X0KJ2,17,85,881,2019,66,8,68,0,1,B,9,,,,,,0,129,1,0,0,995,0,0,0,83605,9,9,0,2,2,1,2,1,1,2,1,4,2,3,1,1,0,0,9,0,1,3,53,99,1,1,2,D,25,,,,,,,,,,,,,,,,,,,,,,,,,,,95,95,95,95,,,9.8,998,998,998,99.8,99.8,99.8,323.777552625904,12,3
11217,59,57,1-59-2018-057-02,2,1,3GNCJKSB6JL3,17,20,406,2018,14,3,14,0,1,F,2,1417,8,0,1,3,1,64,1,0,0,995,0,0,0,47834,9,9,2,4,2,1,2,1,1,1,0,2,0,0,1,8,0,0,9,0,1,3,50,2,1,1,2,D,20,0,0,0,0,0,0,0,0,0,0,80,80,0,0,0,1,12,999,999,999,9999999,999,999,999,3,0,9,0,0,5,0,995,9.8,998,998,998,99.8,99.8,99.8,58.8848007016241,6,3
11217,59,57,1-59-2018-057-02,2,2,1FADP3J26JL2,17,12,37,2018,4,1,3,0,1,B,1,1339,8,0,1,4,1,64,1,0,0,995,0,0,0,47834,9,9,2,4,2,1,2,1,1,1,0,2,0,0,1,8,0,0,9,0,5,3,52,99,1,1,2,D,21,0,0,0,0,0,0,0,0,0,0,80,80,0,0,0,1,12,999,999,999,9999999,999,999,999,1,0,1,2,0,4,0,995,9.8,998,998,998,99.8,99.8,99.8,58.8848007016241,6,3
11218,59,58,1-59-2018-058-08,8,1,1FMZU84P7YUB,17,12,401,2000,14,3,14,0,1,F,1,1631,5,46,1,5,1,48,1,0,1,0,2,0,2,47804,9,9,2,4,2,1,2,1,1,1,0,2,0,0,1,1,8,2,9,1,1,2,13,99,1,4,1,A,1,0,0,0,0,0,0,0,0,0,0,998,998,0,0,1,1,12,999,999,999,9999999,999,999,999,1,0,2,5,0,3,0,998,0.0,30,30,120,0.7,0.8,1.1,1231.8707437811,6,3
11220,27,49,1-27-2018-049-03,3,1,JALE5W167G79,17,38,882,2016,61,8,60,0,1,F,9,,,,,,0,80,1,0,0,995,0,0,0,01201,9,9,2,4,3,1,2,1,1,4,1,2,0,0,1,1,0,0,9,0,1,4,67,99,1,1,4,K,83,,,,,,,,,,,,,,,,,,,,,,,,,,,95,95,95,95,,,9.8,998,998,998,99.8,99.8,99.8,21.4378167335199,3,3
11220,27,49,1-27-2018-049-03,3,2,4S3GKAM6XJ36,17,48,38,2018,4,1,3,0,1,L,1,1420,8,0,1,1,1,80,1,0,1,0,2,0,9,01230,1,2,2,4,2,1,2,1,1,2,1,2,0,0,1,1,2,2,2,0,11,2,15,1,1,1,4,K,82,0,0,0,0,0,0,0,0,0,0,100,225,0,0,0,1,5,999,999,999,9999999,999,999,13,2,0,1,1,0,4,0,995,9.8,998,998,998,99.8,99.8,99.8,21.4378167335199,3,3
11220,27,49,1-27-2018-049-03,3,3,KNDJT2A54C74,17,63,37,2012,6,1,2,0,1,F,1,1190,5,0,1,2,0,80,1,0,9,998,8,0,9,01238,9,9,2,4,3,1,2,1,1,2,1,3,0,0,1,1,0,0,1,0,1,4,65,4,1,2,6,M,98,0,0,0,0,0,0,0,0,0,0,50,40,0,0,0,2,1,13,-13,0,8119,998,-31,13,0,1,95,95,95,95,0,995,9.8,998,998,998,99.8,99.8,99.8,21.4378167335199,3,3
11221,16,97,1-16-2018-097-02,2,1,1FTEW1EB3JKD,17,12,481,2018,34,5,31,0,1,F,1,2130,5,0,1,1,1,40,1,0,0,995,0,0,0,45229,2,2,0,4,2,1,2,2,1,4,0,2,0,0,3,2,0,0,1,1,11,2,12,8,1,4,1,B,6,0,0,0,0,0,0,0,0,0,0,998,998,0,1,2,1,10,999,999,999,9999999,999,55,21,2,0,1,1,0,3,0,998,1.5,35,28,41,5.2,5.2,7.5,36.558228119128,5,3
11222,16,98,1-16-2018-098-01,1,1,3FA6P0HR0DR2,17,12,23,2013,4,1,4,0,1,L,3,1554,5,0,1,1,1,56,1,1,1,108,4,1,2,45238,1,2,0,4,2,1,2,1,1,4,0,2,0,0,3,8,0,0,1,1,1,2,12,8,1,4,1,B,6,1,5,1,6,1,4,61,1,2,26,997,997,0,1,0,3,6,999,999,999,9999999,999,999,999,8,0,3,10,1,1,3,997,0.0,999,12,12,0.0,0.0,0.0,73.583257150576,5,3
11223,15,98,1-15-2018-098-04,4,1,3N1AB7AP0HY3,17,35,43,2017,4,1,3,0,1,B,9,1300,5,9999,9,0,1,40,1,8,0,995,0,7,0,11518,9,9,2,4,3,1,2,1,1,1,1,1,0,0,1,1,1,2,9,0,2,3,53,99,1,1,2,D,31,0,0,0,0,0,0,0,0,0,0,5,0,0,0,0,1,0,999,999,999,9999999,999,999,999,9,0,0,0,0,0,0,995,9.8,998,998,998,99.8,99.8,99.8,915.659442269668,1,3
11223,15,98,1-15-2018-098-04,4,2,999999999999,99,49,399,2016,4,1,1,0,1,F,9,9999,9,9999,9,0,0,40,1,8,0,995,0,7,0,11518,9,9,2,4,3,1,2,1,1,1,1,1,0,0,1,1,1,2,9,0,1,3,52,99,1,1,2,D,28,0,0,0,0,0,0,0,0,0,0,0,5,0,0,0,1,0,999,999,999,9999999,999,999,999,9,0,95,95,95,95,0,995,9.8,998,998,998,99.8,99.8,99.8,915.659442269668,1,3
11223,15,98,1-15-2018-098-04,4,3,1GNDT13S5222,17,20,401,2002,14,3,14,0,1,F,9,2099,5,9999,9,0,0,40,1,8,0,995,0,7,0,11563,9,9,2,4,3,1,2,1,1,1,1,1,0,0,1,1,1,2,9,0,1,3,52,99,1,1,6,M,98,0,0,0,0,0,0,0,0,0,0,0,0,0,0,0,2,0,999,999,999,9999999,999,999,999,9,0,95,95,95,95,0,995,9.8,998,998,998,99.8,99.8,99.8,915.659442269668,1,3
11224,15,99,1-15-2018-099-04,4,1,19XFB2F5XFE2,17,37,31,2015,4,1,3,0,1,F,9,1258,5,9999,9,0,1,48,1,0,0,995,0,0,0,11743,9,9,0,4,3,1,2,1,1,1,0,2,0,0,1,1,0,0,9,1,1,2,13,99,1,4,1,A,1,0,0,0,0,0,0,0,0,0,0,998,998,0,0,1,1,0,999,999,999,9999999,999,999,999,9,0,0,0,0,0,0,998,0.0,10,10,50,4.3,1.6,4.6,915.659442415907,1,3
11225,15,100,1-15-2018-100-02,2,1,1C4HJWEG4HL5,17,2,403,2017,14,3,14,0,1,F,2,1948,5,0,2,5,1,48,1,0,0,995,0,0,0,11427,3,2,0,4,2,1,2,1,1,4,1,2,0,0,1,1,0,0,3,1,1,2,13,1,1,4,1,A,1,0,0,0,0,0,0,0,0,0,0,998,998,0,0,1,1,12,999,999,999,9999999,999,999,999,7,0,0,0,0,4,0,998,0.5,30,30,62,2.1,0.7,2.1,40.1237529149267,1,3
11226,66,42,1-66-2018-042-04,4,1,1C4PJMCS7HW6,17,2,404,2017,14,3,14,0,1,R,1,1788,5,0,2,1,1,89,1,0,0,995,0,7,0,65769,9,1,0,4,2,1,2,2,3,1,1,2,2,3,1,2,0,0,1,1,14,1,9,1,4,4,1,B,7,0,0,0,0,0,0,0,0,0,0,998,998,0,0,0,1,12,999,999,999,9999999,999,999,999,6,0,0,0,0,6,0,998,4.0,27,30,-40,7.5,8.1,11.5,186.31667050216,6,3
11229,19,85,1-19-2018-085-04,4,1,1GNFK16Z82J1,17,20,431,2002,16,3,16,0,1,R,1,2424,5,0,1,2,0,72,1,0,0,995,0,0,0,35906,9,9,2,1,4,4,2,1,1,1,2,1,0,0,1,1,1,2,1,0,11,2,15,9,1,1,4,J,68,0,0,0,0,0,0,0,0,0,0,290,190,0,0,0,1,1,10,-2,-10,37037,998,279,10,0,4,95,95,95,95,0,995,9.8,998,998,998,99.8,99.8,99.8,3460.47696321728,9,3
11229,19,85,1-19-2018-085-04,4,2,1FADP3E28EL1,17,12,37,2014,4,1,3,0,1,F,1,1340,5,0,1,1,1,72,1,0,0,995,0,0,0,35904,1,2,2,1,4,3,2,1,1,1,3,3,0,0,1,1,1,2,1,0,1,4,62,2,1,1,4,J,69,0,0,0,0,0,0,0,0,0,0,190,290,0,0,0,1,1,16,-16,0,11449,998,15,14,0,4,0,0,0,0,0,995,9.8,998,998,998,99.8,99.8,99.8,3460.47696321728,9,3
11230,29,52,1-29-2018-052-03,3,1,4T1BG22K1WU2,17,49,40,1998,4,1,3,0,1,F,1,1360,5,9999,9,0,1,48,1,8,9,998,8,7,9,02748,1,2,2,4,2,1,2,1,1,1,0,0,0,0,1,1,2,2,2,0,1,4,66,1,1,1,5,L,88,0,0,0,0,0,0,0,0,0,0,270,175,0,0,0,1,3,6,-2,-6,3825,998,-198,5,0,4,0,0,0,0,0,995,9.8,998,998,998,99.8,99.8,99.8,147.559903287341,2,3
11230,29,52,1-29-2018-052-03,3,2,YV4A22PK0H11,17,51,401,2017,14,3,14,0,1,L,1,2103,8,0,2,1,1,48,1,8,0,995,0,7,0,02745,1,2,2,4,2,1,2,1,1,1,0,2,0,0,1,1,0,0,1,0,1,4,66,4,1,1,5,L,89,0,0,0,0,0,0,0,0,0,0,175,270,0,0,0,1,3,4,-4,1,4779,998,-136,6,0,4,1,2,0,6,0,995,9.8,998,998,998,99.8,99.8,99.8,147.559903287341,2,3
11231,29,53,1-29-2018-053-03,3,1,1VWAP7A30DC1,17,30,46,2013,4,1,4,0,1,L,1,1436,5,0,2,1,1,48,1,0,0,995,0,0,0,02738,1,2,2,3,2,1,2,1,1,1,0,1,0,0,1,1,1,2,1,1,11,2,10,1,1,2,4,J,72,0,0,0,0,0,0,0,0,0,0,125,200,0,0,0,1,1,24,0,24,31120,998,43,22,0,1,2,5,0,6,0,995,9.8,998,998,998,99.8,99.8,99.8,147.559903287341,2,3
11231,29,53,1-29-2018-053-03,3,2,1GCGTDEN8J11,17,20,473,2018,34,5,31,0,1,F,1,2001,5,0,2,1,1,48,1,0,0,995,0,0,0,02745,1,2,2,3,2,2,2,1,1,1,1,0,0,0,1,1,1,2,1,0,1,4,61,3,1,1,4,J,73,0,0,0,0,0,0,0,0,0,0,200,125,0,0,0,1,1,17,-17,-3,27474,998,13,18,0,4,1,1,0,4,0,995,9.8,998,998,998,99.8,99.8,99.8,147.559903287341,2,3
11232,31,47,1-31-2018-047-04,4,1,1C3CCCEG7FN5,17,6,18,2015,4,1,3,0,1,R,1,1721,5,0,1,1,1,89,1,0,0,995,0,0,0,62827,9,9,2,4,2,1,2,1,1,1,0,0,0,0,1,1,2,2,9,0,1,2,17,2,1,1,5,L,87,0,0,0,0,0,0,0,0,0,0,175,85,0,0,0,1,5,999,999,999,9999999,999,999,19,2,0,0,0,0,0,0,995,9.8,998,998,998,99.8,99.8,99.8,341.042851992492,6,3
11232,31,47,1-31-2018-047-04,4,2,1HSHXSBR25J1,17,84,881,2005,66,8,67,0,1,F,9,,,,,,1,89,1,0,0,995,0,0,0,62837,9,9,2,4,2,1,2,1,1,1,0,0,0,0,1,1,0,0,9,0,1,4,66,2,1,1,5,L,86,,,,,,,,,,,,,,,,,,,,,,,,,,,95,95,95,95,,,9.8,998,998,998,99.8,99.8,99.8,341.042851992492,6,3
11233,31,48,1-31-2018-048-06,6,1,3C4PDCAB6DT5,17,7,27,2013,6,1,4,0,1,F,1,1735,5,9999,9,5,1,89,1,0,0,995,0,0,0,47633,9,9,0,4,2,1,2,1,1,1,1,4,0,0,2,1,0,0,9,1,1,2,13,99,1,4,1,A,1,0,0,0,0,0,0,0,0,0,0,998,998,0,0,0,1,12,999,999,999,9999999,999,999,999,6,0,9,97,0,8,0,998,1.3,120,120,120,38.8,11.1,39.0,211.868611002935,6,3
11234,14,47,1-14-2018-047-04,4,1,1FMJU1KT1HEA,17,12,422,2017,15,3,15,0,1,R,9,2652,5,0,2,3,1,89,1,0,0,995,0,0,0,78070,1,2,0,4,2,1,2,1,1,1,1,2,0,0,1,1,0,0,9,0,1,6,87,2,1,1,1,C,13,0,0,0,0,0,0,0,0,0,0,998,998,0,0,0,1,12,999,999,999,9999999,999,999,999,9,0,0,0,0,0,0,998,9.8,998,998,998,99.8,99.8,99.8,7055.65507668138,8,3
11235,26,99,1-26-2018-099-02,2,1,1GTEC14T72Z3,17,23,481,2002,34,5,30,0,1,F,9,1836,5,9999,9,0,1,105,1,0,1,0,2,1,2,95682,1,9,0,2,7,7,2,1,1,9,3,2,0,0,1,1,0,0,9,1,99,9,99,99,9,6,6,M,98,0,0,0,0,0,0,0,0,0,0,260,40,0,0,0,1,0,999,999,999,9999999,999,999,999,9,0,3,17,1,3,0,995,9.8,998,998,998,99.8,99.8,99.8,45.7021973756787,10,3
11235,26,99,1-26-2018-099-02,2,2,JTEBU5JR5G52,17,49,401,2016,14,3,14,0,1,F,9,2111,5,9999,9,0,1,105,1,0,0,995,0,0,0,95949,7,9,0,2,7,7,2,1,1,9,3,2,0,0,1,1,0,0,9,0,1,4,61,99,1,1,6,M,98,0,0,0,0,0,0,0,0,0,0,40,260,0,0,0,1,0,999,999,999,9999999,999,999,999,9,0,3,17,1,3,0,995,9.8,998,998,998,99.8,99.8,99.8,45.7021973756787,10,3
11236,26,100,1-26-2018-100-05,5,1,1FTSW2BRXAEA,17,12,481,2010,34,5,31,0,1,R,2,2728,5,2000,1,1,1,72,1,1,8,997,8,0,0,95673,1,2,0,1,2,2,2,1,1,1,3,0,0,0,3,8,0,0,1,1,1,2,10,98,1,4,1,B,6,0,0,0,0,0,0,0,0,0,0,190,90,1,1,0,2,5,999,999,999,9999999,999,999,999,7,0,0,0,0,4,0,995,0.0,120,10,14,0.0,0.0,0.0,89.2762077996543,10,3