CASEID,PSU,CASENO,CASENUMBER,CATEGORY,VEHNO,VIN,VINLENGTH,MAKE,MODEL,MODELYR,BODYTYPE,BODYCAT,VEHCLASS,SPECUSE,TRANSTAT,DAMPLANE,DAMSEV,CURBWT,CURBSRC,CARGOWT,CARGOSRC,INSPTYPE,TOWSTAT,SPEEDLIMIT,DRPRESENT,PARALCOHOL,ALCTEST,ALCTESTRESULT,ALCTESTSRC,PARDRUG,DRUGTEST,ZIP,RACE,ETHNICITY,RELTOJUNCT,TRAFFLOW,RDLANES,INITLANE,SURFTYPE,SURFCOND,ALIGNMENT,PROFILE,LINERIGHT,LINELEFT,RUMBINIT,RUMBROAD,LIGHTCOND,WEATHER,TRAFDEV,TRAFFUNCT,DISTRACT,PREFHE,PREMOVE,CRITCAT,CRITEVENT,MANEUVER,PRESTAB,PRELOC,CRASHCAT,CRASHCONF,CRASHTYPE,ROLLTYPE,ROLLTURN,ROLLINTRPT,ROLLPREMAN,ROLLINITYP,ROLLINLOC,ROLLOBJ,ROLLTRIP,ROLLDIR,ROLLDIST,DVANGTHIS,DVANGOTH,TOWHITCH,TRAJDOC,TREEPOLE,DVEVENT,DVBASIS,DVTOTAL,DVLONG,DVLAT,DVENERGY,DVSPEED,DVMOMENT,DVBES,DVEST,DVCONF,VAIS,VISS,VINJURED,VTREAT,INITOBJCLASS,HEADANGLECAT,SHLDRWIDTH,STRKLENGTH,STRKWIDTH,STRKHEIGHT,EDGEDISTX,EDGEDISTY,EDGEDISTZ,CASEWGT,PSUSTRAT,VERSION
11236,26,100,1-26-2018-100-05,5,2,1N4BA41E07C8,17,35,39,2007,4,1,4,0,1,F,3,1641,5,0,1,1,1,72,1,0,1,0,2,0,2,95660,9,1,0,1,2,2,2,1,1,1,3,0,0,0,3,8,0,0,9,0,1,4,62,99,1,2,6,M,98,0,0,0,0,0,0,0,0,0,0,90,190,0,1,0,2,5,999,999,999,9999999,999,999,999,8,0,3,10,1,4,0,995,9.8,998,998,998,99.8,99.8,99.8,89.2762077996543,10,3
11237,26,101,1-26-2018-101-02,2,1,1C3CDFBB4ED8,17,7,29,2014,4,1,3,0,1,F,2,1471,5,0,1,1,1,89,1,0,0,995,0,0,0,95640,1,9,0,4,2,1,2,1,2,5,1,4,0,0,2,1,0,0,9,1,14,2,12,4,2,4,1,B,6,0,0,0,0,0,0,0,0,0,0,998,998,0,1,7,1,10,999,999,999,9999999,999,57,31,3,0,2,4,0,8,0,998,4.7,999,999,120,8.0,2.1,8.0,45.7021973756787,10,3
11238,22,50,1-22-2018-050-06,6,1,1G1AT58H2971,17,20,22,2009,4,1,2,0,1,F,1,1261,5,72,1,1,1,105,1,8,0,995,0,7,0,83524,1,2,0,4,2,1,2,1,3,1,1,4,0,0,1,1,0,0,3,1,14,2,13,1,1,4,1,A,1,0,0,0,0,0,0,0,0,0,0,998,998,0,0,0,1,10,999,999,999,9999999,999,0,14,2,0,1,1,0,6,0,998,1.4,5,3,115,49.7,7.8,50.3,180.200092857269,12,3
11239,13,90,1-13-2018-090-04,4,1,1HGCR2F54GA2,17,37,32,2016,4,1,4,0,1,F,1,1496,5,0,1,1,1,97,1,0,0,995,0,0,0,76108,1,2,1,2,5,2,1,1,1,9,1,3,0,0,2,1,0,0,1,1,15,2,13,2,1,4,1,A,1,0,0,0,0,0,0,0,0,0,0,998,998,0,0,0,1,1,23,-23,0,33270,998,20,23,0,3,0,0,0,0,0,998,3.8,999,999,999,0.0,0.0,0.0,7170.2164624773,7,3
11240,13,91,1-13-2018-091-02,2,1,3GCPCSEC1EG3,17,20,481,2014,34,5,31,0,1,F,3,2293,5,0,1,1,1,56,1,8,1,97,2,7,2,76182,1,2,2,3,5,4,1,1,1,2,1,1,0,0,1,1,1,2,9,1,1,2,13,1,1,4,1,A,1,0,0,0,0,0,0,0,0,0,0,998,998,0,0,1,1,1,50,-50,0,233203,998,19,50,0,1,3,22,1,3,0,998,0.0,32,32,82,0.0,2.7,2.7,89.4524545185368,7,3
11242,17,95,1-17-2018-095-10,10,1,5FNRL38618B0,17,37,441,2008,20,4,20,0,1,F,1,2062,5,0,1,1,1,113,1,9,0,995,0,9,0,52001,9,9,0,1,4,1,2,1,1,9,2,3,2,3,1,1,0,0,9,0,1,6,87,99,1,1,1,C,13,0,0,0,0,0,0,0,0,0,0,998,998,0,0,0,1,10,999,999,999,9999999,999,5,12,2,0,99,99,0,99,0,998,9.8,998,998,998,99.8,99.8,99.8,3678.10335231933,4,3
11243,17,96,1-17-2018-096-07,7,1,1FTFX1EV1AFA,17,12,481,2010,34,5,31,0,1,F,1,2454,5,0,1,1,1,89,1,1,1,17,1,9,0,61281,1,2,0,4,2,1,1,1,1,1,1,4,0,0,2,1,0,0,3,0,1,3,51,1,1,1,2,D,24,0,0,0,0,0,0,0,0,0,0,180,180,0,0,0,1,1,13,-13,0,16745,998,0,13,0,1,1,1,0,5,0,995,9.8,998,998,998,99.8,99.8,99.8,710.438550938645,4,3
11243,17,96,1-17-2018-096-07,7,2,1GCVKSE25CZ2,17,20,481,2012,34,5,31,0,1,B,1,2408,5,0,1,2,0,89,1,8,0,995,0,9,0,61281,9,9,0,4,2,1,1,1,1,1,1,4,0,0,2,1,0,0,9,0,1,3,53,99,1,1,2,D,25,0,0,0,0,0,0,0,0,0,0,180,180,0,0,0,1,1,13,13,0,15220,998,0,13,0,1,95,95,95,95,0,995,9.8,998,998,998,99.8,99.8,99.8,710.438550938645,4,3
11244,66,44,1-66-2018-044-04,4,1,5NMSH13E88H1,17,55,401,2008,14,3,14,99,1,B,9,1690,5,9999,9,0,0,113,1,0,0,995,0,7,0,65633,9,9,0,2,2,1,2,2,1,1,3,3,0,0,1,2,6,2,9,0,2,2,18,1,1,1,2,D,29,0,0,0,0,0,0,0,0,0,0,265,270,0,0,0,1,0,999,999,999,9999999,999,999,999,9,0,95,95,95,95,0,995,9.8,998,998,998,99.8,99.8,99.8,186.31667050216,6,3
11244,66,44,1-66-2018-044-04,4,2,5TDYK3DC8FS5,17,49,442,2015,20,4,20,0,1,F,1,1940,5,0,1,3,1,113,1,0,0,995,0,7,0,65810,1,2,0,2,2,1,2,2,1,1,3,3,0,0,1,2,6,2,1,0,1,3,52,4,2,1,2,D,28,0,0,0,0,0,0,0,0,0,0,270,265,0,0,0,1,12,999,999,999,9999999,999,999,999,6,0,0,0,0,0,0,995,9.8,998,998,998,99.8,99.8,99.8,186.31667050216,6,3
11245,18,48,1-18-2018-048-10,10,1,3FAKP1134YR1,17,12,13,2000,2,1,1,0,1,R,2,1126,5,0,1,1,1,56,1,0,0,995,0,0,0,54889,1,2,2,1,4,4,1,1,1,1,1,0,0,0,5,8,1,2,1,0,11,2,15,9,1,1,4,J,68,0,0,0,0,0,0,0,0,0,0,280,175,0,0,0,1,1,29,-15,-26,75808,998,91,33,0,1,1,1,0,0,0,995,9.8,998,998,998,99.8,99.8,99.8,6394.9486313804,6,3
11245,18,48,1-18-2018-048-10,10,2,1NXBR12E01Z5,17,49,32,2001,4,1,1,0,1,F,2,1145,5,0,1,1,1,56,1,0,0,995,0,0,0,54701,1,2,2,1,4,4,1,1,1,1,1,3,0,0,5,8,1,2,1,0,1,4,62,2,1,1,4,J,69,0,0,0,0,0,0,0,0,0,0,175,280,0,0,0,1,1,29,-27,10,37627,998,65,25,0,1,2,5,0,6,0,995,9.8,998,998,998,99.8,99.8,99.8,6394.9486313804,6,3
11246,17,97,1-17-2018-097-08,8,1,2G1WW12M4V92,17,20,36,1997,2,1,3,0,1,T,1,1502,5,0,1,1,1,48,1,9,0,995,0,9,0,61244,9,9,0,4,2,1,2,1,1,4,0,0,0,0,1,1,0,0,9,1,1,1,9,99,4,4,1,B,7,1,4,2,2,1,3,61,1,2,20,997,997,0,0,0,1,6,999,999,999,9999999,999,999,999,6,0,9,97,0,8,3,997,9.8,998,998,998,99.8,99.8,99.8,85.0346230448289,4,3
11247,33,71,1-33-2018-071-08,8,1,1FAFP45X1WF2,17,12,3,1998,1,1,2,0,1,F,1,1577,5,0,1,1,1,40,1,1,1,177,2,1,2,95928,5,2,0,4,2,1,2,1,1,1,0,0,0,0,3,1,0,0,9,1,1,1,6,99,1,4,1,B,7,0,0,0,0,0,0,0,0,0,0,998,998,0,0,1,2,1,16,-16,0,19904,998,69,16,0,4,0,0,0,3,0,998,0.0,46,120,23,0.0,0.0,0.0,80.219483157423,12,3
11248,33,72,1-33-2018-072-09,9,1,1FMCU031X2KB,17,12,402,2002,14,3,14,0,1,F,1,1357,5,0,1,1,1,56,1,0,0,995,0,0,0,95973,1,2,2,3,2,1,2,1,1,1,0,3,0,0,1,1,1,2,3,0,1,3,50,1,1,1,2,D,20,0,0,0,0,0,0,0,0,0,0,50,50,0,0,0,1,1,20,-20,0,31161,998,51,22,0,1,0,0,0,0,0,995,9.8,998,998,998,99.8,99.8,99.8,414.791393527536,12,3
11248,33,72,1-33-2018-072-09,9,2,JACDJ58X6X79,17,38,401,1999,14,3,14,0,1,F,1,2020,5,0,1,1,1,56,1,0,0,995,0,0,0,95926,2,2,2,3,2,1,2,1,1,1,0,3,0,0,1,1,1,2,1,0,5,3,53,1,1,1,2,D,21,0,0,0,0,0,0,0,0,0,0,50,50,0,0,0,2,3,16,-16,0,21488,998,-16,16,0,4,1,1,0,4,0,995,9.8,998,998,998,99.8,99.8,99.8,414.791393527536,12,3
11248,33,72,1-33-2018-072-09,9,3,JTEEW21A4700,17,49,403,2007,14,3,14,0,1,B,1,1785,5,9999,9,0,0,56,1,0,0,995,0,0,0,95134,9,9,2,3,2,1,2,1,1,1,0,3,0,0,1,1,1,2,9,0,5,3,53,1,1,1,6,M,98,0,0,0,0,0,0,0,0,0,0,50,50,0,0,0,2,3,18,18,0,21113,998,0,17,0,4,95,95,95,95,0,995,9.8,998,998,998,99.8,99.8,99.8,414.791393527536,12,3
11249,28,55,1-28-2018-055-03,3,1,1FTMF1CM2EKE,17,12,481,2014,34,5,31,0,1,F,1,2223,5,159,2,1,1,89,1,0,0,995,0,0,0,20745,2,9,0,4,2,1,2,1,1,3,1,2,0,0,4,1,0,0,1,0,1,6,87,1,1,1,1,C,13,0,0,0,0,0,0,0,0,0,0,998,998,0,0,0,1,10,999,999,999,9999999,999,44,14,2,0,1,1,0,4,0,998,9.8,998,998,998,99.8,99.8,99.8,39.8310047633401,3,3
11250,21,91,1-21-2018-091-01,1,1,KMHVD14N8XU5,17,55,36,1999,3,1,1,0,1,L,1,953,5,0,2,1,1,89,1,9,9,998,8,9,9,92398,1,1,0,4,2,1,2,1,1,1,1,4,0,0,1,1,0,0,9,1,1,2,12,99,4,4,1,B,7,1,4,2,2,1,3,61,1,1,25,997,997,0,1,0,1,6,999,999,999,9999999,999,999,999,6,0,3,9,1,1,3,997,2.6,120,1,120,21.7,9.3,23.1,106.531933951621,11,3
11251,30,59,1-30-2018-059-03,3,1,1GCRCNEC1GZ3,17,20,481,2016,34,5,31,0,1,F,2,2301,5,0,1,1,1,121,1,0,0,995,0,0,0,85035,1,1,0,1,2,2,2,1,1,1,3,2,1,0,5,1,0,0,1,0,1,3,50,2,1,1,2,D,20,0,0,0,0,0,0,0,0,0,0,70,70,0,0,0,1,3,34,-34,0,68049,998,37,26,0,4,1,3,0,4,0,995,9.8,998,998,998,99.8,99.8,99.8,821.240868561326,10,3
11251,30,59,1-30-2018-059-03,3,2,JTHBH96S8650,17,59,34,2006,4,1,4,0,1,B,3,1640,5,9999,9,0,1,121,1,0,0,995,0,0,0,85375,9,9,0,1,4,2,2,1,1,1,3,2,1,3,5,1,0,0,1,0,5,3,53,99,1,1,2,D,21,0,0,0,0,0,0,0,0,0,0,70,70,0,0,0,1,3,49,49,0,217276,998,0,56,0,4,1,1,0,6,0,995,9.8,998,998,998,99.8,99.8,99.8,821.240868561326,10,3
11252,30,60,1-30-2018-060-06,6,1,1FTFW1EV8AKE,17,12,481,2010,34,5,31,0,1,L,1,2522,5,0,1,1,1,64,1,1,1,269,2,7,0,85031,1,2,2,5,2,1,2,1,1,4,0,0,0,0,1,1,2,2,9,0,11,2,15,99,1,1,4,K,82,0,0,0,0,0,0,0,0,0,0,250,340,0,0,0,1,1,17,-6,16,30537,998,-125,14,0,1,0,0,0,3,0,995,9.8,998,998,998,99.8,99.8,99.8,1090.03803528286,10,3
11252,30,60,1-30-2018-060-06,6,2,JTHBK2628720,17,59,35,2007,4,1,3,0,1,F,2,1567,5,0,1,1,1,64,1,0,0,995,0,0,0,85035,9,9,2,5,5,2,2,1,1,1,3,2,0,0,1,1,2,2,1,0,1,4,67,99,1,1,4,K,83,0,0,0,0,0,0,0,0,0,0,340,250,0,0,0,1,1,26,-24,-9,68968,998,-65,29,0,4,1,1,0,4,0,995,9.8,998,998,998,99.8,99.8,99.8,1090.03803528286,10,3
11253,20,104,1-20-2018-104-01,1,1,JH4DC436XTS0,17,54,31,1996,3,1,2,0,1,T,3,1147,5,9999,9,4,1,89,1,1,1,260,3,0,1,93905,9,1,0,4,2,1,2,1,1,1,4,0,0,0,2,1,0,0,9,1,1,2,12,99,1,4,1,B,6,9,99,9,9,99,9,99,9,9,999,998,998,0,0,1,2,7,999,999,999,9999999,999,999,999,8,0,2,9,0,1,9,998,0.0,50,42,70,10.1,2.6,10.5,100.729451557951,11,3
11254,27,50,1-27-2018-050-10,10,1,YS3DD58H9Y20,17,47,35,2000,5,1,2,0,1,F,9,1375,5,0,1,3,1,48,1,0,9,998,8,0,9,01226,1,2,2,3,5,3,2,1,3,1,1,1,0,0,1,1,1,2,1,0,14,3,52,2,1,1,2,D,28,0,0,0,0,0,0,0,0,0,0,275,275,0,0,0,1,12,999,999,999,9999999,999,999,999,9,0,0,0,0,0,0,995,9.8,998,998,998,99.8,99.8,99.8,297.091519651601,3,3
11254,27,50,1-27-2018-050-10,10,2,4S4BRBCC5C32,17,48,45,2012,6,1,3,0,1,B,9,1542,5,0,1,6,0,48,1,0,9,998,8,0,9,12168,9,9,2,3,5,3,2,1,3,1,1,1,0,0,1,1,1,2,1,0,2,3,53,2,1,1,2,D,29,0,0,0,0,0,0,0,0,0,0,275,275,0,0,0,1,12,999,999,999,9999999,999,999,999,9,0,95,95,95,95,0,995,9.8,998,998,998,99.8,99.8,99.8,297.091519651601,3,3
11256,11,25,1-11-2018-025-01,1,1,1C4PJLFK8CW1,17,2,405,2012,14,3,14,0,1,F,3,1872,5,90,1,1,1,97,1,1,0,995,0,9,0,35806,1,2,0,1,2,1,2,1,3,1,2,3,0,0,2,1,0,0,9,0,14,3,54,1,1,1,3,G,52,1,3,2,2,1,4,61,1,1,11,270,80,0,0,0,1,5,999,999,999,9999999,999,999,46,4,0,3,17,1,1,3,995,9.8,998,998,998,99.8,99.8,99.8,147.116589417044,8,3
11256,11,25,1-11-2018-025-01,1,2,2HSCNAPR57C3,17,84,881,2007,66,8,67,0,1,F,9,,,,,,1,97,1,0,0,995,0,0,0,23901,9,9,0,1,2,2,2,1,3,1,3,2,0,0,2,1,0,0,1,0,14,4,78,2,1,1,3,G,52,,,,,,,,,,,,,,,,,,,,,,,,,,,95,95,95,95,,,9.8,998,998,998,99.8,99.8,99.8,147.116589417044,8,3
11257,11,26,1-11-2018-026-01,1,1,1J4FA29P12P7,17,2,403,2002,14,3,14,0,1,F,2,1388,5,0,1,1,1,56,1,9,9,998,8,9,9,23113,1,2,2,1,6,2,2,1,1,1,1,3,0,0,2,1,1,2,9,0,1,2,17,99,1,1,4,J,69,0,0,0,0,0,0,0,0,0,0,90,225,0,0,0,1,1,25,-25,4,45169,998,39,27,0,1,2,5,0,1,0,995,9.8,998,998,998,99.8,99.8,99.8,147.116589417044,8,3
11257,11,26,1-11-2018-026-01,1,2,1FM5K8GT4JGA,17,12,401,2018,14,3,14,0,1,F,1,2146,5,0,1,1,1,72,1,1,0,995,0,0,9,23834,2,9,2,1,6,5,2,1,1,1,1,2,0,0,2,1,1,2,1,0,11,4,63,2,1,1,4,J,68,0,0,0,0,0,0,0,0,0,0,225,90,0,0,0,1,1,16,-14,-8,24576,998,-81,15,0,1,1,1,0,4,0,995,9.8,998,998,998,99.8,99.8,99.8,147.116589417044,8,3
11258,77,15,1-77-2018-015-09,9,1,5J6YH28728L0,17,37,403,2008,14,3,14,0,1,R,1,1535,5,0,1,1,1,89,1,0,0,995,0,0,9,22942,9,9,3,4,2,1,2,2,1,1,1,2,0,0,1,2,0,0,1,0,10,2,16,1,1,1,6,M,98,0,0,0,0,0,0,0,0,0,0,130,65,0,1,0,3,5,999,999,999,9999999,999,999,15,2,0,1,1,0,3,0,995,0.0,60,60,115,8.0,4.6,9.4,4652.80208906838,9,3
11258,77,15,1-77-2018-015-09,9,2,1GBHG31UX711,17,20,461,2007,21,4,21,0,1,F,1,9999,9,9999,9,1,1,89,1,0,0,995,0,0,9,22947,9,9,3,4,2,1,2,2,1,1,1,2,0,0,1,2,0,0,3,1,1,2,13,4,1,5,1,C,12,0,0,0,0,0,0,0,0,0,0,65,130,0,1,0,3,5,999,999,999,9999999,999,999,24,2,0,0,0,0,0,0,995,0.0,15,15,18,23.2,5.6,23.9,4652.80208906838,9,3
11259,77,16,1-77-2018-016-06,6,1,JHMGE8H39CC0,17,37,39,2012,5,1,1,0,1,R,1,1121,5,9999,9,1,1,72,1,0,0,995,0,7,0,24590,9,1,1,1,3,2,2,1,1,1,3,1,0,0,1,1,1,2,1,0,1,4,67,1,1,1,4,K,83,0,0,0,0,0,0,0,0,0,0,165,80,0,0,0,1,1,15,-8,-13,11707,998,69,14,0,1,0,0,0,0,0,995,9.8,998,998,998,99.8,99.8,99.8,573.670125339283,9,3
11259,77,16,1-77-2018-016-06,6,2,1FMCU93186KB,17,12,402,2006,14,3,14,0,1,F,1,1571,5,0,1,1,1,72,1,0,0,995,0,7,0,22902,1,2,1,1,3,3,2,1,1,1,1,1,0,0,1,1,1,2,1,0,11,3,55,2,1,1,4,K,82,0,0,0,0,0,0,0,0,0,0,80,165,0,0,0,1,1,11,-10,5,11497,998,57,12,0,1,0,0,0,6,0,995,9.8,998,998,998,99.8,99.8,99.8,573.670125339283,9,3
11260,59,59,1-59-2018-059-10,10,1,1NXBR30E67Z8,17,49,32,2007,4,1,2,0,1,F,1,1135,5,0,1,5,1,56,1,0,0,995,0,0,0,46342,9,9,0,4,2,1,2,1,1,1,0,2,0,0,3,1,0,0,9,1,1,2,12,99,1,4,1,B,6,0,0,0,0,0,0,0,0,0,0,180,180,0,0,0,3,12,999,999,999,9999999,999,999,999,1,0,0,0,0,0,0,995,9.8,998,998,998,99.8,99.8,99.8,5206.84139203023,6,3
11260,59,59,1-59-2018-059-10,10,2,5NMSHDAG5AH3,17,55,401,2010,14,3,14,0,2,R,9,1868,5,9999,9,0,,,,,,,,,,,,,,,,,,,,,,,,,,,,,,,,,,,,,,,,,,,,,,,,,,,,,,,,,,,,,,,,,,95,95,95,95,,,,,,,,,,5206.84139203023,6,3
11260,59,59,1-59-2018-059-10,10,3,2HKYF18633H5,17,37,421,2003,15,3,15,0,2,L,9,2007,5,9999,9,0,,,,,,,,,,,,,,,,,,,,,,,,,,,,,,,,,,,,,,,,,,,,,,,,,,,,,,,,,,,,,,,,,,95,95,95,95,,,,,,,,,,5206.84139203023,6,3
11260,59,59,1-59-2018-059-10,10,4,1G2ZF55B5642,17,22,22,2006,4,1,4,0,2,B,9,1542,5,9999,9,0,,,,,,,,,,,,,,,,,,,,,,,,,,,,,,,,,,,,,,,,,,,,,,,,,,,,,,,,,,,,,,,,,,95,95,95,95,,,,,,,,,,5206.84139203023,6,3
11261,23,96,1-23-2018-096-03,3,1,1GCVKREC8FZ2,17,20,481,2015,34,5,30,0,1,F,1,2366,5,9999,9,0,0,89,1,0,0,995,0,0,0,43050,9,9,2,4,2,1,2,2,1,1,1,2,0,0,1,2,0,0,1,0,1,3,50,1,1,1,2,D,20,0,0,0,0,0,0,0,0,0,0,60,60,0,0,0,1,3,12,-12,0,17466,998,0,14,0,4,95,95,95,95,0,995,9.8,998,998,998,99.8,99.8,99.8,152.224194786936,5,3
11261,23,96,1-23-2018-096-03,3,2,2GNALAEK2F11,17,20,404,2015,14,3,14,0,1,B,1,1706,5,0,1,1,1,89,1,0,0,995,0,0,0,43085,1,2,2,4,2,1,2,2,1,1,1,2,0,0,1,2,0,0,1,0,5,3,53,1,1,1,2,D,21,0,0,0,0,0,0,0,0,0,0,60,60,0,0,0,1,3,15,15,0,13457,998,-53,13,0,4,1,1,0,4,0,995,9.8,998,998,998,99.8,99.8,99.8,152.224194786936,5,3
11262,23,97,1-23-2018-097-03,3,1,1N4BL21E97C1,17,35,47,2007,4,1,4,0,1,F,1,1429,5,9999,9,0,0,56,1,0,0,995,0,0,0,43015,9,9,2,4,2,1,2,1,1,1,0,0,0,0,1,1,0,0,9,0,11,2,15,99,1,1,4,K,82,0,0,0,0,0,0,0,0,0,0,15,110,0,0,0,1,3,9,-9,0,2853,998,0,7,0,4,95,95,95,95,0,995,9.8,998,998,998,99.8,99.8,99.8,152.224194786936,5,3
11262,23,97,1-23-2018-097-03,3,2,1C3CCCABXGN1,17,6,18,2016,4,1,3,0,1,R,1,1575,5,0,1,1,1,56,1,0,0,995,0,0,0,43016,1,2,2,4,2,1,2,1,1,1,0,2,0,0,1,1,0,0,9,0,1,4,67,99,1,1,4,K,83,0,0,0,0,0,0,0,0,0,0,110,15,0,0,0,1,3,8,-1,-7,6619,998,99,8,0,4,0,0,0,0,0,995,0.0,50,50,119,0.3,0.5,0.6,152.224194786936,5,3
11263,23,98,1-23-2018-098-04,4,1,1FADP3K2XHL2,17,12,37,2017,5,1,3,0,1,B,9,1327,5,9999,9,0,1,72,1,0,0,995,0,0,0,43055,9,9,2,4,3,1,2,1,1,1,1,1,0,0,1,1,1,2,1,0,5,3,53,1,1,1,2,D,21,0,0,0,0,0,0,0,0,0,0,125,130,0,0,0,1,0,999,999,999,9999999,999,999,999,9,0,0,0,0,0,0,995,9.8,998,998,998,99.8,99.8,99.8,463.552182004732,5,3
11263,23,98,1-23-2018-098-04,4,2,1FTRX17W13NA,17,12,481,2003,34,5,30,0,1,F,9,1790,5,9999,9,0,0,72,1,0,0,995,0,0,0,43224,9,9,2,4,3,1,2,1,1,1,1,1,0,0,1,1,1,2,9,0,1,3,50,8,1,1,2,D,20,0,0,0,0,0,0,0,0,0,0,130,125,0,0,0,1,0,999,999,999,9999999,999,999,999,9,0,95,95,95,95,0,995,9.8,998,998,998,99.8,99.8,99.8,463.552182004732,5,3
11264,28,56,1-28-2018-056-09,9,1,2HGES16564H6,17,37,31,2004,4,1,2,0,1,F,1,1163,5,0,1,1,1,56,1,9,0,995,0,9,0,16936,1,2,0,4,2,1,5,2,1,4,0,0,0,0,1,2,0,0,1,1,1,6,87,4,4,4,1,A,3,0,0,0,0,0,0,0,0,0,0,998,998,0,0,0,3,11,999,999,999,9999999,999,999,999,6,0,1,1,0,4,0,998,0.0,120,120,-38,16.3,2.5,16.5,413.008107070314,3,3
11265,54,9,1-54-2018-009-08,8,1,1FMEU31E98UB,17,12,473,2008,34,5,30,0,1,F,9,2048,5,9999,9,0,1,40,1,1,8,997,8,9,3,39730,1,9,0,4,2,1,2,1,3,1,0,2,0,0,1,1,0,0,9,1,14,2,13,99,1,4,1,A,1,0,0,0,0,0,0,0,0,0,0,998,998,0,1,1,99,0,999,999,999,9999999,999,999,999,9,0,1,2,0,4,0,998,0.0,28,28,999,14.9,4.5,15.4,346.409938189022,9,3
11266,73,15,1-73-2018-015-04,4,1,2G1105SA9H91,17,20,2,2017,4,1,4,0,1,F,1,1661,5,0,1,1,1,72,1,8,8,997,8,7,3,04967,1,2,2,3,1,1,2,1,1,1,1,2,0,0,1,8,2,2,1,0,11,2,15,1,1,1,6,M,98,0,0,0,0,0,0,0,0,0,0,998,998,0,0,0,1,10,999,999,999,9999999,999,77,22,2,0,1,1,0,0,0,998,9.8,998,998,998,99.8,99.8,99.8,341.885921824658,3,3
11267,25,54,1-25-2018-054-01,1,1,1FMZU73KX3UA,17,12,401,2003,14,3,14,0,1,F,3,1970,5,0,1,1,1,89,1,8,1,0,3,7,3,04093,9,9,0,4,2,1,2,1,1,4,1,2,0,0,4,1,0,0,9,1,1,2,10,8,3,2,3,G,50,0,0,0,0,0,0,0,0,0,0,100,250,0,0,0,1,5,999,999,999,9999999,999,999,60,5,0,2,9,0,1,0,995,9.8,998,998,998,99.8,99.8,99.8,64.3560862485786,2,3
11267,25,54,1-25-2018-054-01,1,2,3AKJHLDR4KSK,17,82,881,2019,66,8,67,0,1,F,9,,,,,,1,89,1,8,1,10,1,7,0,04093,9,9,0,4,2,1,2,1,1,2,1,2,0,0,4,1,0,0,1,0,1,4,62,2,1,1,3,G,51,,,,,,,,,,,,,,,,,,,,,,,,,,,95,95,95,95,,,9.8,998,998,998,99.8,99.8,99.8,64.3560862485786,2,3
11268,25,55,1-25-2018-055-04,4,1,KNDJC7357958,17,63,402,2009,14,3,14,0,1,L,1,2024,5,9999,9,0,1,56,1,1,1,130,1,0,0,04074,9,9,2,1,1,1,2,1,2,1,1,2,0,0,3,1,3,2,9,1,16,2,11,99,1,6,4,K,78,0,0,0,0,0,0,0,0,0,0,230,280,0,0,0,1,3,11,2,11,15709,998,10,14,0,4,0,0,0,0,0,995,9.8,998,998,998,99.8,99.8,99.8,1063.1954777137,2,3
11268,25,55,1-25-2018-055-04,4,2,1N4AL3AP7GN3,17,35,47,2016,4,1,4,0,1,F,1,1453,5,0,1,1,1,40,1,0,0,995,0,0,0,04047,9,9,2,1,2,2,2,1,3,1,0,2,0,0,3,1,3,2,1,0,14,4,65,99,1,1,4,K,79,0,0,0,0,0,0,0,0,0,0,280,230,0,0,0,1,3,15,-13,-7,9717,998,-55,12,0,4,0,0,0,0,0,995,9.8,998,998,998,99.8,99.8,99.8,1063.1954777137,2,3
11269,32,112,1-32-2018-112-06,6,1,19XFA1F67BE0,17,37,31,2011,4,1,3,0,1,F,2,1199,5,0,1,1,1,72,1,0,0,995,0,0,0,75104,2,2,0,4,2,1,2,1,3,2,0,2,0,0,1,8,0,0,1,1,14,2,13,2,2,4,1,A,2,0,0,0,0,0,0,0,0,0,0,998,998,0,0,5,1,10,999,999,999,9999999,999,999,999,7,0,1,1,0,6,0,998,0.0,15,15,999,22.7,7.7,24.0,1793.97589410272,7,3
11270,32,113,1-32-2018-113-06,6,1,5NPEB4AC1DH7,17,55,33,2013,4,1,4,0,1,L,1,1475,5,0,1,1,1,105,1,0,1,0,2,1,2,75104,2,2,1,3,1,1,2,1,1,9,1,1,0,0,1,1,0,0,9,1,16,2,10,99,1,2,2,F,49,0,0,0,0,0,0,0,0,0,0,35,45,0,0,0,1,5,999,999,999,9999999,999,999,11,2,0,1,1,0,4,0,995,9.8,998,998,998,99.8,99.8,99.8,1793.97589410272,7,3
11270,32,113,1-32-2018-113-06,6,2,1XKADP9X6EJ4,17,85,881,2014,66,8,67,0,1,F,9,,,,,,0,105,1,0,0,995,0,0,0,76651,9,9,2,3,2,1,2,1,1,9,1,3,0,0,1,1,0,0,9,0,1,4,74,99,1,1,2,F,49,,,,,,,,,,,,,,,,,,,,,,,,,,,95,95,95,95,,,9.8,998,998,998,99.8,99.8,99.8,1793.97589410272,7,3