CASEID,PSU,CASENO,CASENUMBER,CATEGORY,VEHNO,VIN,VINLENGTH,MAKE,MODEL,MODELYR,BODYTYPE,BODYCAT,VEHCLASS,SPECUSE,TRANSTAT,DAMPLANE,DAMSEV,CURBWT,CURBSRC,CARGOWT,CARGOSRC,INSPTYPE,TOWSTAT,SPEEDLIMIT,DRPRESENT,PARALCOHOL,ALCTEST,ALCTESTRESULT,ALCTESTSRC,PARDRUG,DRUGTEST,ZIP,RACE,ETHNICITY,RELTOJUNCT,TRAFFLOW,RDLANES,INITLANE,SURFTYPE,SURFCOND,ALIGNMENT,PROFILE,LINERIGHT,LINELEFT,RUMBINIT,RUMBROAD,LIGHTCOND,WEATHER,TRAFDEV,TRAFFUNCT,DISTRACT,PREFHE,PREMOVE,CRITCAT,CRITEVENT,MANEUVER,PRESTAB,PRELOC,CRASHCAT,CRASHCONF,CRASHTYPE,ROLLTYPE,ROLLTURN,ROLLINTRPT,ROLLPREMAN,ROLLINITYP,ROLLINLOC,ROLLOBJ,ROLLTRIP,ROLLDIR,ROLLDIST,DVANGTHIS,DVANGOTH,TOWHITCH,TRAJDOC,TREEPOLE,DVEVENT,DVBASIS,DVTOTAL,DVLONG,DVLAT,DVENERGY,DVSPEED,DVMOMENT,DVBES,DVEST,DVCONF,VAIS,VISS,VINJURED,VTREAT,INITOBJCLASS,HEADANGLECAT,SHLDRWIDTH,STRKLENGTH,STRKWIDTH,STRKHEIGHT,EDGEDISTX,EDGEDISTY,EDGEDISTZ,CASEWGT,PSUSTRAT,VERSION
11271,32,114,1-32-2018-114-03,3,1,1HGCR2F54EA3,17,37,32,2014,4,1,4,0,1,F,3,1496,5,0,1,1,1,72,1,1,1,141,1,0,0,75150,1,1,2,1,4,4,1,1,1,1,3,0,0,0,3,1,1,2,9,1,10,2,12,4,1,4,1,B,6,0,0,0,0,0,0,0,0,0,0,998,998,0,0,1,1,1,41,-41,0,101871,998,-12,41,0,1,2,4,0,6,0,998,0.0,19,19,120,6.0,0.5,6.2,1351.5916636147,7,3
11272,12,51,1-12-2018-051-09,9,1,WBADT43403G0,17,34,35,2003,4,1,4,0,1,F,3,1565,5,0,1,1,1,72,1,0,1,0,2,0,2,77484,1,2,0,4,2,1,2,1,1,1,0,0,0,0,2,1,0,0,3,1,1,2,13,1,1,4,1,A,1,0,0,0,0,0,0,0,0,0,0,998,998,0,0,1,1,1,49,-49,0,155591,998,4,49,0,4,0,0,0,4,0,998,0.0,24,24,999,23.1,2.1,23.3,1299.5960750919,9,3
11273,12,52,1-12-2018-052-04,4,1,1GC1KXEY0HF1,17,20,481,2017,34,5,31,0,1,F,1,2991,5,0,1,2,0,56,1,0,0,995,0,0,0,73401,9,9,2,4,2,1,2,1,1,1,1,2,0,0,1,1,0,0,3,0,1,3,50,4,1,1,2,D,20,0,0,0,0,0,0,0,0,0,0,5,355,0,0,0,1,1,9,-9,0,16284,998,-45,12,0,1,95,95,95,95,0,995,9.8,998,998,998,99.8,99.8,99.8,944.608824969612,9,3
11273,12,52,1-12-2018-052-04,4,2,5N1AT2MT1HC7,17,35,51,2017,6,1,3,0,1,B,1,1550,5,0,1,1,1,56,1,0,0,995,0,0,0,73401,1,2,2,4,2,1,2,1,1,1,1,2,0,0,1,1,0,0,1,0,5,3,53,1,1,1,2,D,21,0,0,0,0,0,0,0,0,0,0,355,5,0,0,0,1,1,16,16,3,15061,998,-74,14,0,1,0,0,0,0,0,995,9.8,998,998,998,99.8,99.8,99.8,944.608824969612,9,3
11273,12,52,1-12-2018-052-04,4,3,1GNDS13S6424,17,20,401,2004,14,3,14,0,1,B,1,2092,5,0,1,2,0,56,1,0,0,995,0,0,0,73463,9,9,2,4,2,1,2,1,1,1,1,2,0,0,1,1,0,0,1,0,5,3,53,1,1,1,6,M,98,0,0,0,0,0,0,0,0,0,0,0,340,0,0,0,2,1,10,10,-2,10399,998,97,9,0,1,95,95,95,95,0,995,9.8,998,998,998,99.8,99.8,99.8,944.608824969612,9,3
11274,48,10,1-48-2018-010-06,6,1,1G4GD5ED1BF2,17,18,22,2011,4,1,4,0,1,F,1,1904,5,0,2,1,1,56,1,0,0,995,0,0,0,84302,1,2,2,4,5,2,2,1,1,1,3,1,0,0,1,1,0,0,3,1,1,2,12,1,1,4,1,B,6,1,1,2,2,1,4,61,1,2,4,998,998,0,1,1,2,1,15,-15,0,19398,998,-67,15,0,4,1,2,0,4,3,998,0.0,70,15,17,0.0,0.0,0.0,320.416301358791,12,3
11275,52,53,1-52-2018-053-04,4,1,1G1JC6SB1E41,17,20,28,2014,5,1,1,0,1,F,1,1259,5,0,1,1,1,56,1,0,0,995,0,0,0,59101,9,9,0,5,5,2,2,1,1,1,3,2,0,0,1,1,0,0,3,0,1,3,50,2,1,1,2,D,20,0,0,0,0,0,0,0,0,0,0,190,180,0,0,0,1,1,16,-16,3,9430,998,-24,13,0,4,0,0,0,0,0,995,9.8,998,998,998,99.8,99.8,99.8,549.264654795778,12,3
11275,52,53,1-52-2018-053-04,4,2,3FAFP11352R2,17,12,13,2002,2,1,1,0,1,B,1,1118,8,0,1,2,0,56,1,0,0,995,0,0,0,58001,9,9,0,5,5,2,2,1,1,1,3,2,0,0,1,1,0,0,9,0,5,3,53,99,1,1,2,D,21,0,0,0,0,0,0,0,0,0,0,180,190,0,0,0,1,1,17,17,0,21132,998,-41,20,0,4,95,95,95,95,0,995,9.8,998,998,998,99.8,99.8,99.8,549.264654795778,12,3
11276,16,99,1-16-2018-099-06,6,1,5FNRL5H61DB0,17,37,441,2013,20,4,20,0,1,F,1,2047,5,0,1,1,1,105,1,0,0,995,0,0,0,45215,1,2,1,2,5,2,2,1,1,1,1,3,0,3,1,8,0,0,1,0,1,3,50,2,1,1,2,D,20,0,0,0,0,0,0,0,0,0,0,105,105,0,0,0,1,1,16,-16,0,28462,998,35,18,0,1,1,1,0,6,0,995,9.8,998,998,998,99.8,99.8,99.8,916.210888668442,5,3
11276,16,99,1-16-2018-099-06,6,2,JTHBL46F0750,17,59,32,2007,4,1,5,0,1,B,1,1980,5,0,1,2,0,105,1,0,0,995,0,0,0,45229,9,9,1,2,5,2,2,1,1,1,1,3,0,3,1,8,0,0,1,0,5,3,53,1,1,1,2,D,21,0,0,0,0,0,0,0,0,0,0,105,105,0,0,0,1,1,17,17,0,16159,998,26,14,0,1,95,95,95,95,0,995,9.8,998,998,998,99.8,99.8,99.8,916.210888668442,5,3
11278,10,63,1-10-2018-063-07,7,1,1G4HP54K9Y42,17,18,2,2000,4,1,4,0,1,F,9,1618,5,9999,9,0,0,40,1,0,0,995,0,0,0,45322,9,9,2,4,5,3,2,1,1,1,1,2,0,0,1,8,1,2,1,0,11,2,15,99,1,1,4,J,68,0,0,0,0,0,0,0,0,0,0,310,155,0,0,0,1,0,999,999,999,9999999,999,999,999,9,0,95,95,95,95,0,995,9.8,998,998,998,99.8,99.8,99.8,200.369509667047,4,3
11278,10,63,1-10-2018-063-07,7,2,1G1ZE5EU4BF1,17,20,37,2011,4,1,4,0,1,F,9,1549,5,9999,9,0,1,40,1,0,0,995,0,0,0,45405,2,2,2,4,3,2,2,1,1,1,1,2,0,0,1,8,1,2,1,0,1,4,62,9,1,1,4,J,69,0,0,0,0,0,0,0,0,0,0,155,310,0,0,0,1,0,999,999,999,9999999,999,999,999,9,0,0,0,0,0,0,995,9.8,998,998,998,99.8,99.8,99.8,200.369509667047,4,3
11279,66,45,1-66-2018-045-05,5,1,2FTRX18L23CB,17,12,481,2003,34,5,31,0,1,F,2,1961,5,0,1,1,1,89,1,0,1,0,2,0,1,65605,9,9,0,4,2,1,2,1,1,1,1,4,3,3,2,1,0,0,1,0,1,6,87,99,1,1,1,C,13,0,0,0,0,0,0,0,0,0,0,998,998,0,1,0,1,11,999,999,999,9999999,999,999,999,7,0,1,1,0,4,0,998,9.8,998,998,998,99.8,99.8,99.8,150.828098892324,6,3
11279,66,45,1-66-2018-045-05,5,2,2B3KA43D69H5,17,7,24,2009,4,1,5,0,1,F,2,1733,5,0,1,1,1,89,1,0,1,0,2,0,1,64862,9,9,0,4,2,1,2,1,1,1,1,4,3,3,2,1,0,0,1,0,1,4,62,2,1,1,6,M,98,0,0,0,0,0,0,0,0,0,0,270,85,0,1,0,2,12,999,999,999,9999999,999,999,999,7,0,1,1,0,4,0,995,9.8,998,998,998,99.8,99.8,99.8,150.828098892324,6,3
11280,19,86,1-19-2018-086-04,4,1,KNMAT2MT8HP5,17,35,51,2017,6,1,3,0,1,F,2,1550,5,0,1,1,1,72,1,9,0,995,0,9,0,99999,1,9,2,1,4,2,2,2,2,1,3,3,0,0,3,8,1,2,9,0,14,3,50,1,1,1,2,D,20,0,0,0,0,0,0,0,0,0,0,165,160,0,0,0,1,3,29,-29,0,37230,998,-20,25,0,4,99,99,0,99,0,995,9.8,998,998,998,99.8,99.8,99.8,557.646579037217,9,3
11280,19,86,1-19-2018-086-04,4,2,3TMJU62N16M0,17,49,472,2006,34,5,30,0,1,B,2,1767,5,0,1,2,0,72,1,0,0,995,0,0,0,35907,9,9,2,1,4,2,2,2,1,1,3,3,0,0,3,8,1,2,9,0,5,3,53,1,1,1,2,D,21,0,0,0,0,0,0,0,0,0,0,160,165,0,0,0,1,3,25,25,4,62719,998,-54,29,0,4,95,95,95,95,0,995,9.8,998,998,998,99.8,99.8,99.8,557.646579037217,9,3
11281,19,87,1-19-2018-087-07,7,1,1FAHP23W59G1,17,12,17,2009,4,1,4,0,1,R,1,1653,5,0,1,1,1,72,1,0,0,995,0,0,0,35905,1,2,2,1,4,4,2,1,1,1,1,2,0,0,1,1,1,2,3,0,11,2,15,1,1,1,4,J,68,0,0,0,0,0,0,0,0,0,0,305,185,0,0,0,1,1,14,-11,-9,18469,998,68,15,0,1,1,1,0,6,0,995,9.8,998,998,998,99.8,99.8,99.8,764.665945943562,9,3
11281,19,87,1-19-2018-087-07,7,2,5NMSH13E59H2,17,55,401,2009,14,3,14,0,1,F,1,1871,5,0,1,1,1,72,1,0,0,995,0,0,0,35901,1,2,2,1,4,2,2,1,1,1,1,3,0,0,1,1,1,2,1,0,1,4,62,1,1,1,4,J,69,0,0,0,0,0,0,0,0,0,0,185,305,0,0,0,1,1,13,-12,4,13850,998,82,12,0,1,0,0,0,0,0,995,9.8,998,998,998,99.8,99.8,99.8,764.665945943562,9,3
11282,27,51,1-27-2018-051-10,10,1,2HKYF18115H5,17,37,421,2005,15,3,15,0,1,F,1,2007,5,0,1,1,1,56,1,8,0,995,0,7,9,01201,1,2,0,4,2,1,2,2,3,4,1,2,0,0,1,2,0,0,1,1,14,6,87,98,1,4,1,B,8,0,0,0,0,0,0,0,0,0,0,998,998,0,0,5,5,11,999,999,999,9999999,999,999,999,6,0,0,0,0,0,0,998,0.3,5,5,68,19.4,4.2,20.1,3559.69528838473,3,3
11283,14,48,1-14-2018-048-06,6,1,1J4HB5H10AL2,17,2,403,2010,14,3,14,0,1,B,9,2010,5,9999,9,0,0,72,1,0,0,995,0,0,0,78130,9,9,0,5,3,1,2,1,1,1,1,2,0,0,1,1,0,0,9,0,5,3,53,4,1,1,2,D,21,0,0,0,0,0,0,0,0,0,0,230,180,0,0,0,1,0,999,999,999,9999999,999,999,999,9,0,95,95,95,95,0,995,9.8,998,998,998,99.8,99.8,99.8,6152.44746880582,8,3
11283,14,48,1-14-2018-048-06,6,2,YV4952DL8C23,17,51,50,2012,6,1,3,0,1,F,2,1872,5,9999,9,4,1,72,1,0,0,995,0,0,0,14216,1,9,0,5,3,1,2,1,1,1,1,2,0,0,1,1,0,0,9,0,1,3,50,3,1,1,2,D,20,0,0,0,0,0,0,0,0,0,0,180,230,0,0,0,1,98,999,999,999,9999999,999,999,999,7,0,9,97,0,5,0,995,9.8,998,998,998,99.8,99.8,99.8,6152.44746880582,8,3
11283,14,48,1-14-2018-048-06,6,3,2HGFB2F83CH3,17,37,31,2012,4,1,3,0,1,N,9,1267,5,9999,9,0,0,72,1,0,0,995,0,0,0,78240,9,9,0,5,3,1,2,1,1,1,1,2,0,0,1,1,0,0,9,0,1,6,92,99,1,1,6,M,98,0,0,0,0,0,0,0,0,0,0,997,997,0,0,0,2,0,999,999,999,9999999,999,999,999,9,0,95,95,95,95,0,997,9.8,998,998,998,99.8,99.8,99.8,6152.44746880582,8,3
11284,17,98,1-17-2018-098-03,3,1,2T1BURHE5GC5,17,49,32,2016,4,1,3,0,1,F,2,1265,5,0,1,1,1,113,1,0,0,995,0,9,0,61201,1,2,0,1,4,2,2,2,1,9,3,2,1,3,1,2,0,0,1,1,1,1,6,2,3,4,6,M,98,0,0,0,0,0,0,0,0,0,0,200,40,0,0,0,1,5,999,999,999,9999999,999,999,32,3,0,1,1,0,4,0,995,9.9,999,999,999,99.9,99.9,99.9,162.91288922345,4,3
11284,17,98,1-17-2018-098-03,3,2,3HSDZAPR7KN4,17,84,881,2019,66,8,67,0,1,F,9,,,,,,0,113,1,9,0,995,0,9,0,15205,9,9,0,1,4,1,2,2,1,9,1,3,2,3,1,2,0,0,9,0,1,4,61,99,1,1,6,M,98,,,,,,,,,,,,,,,,,,,,,,,,,,,95,95,95,95,,,9.8,998,998,998,99.8,99.8,99.8,162.91288922345,4,3
11285,17,99,1-17-2018-099-09,9,1,1FAFP36N66W1,17,12,37,2006,5,1,2,0,1,F,1,1262,5,0,1,1,1,48,1,9,0,995,0,9,0,61265,1,2,2,4,4,2,1,1,1,1,3,2,0,0,1,1,1,2,2,0,11,2,15,1,1,1,4,J,68,0,0,0,0,0,0,0,0,0,0,10,240,0,0,0,1,3,15,-14,-5,16648,998,-55,17,0,4,1,1,0,0,0,995,9.8,998,998,998,99.8,99.8,99.8,676.221504287294,4,3
11285,17,99,1-17-2018-099-09,9,2,1C4NJRBB6ED7,17,2,407,2014,14,3,14,0,1,F,1,1511,5,9999,9,0,0,48,1,8,0,995,0,9,0,61265,9,9,2,4,4,1,1,1,1,1,0,2,0,0,1,1,1,2,9,0,1,4,62,99,1,1,4,J,69,0,0,0,0,0,0,0,0,0,0,240,10,0,0,0,1,3,14,-12,7,14650,998,105,12,0,4,95,95,95,95,0,995,9.8,998,998,998,99.8,99.8,99.8,676.221504287294,4,3
11286,17,100,1-17-2018-100-03,3,1,2G1WC5830812,17,20,2,2008,4,1,4,0,1,R,1,1630,5,0,1,1,1,48,1,9,0,995,0,9,0,61201,1,2,2,4,2,1,2,1,1,1,0,0,0,0,1,1,2,2,2,0,1,2,17,1,1,1,5,L,87,0,0,0,0,0,0,0,0,0,0,350,260,0,0,0,1,1,16,-8,-14,10485,998,-53,12,0,1,1,1,0,0,0,995,9.8,998,998,998,99.8,99.8,99.8,162.91288921583,4,3
11286,17,100,1-17-2018-100-03,3,2,3VWJ17AT9HM6,17,30,47,2017,3,1,2,0,1,F,1,1337,5,0,1,1,1,48,1,9,0,995,0,9,0,61265,1,2,2,4,4,1,2,1,1,1,0,3,0,0,1,1,0,0,1,0,1,4,66,2,1,1,5,L,86,0,0,0,0,0,0,0,0,0,0,260,350,0,0,0,1,1,19,-17,10,37613,998,83,22,0,1,1,2,0,6,0,995,9.8,998,998,998,99.8,99.8,99.8,162.91288921583,4,3
11287,24,65,1-24-2018-065-03,3,1,KL8CD6SA4GC5,17,20,29,2016,5,1,1,0,1,B,1,1019,5,0,1,1,1,89,1,0,0,995,0,0,0,08215,1,2,3,4,4,2,2,1,1,1,3,2,1,1,1,1,0,0,1,0,5,3,53,1,1,1,2,D,21,0,0,0,0,0,0,0,0,0,0,290,290,0,0,0,1,3,10,10,0,5157,998,56,10,0,4,1,2,0,6,0,995,9.8,998,998,998,99.8,99.8,99.8,371.100841780304,1,3
11287,24,65,1-24-2018-065-03,3,2,5NPE24AFXHH5,17,55,33,2017,4,1,4,0,1,F,3,1475,5,0,1,1,1,89,1,9,1,0,2,9,0,08234,1,2,3,1,4,2,2,1,1,1,3,2,1,1,1,1,0,0,1,0,1,3,50,7,1,1,2,D,20,0,0,0,0,0,0,0,0,0,0,270,110,0,0,0,2,1,61,-61,0,224042,998,0,61,0,4,2,6,0,3,0,995,9.8,998,998,998,99.8,99.8,99.8,371.100841780304,1,3
11287,24,65,1-24-2018-065-03,3,3,2C3CA5CV8AH2,17,6,51,2010,4,1,5,0,1,F,3,1706,5,0,1,1,1,89,1,9,1,0,2,9,0,08094,2,2,3,1,4,1,2,1,1,1,1,3,2,3,1,1,0,0,1,0,1,4,62,2,1,1,6,M,98,0,0,0,0,0,0,0,0,0,0,110,270,0,0,0,2,1,49,-46,17,220128,998,71,49,0,4,5,38,3,3,0,995,9.8,998,998,998,99.8,99.8,99.8,371.100841780304,1,3
11288,24,66,1-24-2018-066-04,4,1,4S3BNAN6XH30,17,48,34,2017,4,1,3,0,1,F,1,1543,5,0,1,1,1,40,1,0,0,995,0,0,0,08401,1,2,0,4,2,1,2,1,1,1,0,2,0,0,3,1,0,0,3,1,1,2,13,1,1,4,1,C,11,0,0,0,0,0,0,0,0,0,0,10,10,0,0,0,1,3,13,-13,0,10863,998,64,12,0,4,0,0,0,0,0,995,9.8,998,998,998,99.8,99.8,99.8,1134.83804419628,1,3
11288,24,66,1-24-2018-066-04,4,2,5N1DL0MM3JC5,17,58,403,2018,14,3,14,0,2,B,1,2077,5,9999,9,5,,,,,,,,,,,,,,,,,,,,,,,,,,,,,,,,,,,,,,,,,,,,,,,,,,,,,,,,,,,,,,,,,,95,95,95,95,,,,,,,,,,1134.83804419628,1,3
11290,26,103,1-26-2018-103-03,3,1,JN1BV7AP5FM3,17,58,41,2015,4,1,4,0,1,F,9,1638,5,9999,9,0,1,105,1,0,0,995,0,0,0,95828,1,9,0,2,4,3,2,1,1,9,3,3,0,1,1,1,0,0,9,0,1,3,50,2,1,1,2,D,20,0,0,0,0,0,0,0,0,0,0,90,90,0,0,0,1,0,999,999,999,9999999,999,999,999,9,0,0,0,0,0,0,995,9.8,998,998,998,99.8,99.8,99.8,628.23846879504,10,3
11290,26,103,1-26-2018-103-03,3,2,5XYPKDA50GG0,17,63,402,2016,14,3,14,0,1,B,9,1860,5,0,1,3,1,105,1,0,0,995,0,0,0,95678,1,2,0,2,4,3,2,1,1,9,3,3,0,1,1,1,0,0,9,0,5,3,53,99,1,1,2,D,21,0,0,0,0,0,0,0,0,0,0,90,90,0,0,0,1,12,999,999,999,9999999,999,999,999,9,0,99,99,0,4,0,995,9.8,998,998,998,99.8,99.8,99.8,628.23846879504,10,3
11291,26,104,1-26-2018-104-02,2,1,JTDKARFU7G30,17,49,46,2016,5,1,3,0,1,F,3,1390,5,0,1,1,1,105,1,0,0,995,0,0,0,95667,1,2,0,2,4,3,2,1,1,9,3,3,0,1,1,1,0,0,1,0,1,3,52,2,1,1,2,D,28,0,0,0,0,0,0,0,0,0,0,60,60,0,0,0,1,3,40,-40,0,50521,998,0,30,0,4,2,5,0,4,0,995,9.8,998,998,998,99.8,99.8,99.8,25.0261173871061,10,3
11291,26,104,1-26-2018-104-02,2,2,JHMBB61471C0,17,37,33,2001,2,1,2,0,1,B,9,1340,5,9999,9,0,1,105,1,0,1,0,2,0,1,94555,9,1,0,2,4,3,2,1,1,9,3,3,0,1,1,1,0,0,9,0,2,3,53,99,1,1,2,D,29,0,0,0,0,0,0,0,0,0,0,999,999,0,0,0,99,0,999,999,999,9999999,999,999,999,9,0,4,26,1,3,0,999,2.5,999,999,120,99.9,2.5,99.9,25.0261173871061,10,3
11291,26,104,1-26-2018-104-02,2,3,5FNRL5H91BB0,17,37,441,2011,20,4,20,0,1,B,1,2041,5,0,1,2,0,105,1,0,0,995,0,0,0,95630,9,9,0,2,4,3,2,1,1,9,3,3,0,1,1,1,0,0,9,0,1,3,53,99,1,1,6,M,98,0,0,0,0,0,0,0,0,0,0,60,20,0,0,0,2,1,8,7,-1,6993,998,115,8,0,4,95,95,95,95,0,995,9.8,998,998,998,99.8,99.8,99.8,25.0261173871061,10,3
11291,26,104,1-26-2018-104-02,2,4,JTDKN3DU6B14,17,49,46,2011,5,1,3,0,1,L,9,1380,5,9999,9,0,0,105,1,0,0,995,0,0,0,95630,9,9,0,2,4,2,2,1,1,9,3,3,0,1,1,1,0,0,9,0,1,4,60,99,9,1,6,M,98,0,0,0,0,0,0,0,0,0,0,60,10,0,0,0,3,0,999,999,999,9999999,999,999,999,9,0,95,95,95,95,0,995,9.8,998,998,998,99.8,99.8,99.8,25.0261173871061,10,3
11291,26,104,1-26-2018-104-02,2,5,1HGEM22721L0,17,37,31,2001,2,1,2,0,1,F,9,1095,5,9999,9,0,0,105,1,0,0,995,0,0,0,95670,9,9,0,2,4,4,2,1,1,9,3,2,0,1,1,1,0,0,9,0,1,4,61,2,9,1,6,M,98,0,0,0,0,0,0,0,0,0,0,60,175,0,0,0,4,0,999,999,999,9999999,999,999,999,9,0,95,95,95,95,0,995,9.8,998,998,998,99.8,99.8,99.8,25.0261173871061,10,3
11292,31,49,1-31-2018-049-02,2,1,2T3DFREV6GW4,17,49,402,2016,14,3,14,0,1,T,1,1625,5,0,1,1,1,89,1,0,1,0,2,0,2,62821,1,2,0,4,2,1,2,1,1,4,1,2,0,0,1,1,0,0,3,1,1,2,13,99,1,4,1,A,1,1,4,1,2,1,4,61,1,1,12,997,997,0,0,0,3,6,999,999,999,9999999,999,999,999,6,0,3,22,1,3,3,997,0.0,120,120,120,16.8,5.0,17.4,271.439052914931,6,3
11293,33,73,1-33-2018-073-10,10,1,2FAFP71W71X1,17,12,16,2001,4,1,5,0,1,F,2,1900,5,0,1,1,1,40,1,9,0,995,0,0,0,99999,9,9,0,4,2,1,2,1,1,1,0,0,0,0,2,1,0,0,9,1,1,2,13,99,1,4,1,A,1,0,0,0,0,0,0,0,0,0,0,998,998,0,0,1,2,1,37,-32,18,160143,998,126,37,0,1,99,99,0,99,0,998,0.0,33,13,120,8.2,1.6,8.4,1894.94245586624,12,3
11294,29,54,1-29-2018-054-05,5,1,1FAHP2FW5AG1,17,12,17,2010,4,1,4,0,1,F,1,1822,5,0,1,1,1,48,1,8,0,995,0,7,0,02748,1,2,0,4,2,1,2,1,1,1,0,2,0,0,1,1,0,0,1,0,1,3,50,2,1,1,2,D,20,0,0,0,0,0,0,0,0,0,0,310,310,0,0,0,1,5,999,999,999,9999999,999,999,22,2,0,1,1,0,4,0,995,9.8,998,998,998,99.8,99.8,99.8,13.7840080797304,2,3
11294,29,54,1-29-2018-054-05,5,2,1GCHK24UX4E2,17,20,481,2004,39,5,39,0,1,B,1,2459,5,9999,9,2,0,48,1,8,0,995,0,7,0,02744,9,9,0,4,2,1,2,1,1,1,0,2,0,0,1,1,0,0,9,0,5,3,52,1,1,1,2,D,21,0,0,0,0,0,0,0,0,0,0,310,310,0,0,0,1,5,999,999,999,9999999,999,999,999,6,0,95,95,95,95,0,995,9.8,998,998,998,99.8,99.8,99.8,13.7840080797304,2,3
11295,29,55,1-29-2018-055-09,9,1,WBAEU33414PR,17,34,34,2004,4,1,3,0,1,R,1,1570,5,46,2,1,1,56,1,8,0,995,0,7,0,02809,7,2,2,4,2,1,2,1,1,1,1,2,0,0,3,1,2,2,3,1,1,2,13,2,2,4,1,A,1,0,0,0,0,0,0,0,0,0,0,998,998,0,0,0,1,1,19,-18,-7,25920,998,33,19,0,4,1,1,0,0,0,998,0.0,120,32,35,0.0,0.0,0.0,822.581284887133,2,3
11296,29,56,1-29-2018-056-04,4,1,2HKRM4H34GH6,17,37,402,2016,14,3,14,0,1,F,1,1586,5,0,1,1,1,48,1,8,9,998,8,7,9,02720,9,9,2,1,2,1,2,1,1,9,1,3,0,0,1,1,3,2,9,0,1,3,52,99,1,1,2,D,28,0,0,0,0,0,0,0,0,0,0,235,260,0,0,0,1,1,17,-17,-3,42365,998,3,26,0,1,0,0,0,0,0,995,9.8,998,998,998,99.8,99.8,99.8,760.125242812225,2,3
11296,29,56,1-29-2018-056-04,4,2,2T3BFREV4EW1,17,49,402,2014,14,3,14,0,1,B,1,1600,5,0,1,2,0,48,1,8,9,998,8,9,9,02702,9,9,2,2,2,1,2,1,1,9,1,3,0,0,1,1,3,2,1,0,2,3,53,1,1,1,2,D,29,0,0,0,0,0,0,0,0,0,0,260,235,0,0,0,1,1,17,16,-6,6550,998,111,8,0,1,95,95,95,95,0,995,9.8,998,998,998,99.8,99.8,99.8,760.125242812225,2,3
11298,18,49,1-18-2018-049-04,4,1,2GNALCEK6H15,17,20,404,2017,14,3,14,0,1,R,2,1782,5,0,1,1,1,72,1,0,0,995,0,0,0,54701,9,9,2,1,5,5,1,1,1,1,0,0,0,0,1,1,1,2,9,0,11,2,15,2,1,1,4,J,68,0,0,0,0,0,0,0,0,0,0,20,265,0,0,0,1,1,28,-14,-24,22459,998,124,13,0,1,0,0,0,0,0,995,9.8,998,998,998,99.8,99.8,99.8,530.836733073284,6,3
11298,18,49,1-18-2018-049-04,4,2,2G4WB55K3111,17,18,20,2001,4,1,3,0,1,F,2,1563,5,0,1,1,1,72,1,0,0,995,0,0,0,54703,1,2,2,1,4,4,1,1,1,1,3,0,0,0,1,1,1,2,1,0,1,4,62,2,1,1,4,J,69,0,0,0,0,0,0,0,0,0,0,265,20,0,0,0,1,1,32,-31,6,148838,998,54,46,0,1,1,2,0,6,0,995,9.8,998,998,998,99.8,99.8,99.8,530.836733073284,6,3
11299,18,50,1-18-2018-050-03,3,1,2C3CCAGG6GH1,17,6,51,2016,4,1,5,0,1,L,1,1797,5,0,1,1,1,48,1,0,0,995,0,0,0,46774,2,2,2,4,2,1,2,1,1,1,0,0,0,0,1,1,2,2,3,0,1,2,17,1,1,1,5,L,89,0,0,0,0,0,0,0,0,0,0,355,90,0,1,0,1,1,13,-11,6,21959,998,-8,17,0,3,1,1,0,0,0,995,0.0,10,10,80,5.4,5.7,7.8,161.614633504803,6,3
11299,18,50,1-18-2018-050-03,3,2,1FADP3K25GL2,17,12,37,2016,5,1,3,0,1,F,1,1327,5,0,1,1,1,48,1,0,0,995,0,0,0,54729,1,2,2,4,2,1,2,1,1,1,1,4,0,0,1,1,8,2,1,0,1,4,66,1,1,1,5,L,88,0,0,0,0,0,0,0,0,0,0,90,355,0,0,0,1,1,17,-9,-15,31986,998,-163,15,0,3,2,5,0,6,0,995,9.8,998,998,998,99.8,99.8,99.8,161.614633504803,6,3
11300,22,51,1-22-2018-051-09,9,1,1FAHP35N38W1,17,12,37,2008,4,1,2,0,1,F,1,1189,5,56,2,1,1,40,1,8,0,995,0,7,0,83501,1,2,0,4,2,1,2,1,1,1,0,4,0,0,3,1,0,0,3,1,1,2,13,1,1,4,1,C,11,0,0,0,0,0,0,0,0,0,0,90,90,0,0,0,1,8,999,999,999,9999999,999,999,999,6,0,0,0,0,0,0,995,9.8,998,998,998,99.8,99.8,99.8,481.721266852369,12,3
11300,22,51,1-22-2018-051-09,9,2,1B7KF26C7SS2,17,7,482,1995,34,5,31,0,2,B,1,2225,5,0,1,5,,,,,,,,,,,,,,,,,,,,,,,,,,,,,,,,,,,,,,,,,,,,,,,,,,,,,,,,,,,,,,,,,,95,95,95,95,,,,,,,,,,481.721266852369,12,3
11301,22,52,1-22-2018-052-04,4,1,KMHDU46D78U3,17,55,35,2008,4,1,3,0,1,F,1,1313,5,0,1,1,1,40,1,0,0,995,0,0,0,83555,1,2,2,4,3,2,2,1,1,1,1,2,0,0,1,1,1,2,2,0,1,2,17,1,1,1,5,L,86,0,0,0,0,0,0,0,0,0,0,270,0,0,0,0,1,1,8,-3,8,9967,998,181,7,0,3,0,0,0,6,0,995,9.8,998,998,998,99.8,99.8,99.8,414.04754265248,12,3