CASEID,PSU,CASENO,CASENUMBER,CATEGORY,VEHNO,VIN,VINLENGTH,MAKE,MODEL,MODELYR,BODYTYPE,BODYCAT,VEHCLASS,SPECUSE,TRANSTAT,DAMPLANE,DAMSEV,CURBWT,CURBSRC,CARGOWT,CARGOSRC,INSPTYPE,TOWSTAT,SPEEDLIMIT,DRPRESENT,PARALCOHOL,ALCTEST,ALCTESTRESULT,ALCTESTSRC,PARDRUG,DRUGTEST,ZIP,RACE,ETHNICITY,RELTOJUNCT,TRAFFLOW,RDLANES,INITLANE,SURFTYPE,SURFCOND,ALIGNMENT,PROFILE,LINERIGHT,LINELEFT,RUMBINIT,RUMBROAD,LIGHTCOND,WEATHER,TRAFDEV,TRAFFUNCT,DISTRACT,PREFHE,PREMOVE,CRITCAT,CRITEVENT,MANEUVER,PRESTAB,PRELOC,CRASHCAT,CRASHCONF,CRASHTYPE,ROLLTYPE,ROLLTURN,ROLLINTRPT,ROLLPREMAN,ROLLINITYP,ROLLINLOC,ROLLOBJ,ROLLTRIP,ROLLDIR,ROLLDIST,DVANGTHIS,DVANGOTH,TOWHITCH,TRAJDOC,TREEPOLE,DVEVENT,DVBASIS,DVTOTAL,DVLONG,DVLAT,DVENERGY,DVSPEED,DVMOMENT,DVBES,DVEST,DVCONF,VAIS,VISS,VINJURED,VTREAT,INITOBJCLASS,HEADANGLECAT,SHLDRWIDTH,STRKLENGTH,STRKWIDTH,STRKHEIGHT,EDGEDISTX,EDGEDISTY,EDGEDISTZ,CASEWGT,PSUSTRAT,VERSION
11301,22,52,1-22-2018-052-04,4,2,4S4BSAHC1F32,17,48,45,2015,6,1,3,0,1,R,1,1621,5,0,1,1,1,56,1,8,0,995,0,7,0,83501,1,2,2,5,5,1,2,1,1,4,0,3,0,0,1,1,1,2,1,0,1,2,17,1,1,1,5,L,87,0,0,0,0,0,0,0,0,0,0,0,270,0,0,0,1,1,8,-7,-3,5897,998,46,9,0,3,0,0,0,6,0,995,9.8,998,998,998,99.8,99.8,99.8,414.04754265248,12,3
11302,30,61,1-30-2018-061-07,7,1,1XPHD49X6BD1,17,87,881,2011,66,8,67,0,1,L,9,,,,,,0,105,1,0,0,995,0,0,0,79935,9,9,0,2,5,3,2,1,1,1,3,3,0,0,3,1,0,0,1,1,15,2,10,99,1,2,2,F,47,,,,,,,,,,,,,,,,,,,,,,,,,,,95,95,95,95,,,9.8,998,998,998,99.8,99.8,99.8,9707.90231152133,10,3
11302,30,61,1-30-2018-061-07,7,2,1ZVBP8AM7B51,17,12,3,2011,2,1,3,0,1,R,9,1701,5,9999,9,0,1,105,1,0,0,995,0,0,0,85041,1,1,0,2,5,4,2,1,1,1,3,1,0,0,3,1,0,0,1,0,1,4,61,1,1,1,2,F,45,0,0,0,0,0,0,0,0,0,0,180,175,0,0,0,1,0,999,999,999,9999999,999,999,999,9,0,0,0,0,0,0,995,9.8,998,998,998,99.8,99.8,99.8,9707.90231152133,10,3
11303,21,92,1-21-2018-092-01,1,1,JT8BF28G4Y50,17,59,31,2000,4,1,3,0,1,F,2,1505,5,9999,9,4,1,105,1,1,1,162,2,0,2,92324,9,1,2,2,4,1,1,1,1,9,1,3,0,0,3,8,0,0,9,1,1,2,13,99,1,4,1,A,1,1,4,2,2,8,4,49,3,2,15,998,998,0,0,0,2,12,999,999,999,9999999,999,999,999,3,0,6,75,1,1,3,998,3.7,999,999,120,21.1,5.0,21.6,19.3183214354371,11,3
11305,21,94,1-21-2018-094-09,9,1,2C3KA43R07H8,17,6,51,2007,4,1,5,0,1,F,9,1708,5,9999,9,0,1,64,1,0,0,995,0,0,0,92405,1,9,2,4,5,1,2,1,1,1,0,3,0,0,1,1,0,0,9,0,1,4,67,99,1,1,4,K,83,0,0,0,0,0,0,0,0,0,0,250,170,0,0,0,1,0,999,999,999,9999999,999,999,999,9,0,0,0,0,4,0,995,9.8,998,998,998,99.8,99.8,99.8,1110.9430145031,11,3
11305,21,94,1-21-2018-094-09,9,2,1FBJS31H4THA,17,12,461,1996,21,4,21,0,1,L,9,2683,5,9999,9,0,0,48,1,0,0,995,0,0,0,92405,9,9,2,4,2,1,2,1,1,1,0,0,0,0,1,1,2,2,9,0,11,2,15,99,1,1,4,K,82,0,0,0,0,0,0,0,0,0,0,170,250,0,0,0,1,0,999,999,999,9999999,999,999,999,9,0,95,95,95,95,0,995,9.8,998,998,998,99.8,99.8,99.8,1110.9430145031,11,3
11306,20,105,1-20-2018-105-01,1,1,1G1AL58F1872,17,20,22,2008,4,1,2,0,1,R,3,1261,5,0,1,1,1,72,1,9,1,0,2,0,1,93906,9,1,0,1,4,2,2,1,2,1,3,0,0,0,1,1,0,0,9,1,14,2,12,99,9,4,1,B,6,0,0,0,0,0,0,0,0,0,0,5,265,0,0,0,2,1,65,-22,-62,265029,998,41,69,0,1,5,35,1,1,0,995,0.0,7,7,54,23.2,2.5,23.5,113.103766493947,11,3
11306,20,105,1-20-2018-105-01,1,2,2GKALMEK8E61,17,23,402,2014,14,3,14,0,1,F,3,1748,5,0,1,1,1,72,1,0,8,997,8,0,1,93933,2,2,0,1,4,2,2,1,3,4,3,0,0,0,1,1,0,0,9,0,14,4,62,2,1,1,6,M,98,0,0,0,0,0,0,0,0,0,0,265,5,0,0,0,2,1,48,-47,8,142603,998,34,44,0,1,3,10,1,3,0,995,9.8,998,998,998,99.8,99.8,99.8,113.103766493947,11,3
11308,15,101,1-15-2018-101-01,1,1,5FNRL5H95BB0,17,37,441,2011,20,4,20,0,1,R,9,2041,5,9999,9,0,1,48,1,0,1,0,2,0,0,11434,9,9,0,4,5,1,2,1,1,1,1,1,0,0,1,1,0,0,9,1,1,2,13,99,1,4,1,A,1,0,0,0,0,0,0,0,0,0,0,998,998,0,0,1,2,0,999,999,999,9999999,999,999,999,9,0,3,10,1,1,0,998,0.1,8,4,999,4.2,0.6,4.2,37.4048692244486,1,3
11308,15,101,1-15-2018-101-01,1,2,3BPNLD9X1WF4,17,87,898,1998,78,8,78,0,1,R,9,,,,,,1,48,1,0,0,995,0,0,0,11520,9,9,0,4,5,2,2,1,1,1,1,1,0,0,1,1,0,0,9,0,1,4,60,99,1,1,6,M,98,,,,,,,,,,,,,,,,,,,,,,,,,,,95,95,95,95,,,9.8,998,998,998,99.8,99.8,99.8,37.4048692244486,1,3
11309,15,102,1-15-2018-102-04,4,1,1HGFA16806L0,17,37,31,2006,4,1,3,0,1,L,1,1224,5,0,1,1,1,48,1,0,0,995,0,0,0,11577,1,1,2,4,4,1,2,1,1,1,1,1,0,0,1,8,1,2,9,0,1,4,62,1,1,1,4,J,69,0,0,0,0,0,0,0,0,0,0,0,140,0,0,0,1,3,8,-3,8,6634,998,78,10,0,4,0,0,0,0,0,995,9.8,998,998,998,99.8,99.8,99.8,1445.41912344948,1,3
11309,15,102,1-15-2018-102-04,4,2,WDCTG4GB9GJ2,17,42,55,2016,5,1,3,0,1,F,1,1505,5,9999,9,0,1,48,1,0,0,995,0,0,0,11762,9,9,2,4,4,2,2,1,1,1,1,2,0,0,1,8,1,2,9,0,11,2,15,99,1,1,4,J,68,0,0,0,0,0,0,0,0,0,0,140,0,0,0,0,1,3,8,-3,8,6634,998,78,10,0,4,0,0,0,0,0,995,9.8,998,998,998,99.8,99.8,99.8,1445.41912344948,1,3
11310,21,95,1-21-2018-095-05,5,1,2C3CDXBG0DH7,17,7,24,2013,4,1,5,0,1,F,2,1797,5,0,1,1,1,72,1,0,1,0,2,0,1,92346,9,9,0,5,5,1,2,1,1,1,0,3,0,0,3,1,0,0,9,0,1,3,51,3,2,1,6,M,98,0,0,0,0,0,0,0,0,0,0,265,215,0,1,0,1,5,999,999,999,9999999,999,999,29,3,0,3,14,1,3,0,995,0.0,60,20,20,0.0,0.0,0.0,24.6169956853338,11,3
11310,21,95,1-21-2018-095-05,5,2,3AKJGEDV8GSG,17,82,881,2016,66,8,67,0,1,B,9,,,,,,1,72,1,0,0,995,0,0,0,92410,9,9,0,5,5,1,2,1,1,1,0,3,0,0,3,1,0,0,1,0,12,3,53,1,1,2,6,M,98,,,,,,,,,,,,,,,,,,,,,,,,,,,95,95,95,95,,,9.8,998,998,998,99.8,99.8,99.8,24.6169956853338,11,3
11311,13,93,1-13-2018-093-03,3,1,1GKEC13T55R2,17,23,421,2005,15,3,15,0,1,L,1,2287,5,9999,9,0,0,64,1,0,0,995,0,0,0,76010,9,9,2,1,4,2,2,1,1,2,1,1,0,0,1,1,1,2,9,0,1,2,17,99,1,1,5,L,89,0,0,0,0,0,0,0,0,0,0,180,270,0,0,0,1,3,12,-2,12,20226,998,-25,15,0,4,95,95,95,95,0,995,9.8,998,998,998,99.8,99.8,99.8,1541.57691866485,7,3
11311,13,93,1-13-2018-093-03,3,2,1N4AL3AP1EN3,17,35,47,2014,4,1,4,0,1,F,1,1451,5,0,1,1,1,64,1,0,0,995,0,0,0,76010,1,1,2,1,3,1,1,1,3,1,0,3,0,0,1,1,1,2,1,0,14,4,66,4,1,1,5,L,88,0,0,0,0,0,0,0,0,0,0,270,180,0,0,0,1,3,18,-18,-3,12511,998,-24,14,0,1,0,0,0,0,0,995,9.8,998,998,998,99.8,99.8,99.8,1541.57691866485,7,3
11312,10,64,1-10-2018-064-03,3,1,2G1WB58K3812,17,20,2,2008,4,1,4,0,1,F,9,1630,5,9999,9,5,1,56,1,0,0,995,0,0,0,45406,9,9,2,4,2,1,2,1,1,1,0,2,0,0,1,8,1,2,1,0,1,2,17,99,1,1,5,L,86,0,0,0,0,0,0,0,0,0,0,105,205,0,0,0,1,12,999,999,999,9999999,999,999,999,9,0,99,99,0,5,0,995,9.8,998,998,998,99.8,99.8,99.8,41.9176453515222,4,3
11312,10,64,1-10-2018-064-03,3,2,2C3CDXBG3FH7,17,7,24,2015,4,1,5,0,1,R,9,1785,5,9999,9,0,1,40,1,0,0,995,0,0,0,45406,9,9,2,4,2,1,2,1,1,1,0,0,0,0,1,8,1,2,1,0,1,4,66,99,1,1,5,L,87,0,0,0,0,0,0,0,0,0,0,205,105,0,0,0,1,0,999,999,999,9999999,999,999,999,9,0,9,97,0,8,0,995,9.8,998,998,998,99.8,99.8,99.8,41.9176453515222,4,3
11316,26,105,1-26-2018-105-05,5,1,JTHBD1924300,17,59,35,2003,4,1,3,0,1,F,1,1490,5,9999,9,4,1,72,1,1,8,997,8,0,0,95662,1,9,0,4,5,2,2,1,1,1,3,2,0,0,3,1,0,0,9,0,1,4,63,2,2,1,3,I,66,0,0,0,0,0,0,0,0,0,0,250,145,0,0,0,1,3,15,-14,-5,11356,998,-67,12,0,4,0,0,0,0,0,995,9.8,998,998,998,99.8,99.8,99.8,48.8868585005677,10,3
11316,26,105,1-26-2018-105-05,5,2,1HGCP26409A0,17,37,32,2009,4,1,4,0,1,L,1,1468,5,0,1,1,1,72,1,1,8,997,8,0,0,95610,7,2,0,4,5,2,2,1,1,1,3,2,0,0,3,1,0,0,9,1,1,2,10,99,1,2,3,I,66,0,0,0,0,0,0,0,0,0,0,145,250,0,0,0,1,3,15,-8,13,26345,998,102,17,0,4,2,9,0,4,0,995,9.8,998,998,998,99.8,99.8,99.8,48.8868585005677,10,3
11320,11,27,1-11-2018-027-03,3,1,2C3CDXCT8HH6,17,7,24,2017,4,1,5,0,1,F,1,1934,5,0,2,6,0,40,1,0,0,995,0,0,0,23234,9,9,2,4,2,1,2,1,2,2,0,2,0,0,1,1,2,2,2,0,4,2,15,4,1,1,4,K,82,0,0,0,0,0,0,0,0,0,0,130,250,0,0,0,1,3,7,-7,1,4551,998,41,8,0,4,95,95,95,95,0,995,9.8,998,998,998,99.8,99.8,99.8,1313.73677797998,8,3
11320,11,27,1-11-2018-027-03,3,2,3N1AB7APXFY2,17,35,43,2015,4,1,3,0,1,R,1,1293,5,0,1,1,1,56,1,0,0,995,0,0,0,23225,2,9,2,1,2,1,2,1,1,1,0,3,0,0,1,1,0,0,1,0,1,4,67,1,1,1,4,K,83,0,0,0,0,0,0,0,0,0,0,250,130,0,0,0,1,3,10,-6,-7,10658,998,155,9,0,4,0,0,0,4,0,995,0.0,120,114,14,0.0,0.0,0.0,1313.73677797998,8,3
11321,11,28,1-11-2018-028-03,3,1,3VW167AJ6HM4,17,30,40,2017,4,1,3,0,1,F,1,1364,5,0,1,1,1,97,1,0,0,995,0,0,0,23235,1,2,0,2,3,1,2,1,2,1,1,3,0,0,2,1,0,0,1,0,14,3,52,7,1,2,2,D,28,0,0,0,0,0,0,0,0,0,0,120,135,0,0,0,1,1,15,-15,-3,15050,998,7,16,0,4,0,0,0,0,0,995,9.8,998,998,998,99.8,99.8,99.8,1313.73677797998,8,3
11321,11,28,1-11-2018-028-03,3,2,WBABJ7331XEA,17,34,34,1999,1,1,3,0,1,B,1,1495,5,0,1,1,1,97,1,0,0,995,0,0,0,23451,9,9,0,2,3,1,2,1,2,1,1,3,0,0,2,1,0,0,1,0,14,3,53,1,1,1,2,D,29,0,0,0,0,0,0,0,0,0,0,135,120,0,0,0,1,1,14,13,-2,13316,998,85,12,0,1,99,99,0,99,0,995,9.8,998,998,998,99.8,99.8,99.8,1313.73677797998,8,3
11323,77,18,1-77-2018-018-07,7,1,1HGCM56835A1,17,37,32,2005,4,1,3,0,1,R,1,1389,5,0,1,1,1,72,1,0,1,0,2,0,0,22932,9,9,2,1,2,1,2,1,1,2,0,0,0,0,1,1,2,2,9,0,1,2,17,1,1,1,5,L,87,0,0,0,0,0,0,0,0,0,0,25,300,0,0,0,1,1,23,-11,-20,16726,998,-95,14,0,1,3,19,1,3,0,995,0.5,75,10,15,0.0,0.0,0.0,9800.11023700059,9,3
11323,77,18,1-77-2018-018-07,7,2,1FTFW1EV4AFB,17,12,481,2010,34,5,31,0,1,F,1,2522,5,0,1,1,1,72,1,0,0,995,0,0,0,22727,9,9,2,4,5,2,2,1,1,1,1,1,0,0,1,1,0,0,9,0,1,3,55,4,1,3,5,L,86,0,0,0,0,0,0,0,0,0,0,300,25,0,0,0,1,1,12,-11,6,43631,998,81,19,0,1,0,0,0,0,0,995,9.8,998,998,998,99.8,99.8,99.8,9800.11023700059,9,3
11325,24,68,1-24-2018-068-09,9,1,1J4GZ58S2TC3,17,2,404,1996,14,3,14,0,1,L,1,1788,5,0,1,1,1,40,1,0,0,995,0,0,0,21401,1,1,3,4,2,1,2,2,1,1,0,0,0,0,3,2,0,0,1,0,11,2,15,2,1,7,4,K,82,0,0,0,0,0,0,0,0,0,0,160,270,0,0,0,1,1,9,-7,6,8592,998,-55,10,0,1,1,1,0,4,0,995,9.8,998,998,998,99.8,99.8,99.8,720.795048096089,1,3
11325,24,68,1-24-2018-068-09,9,2,JNKCV51EX6M5,17,58,37,2006,4,1,4,0,1,F,1,1536,5,0,1,1,1,40,1,0,0,995,0,0,0,08406,1,1,3,4,4,2,2,2,1,1,1,2,0,0,3,2,0,0,1,0,1,4,72,1,1,1,4,K,83,0,0,0,0,0,0,0,0,0,0,270,160,0,0,0,1,1,12,-10,-6,15381,998,-137,11,0,1,1,1,0,6,0,995,9.8,998,998,998,99.8,99.8,99.8,720.795048096089,1,3
11326,24,69,1-24-2018-069-03,3,1,1GBJK39UX5E3,17,20,881,2005,61,8,60,0,1,L,9,,,,,,1,80,1,0,0,995,0,0,0,19020,9,9,2,4,2,1,2,1,1,1,1,2,1,1,1,1,0,0,9,1,1,2,10,99,1,2,3,I,64,,,,,,,,,,,,,,,,,,,,,,,,,,,95,95,95,95,,,9.8,998,998,998,99.8,99.8,99.8,211.975822958669,1,3
11326,24,69,1-24-2018-069-03,3,2,JM3KE2BE3F05,17,41,403,2015,14,3,14,0,1,F,1,1451,5,0,1,1,1,80,1,0,0,995,0,0,0,08088,1,2,2,4,2,1,2,1,1,1,1,4,1,1,1,1,0,0,1,0,1,4,62,1,1,1,3,I,65,0,0,0,0,0,0,0,0,0,0,20,215,0,0,0,1,5,999,999,999,9999999,999,999,12,2,0,0,0,0,6,0,995,9.8,998,998,998,99.8,99.8,99.8,211.975822958669,1,3
11327,54,10,1-54-2018-010-04,4,1,1C4PJLDB1GW2,17,2,404,2016,14,3,14,0,1,F,9,1669,5,0,2,0,1,105,1,0,0,995,0,0,0,75156,1,2,0,1,2,1,2,1,1,1,1,3,2,3,2,1,0,0,1,0,1,6,87,2,1,1,1,C,13,0,0,0,0,0,0,0,0,0,0,998,998,0,0,0,1,0,999,999,999,9999999,999,999,999,9,0,0,0,0,0,0,998,9.8,998,998,998,99.8,99.8,99.8,707.015583609729,9,3
11328,73,16,1-73-2018-016-05,5,1,3VWDP7AJ9CM4,17,30,40,2012,4,1,3,0,1,R,3,1381,5,0,1,1,1,80,1,0,0,995,0,0,0,04937,9,9,2,4,3,2,2,1,1,1,3,2,0,0,3,1,0,0,9,0,11,2,15,1,1,1,4,J,68,0,0,0,0,0,0,0,0,0,0,110,0,0,0,0,1,5,999,999,999,9999999,999,999,999,4,0,1,1,0,8,0,995,9.8,998,998,998,99.8,99.8,99.8,130.293631352311,3,3
11328,73,16,1-73-2018-016-05,5,2,1FTSW21P85EB,17,12,481,2005,34,5,31,0,1,F,1,2966,4,0,1,1,1,80,1,8,8,997,8,0,3,01949,9,9,2,4,4,2,2,1,1,4,3,2,0,0,3,1,0,0,1,0,1,4,62,2,1,1,4,J,69,0,0,0,0,0,0,0,0,0,0,0,110,1,0,0,1,5,999,999,999,9999999,999,999,999,2,0,0,0,0,0,0,995,9.8,998,998,998,99.8,99.8,99.8,130.293631352311,3,3
11329,23,99,1-23-2018-099-02,2,1,2G1WB5E34F11,17,20,2,2015,4,1,4,0,1,F,2,1717,5,0,1,1,1,89,1,0,1,0,2,0,0,43315,9,9,2,4,2,1,2,1,1,1,0,0,0,0,1,1,0,0,1,0,1,4,66,1,1,1,5,L,86,0,0,0,0,0,0,0,0,0,0,175,255,0,0,0,1,1,39,-37,13,86525,998,75,31,0,3,3,10,1,3,0,995,9.8,998,998,998,99.8,99.8,99.8,58.0100435530798,5,3
11329,23,99,1-23-2018-099-02,2,2,WBANV93518CZ,17,34,35,2008,4,1,4,0,1,R,2,1860,5,0,1,1,1,89,1,0,0,995,0,0,0,43315,1,2,2,4,2,1,4,1,1,1,0,0,0,0,1,1,2,2,1,1,1,2,17,1,1,2,5,L,87,0,0,0,0,0,0,0,0,0,0,255,175,0,0,0,1,1,38,-7,-37,156472,998,-12,45,0,3,0,0,0,0,0,995,9.8,998,998,998,99.8,99.8,99.8,58.0100435530798,5,3
11330,23,100,1-23-2018-100-03,3,1,1FMCU0G93EUD,17,12,402,2014,14,3,14,0,1,F,9,1635,5,9999,9,0,1,105,1,0,0,995,0,0,0,43074,9,9,0,2,3,1,2,2,1,1,3,3,0,3,1,2,0,0,1,1,1,2,12,99,1,4,1,B,6,0,0,0,0,0,0,0,0,0,0,998,998,0,0,0,1,0,999,999,999,9999999,999,999,999,9,0,9,97,0,99,0,998,2.4,6,6,119,1.9,0.8,2.1,489.171863404237,5,3
11331,23,101,1-23-2018-101-04,4,1,1FTRX07213KD,17,12,481,2003,34,5,31,0,1,F,1,1917,5,9999,9,5,1,56,1,0,0,995,0,0,0,43015,1,2,2,4,2,1,2,1,1,1,0,0,0,0,1,8,0,0,2,0,1,2,19,3,1,1,5,L,86,0,0,0,0,0,0,0,0,0,0,5,95,0,0,0,1,12,999,999,999,9999999,999,999,999,6,0,0,0,0,5,0,995,9.8,998,998,998,99.8,99.8,99.8,1489.62315090628,5,3
11331,23,101,1-23-2018-101-04,4,2,WMWXM5C50FT9,17,69,54,2015,3,1,1,0,1,R,9,1182,5,9999,9,0,1,56,1,0,0,995,0,0,0,43015,9,9,2,4,3,1,2,1,1,1,0,2,0,0,1,8,0,0,1,0,1,4,67,99,1,1,5,L,87,0,0,0,0,0,0,0,0,0,0,95,5,0,0,0,1,0,999,999,999,9999999,999,999,999,9,0,0,0,0,0,0,995,9.8,998,998,998,99.8,99.8,99.8,1489.62315090628,5,3
11332,12,53,1-12-2018-053-03,3,1,1FMFK18578LA,17,12,422,2008,15,3,15,0,1,L,2,2792,5,0,1,1,1,72,1,0,0,995,0,0,0,73401,1,2,3,4,2,1,1,1,1,1,0,0,0,0,1,8,0,0,1,0,10,2,16,1,1,1,4,K,78,0,0,0,0,0,0,0,0,0,0,30,80,0,0,0,1,3,26,9,25,118722,998,-59,31,0,4,1,1,0,4,0,995,9.8,998,998,998,99.8,99.8,99.8,1418.45754225805,9,3
11332,12,53,1-12-2018-053-03,3,2,1FTFW1ET2EKE,17,12,481,2014,34,5,31,0,1,F,2,2574,5,0,1,1,1,72,1,0,0,995,0,0,0,73401,1,2,3,1,4,3,2,1,1,1,3,1,0,0,1,8,0,0,1,0,1,4,71,3,1,1,4,K,79,0,0,0,0,0,0,0,0,0,0,80,30,0,0,0,1,3,28,-27,-10,72039,998,-92,23,0,4,0,0,0,0,0,995,9.8,998,998,998,99.8,99.8,99.8,1418.45754225805,9,3
11332,12,53,1-12-2018-053-03,3,3,2LMDJ6JK9EBL,17,13,14,2014,6,1,4,0,1,R,1,2008,5,0,1,1,1,72,1,0,0,995,0,0,0,73401,1,2,3,1,4,4,2,1,1,1,1,2,0,0,1,8,0,0,1,0,5,4,61,1,1,1,6,M,98,0,0,0,0,0,0,0,0,0,0,90,25,0,0,0,2,1,15,7,-13,6686,998,96,7,0,1,0,0,0,6,0,995,9.8,998,998,998,99.8,99.8,99.8,1418.45754225805,9,3
11333,77,19,1-77-2018-019-02,2,1,KMHCT4AE0HU3,17,55,36,2017,4,1,2,0,1,T,2,1155,5,0,1,1,1,89,1,9,1,0,2,0,3,22903,1,2,2,1,2,1,2,1,3,1,3,2,0,0,2,1,0,0,9,1,14,2,13,1,1,4,1,A,1,1,2,1,2,2,4,42,4,2,22,996,996,0,1,0,7,11,999,999,999,9999999,999,999,999,7,0,3,22,1,3,3,996,7.8,38,120,14,16.0,6.4,16.5,191.424290157716,9,3
11334,14,49,1-14-2018-049-04,4,1,3KPFL4A85HE1,17,63,38,2017,4,1,3,0,1,F,1,1318,5,0,1,1,1,72,1,0,0,995,0,0,0,78130,1,9,0,3,3,1,2,1,1,1,0,3,0,0,1,1,0,0,9,0,1,4,60,8,1,1,2,E,42,0,0,0,0,0,0,0,0,0,0,230,240,0,0,0,3,11,999,999,999,9999999,999,999,999,6,0,0,0,0,0,0,995,0.0,120,13,18,0.0,0.0,0.0,5145.47287859154,8,3
11334,14,49,1-14-2018-049-04,4,2,999999999999,99,99,999,9999,99,10,99,99,1,9,9,,,,,,0,72,1,9,0,995,0,9,0,99999,9,9,0,3,3,2,2,1,1,1,3,1,0,0,1,1,0,0,9,1,15,2,11,99,1,2,2,E,42,,,,,,,,,,,,,,,,,,,,,,,,,,,95,95,95,95,,,9.8,998,998,998,99.8,99.8,99.8,5145.47287859154,8,3
11334,14,49,1-14-2018-049-04,4,3,1FTEW1EG4FKF,17,12,481,2015,34,5,31,0,1,B,9,9999,9,9999,9,0,0,72,1,0,0,995,0,0,0,78626,9,9,0,3,3,1,2,1,1,1,0,3,0,0,1,1,0,0,9,0,5,3,53,99,1,1,6,M,98,0,0,0,0,0,0,0,0,0,0,240,230,0,0,0,3,0,999,999,999,9999999,999,999,999,9,0,95,95,95,95,0,995,9.8,998,998,998,99.8,99.8,99.8,5145.47287859154,8,3
11335,25,56,1-25-2018-056-06,6,1,1C3CCBCG4DN5,17,6,18,2013,4,1,3,0,1,F,1,1544,5,0,1,1,1,56,1,0,0,995,0,0,0,04011,9,9,0,4,2,1,2,2,1,1,1,2,0,0,1,8,0,0,9,0,1,3,52,99,1,1,2,D,28,0,0,0,0,0,0,0,0,0,0,60,60,0,0,0,1,1,12,-12,0,9850,998,13,12,0,1,1,1,0,99,0,995,9.8,998,998,998,99.8,99.8,99.8,544.186261150885,2,3
11335,25,56,1-25-2018-056-06,6,2,YV1RH5929927,17,51,47,2009,4,1,3,0,1,B,1,1455,5,0,1,2,0,56,1,0,0,995,0,0,0,04011,9,9,0,4,2,1,2,2,1,1,1,2,0,0,1,8,0,0,1,0,2,3,53,99,1,1,2,D,29,0,0,0,0,0,0,0,0,0,0,60,60,0,0,0,1,1,13,13,0,9047,998,0,13,0,1,95,95,95,95,0,995,9.8,998,998,998,99.8,99.8,99.8,544.186261150885,2,3
11336,28,57,1-28-2018-057-06,6,1,JF2SH64669H7,17,48,401,2009,14,3,14,0,1,L,1,1483,5,0,1,1,1,40,1,0,0,995,0,0,0,16720,1,2,2,4,2,1,2,1,1,1,0,0,0,0,1,1,2,2,1,0,11,4,62,1,1,1,4,K,82,0,0,0,0,0,0,0,0,0,0,180,310,0,0,0,1,3,11,-2,11,16197,998,-154,11,0,1,1,3,0,3,0,995,9.8,998,998,998,99.8,99.8,99.8,147.16919998635,3,3
11336,28,57,1-28-2018-057-06,6,2,1GNDT13S2721,17,20,403,2007,14,3,14,0,1,F,1,2084,5,0,2,4,1,64,1,0,0,995,0,0,0,16915,1,2,2,4,2,1,2,1,1,1,1,2,0,0,1,1,0,0,1,0,1,4,67,1,1,1,4,K,83,0,0,0,0,0,0,0,0,0,0,310,180,0,0,0,1,3,8,-7,4,7859,998,114,8,0,4,0,0,0,0,0,995,9.8,998,998,998,99.8,99.8,99.8,147.16919998635,3,3
11338,32,115,1-32-2018-115-09,9,1,3VWCB21C61M4,17,30,47,2001,3,1,1,0,1,F,1,1256,5,0,1,1,1,113,1,1,8,997,8,1,3,75041,1,1,0,3,4,2,2,1,1,2,3,3,0,0,3,1,0,0,1,1,1,1,1,7,2,4,1,A,2,0,0,0,0,0,0,0,0,0,0,998,998,0,0,0,1,1,14,-14,0,12975,998,52,14,0,1,1,1,0,5,0,998,3.2,120,999,999,6.0,6.5,3.2,3940.41201892591,7,3
11339,32,116,1-32-2018-116-01,1,1,1FUJGLD52GLG,17,82,881,2016,66,8,67,0,1,F,9,,,,,,0,105,1,0,0,995,0,0,0,77429,9,9,1,1,4,3,2,1,1,2,3,3,0,0,1,1,0,0,9,0,1,4,61,99,1,1,2,F,48,,,,,,,,,,,,,,,,,,,,,,,,,,,95,95,95,95,,,9.8,998,998,998,99.8,99.8,99.8,70.2247992531397,7,3
11339,32,116,1-32-2018-116-01,1,2,1G3GR62H1141,17,21,22,2001,4,1,4,0,1,F,3,1672,5,0,1,1,1,105,1,0,1,0,4,0,0,75237,2,2,1,1,4,1,2,1,1,2,1,3,0,0,1,1,0,0,9,1,1,2,13,99,9,6,2,F,48,0,0,0,0,0,0,0,0,0,0,998,998,0,0,0,2,10,999,999,999,9999999,999,23,48,4,0,1,1,0,1,0,998,2.9,999,999,999,18.9,3.9,19.1,70.2247992531397,7,3
11342,52,55,1-52-2018-055-04,4,1,1FTEW1EG0JKD,17,12,481,2018,34,5,31,0,1,F,1,2130,5,136,1,1,1,72,1,0,0,995,0,0,0,59019,1,2,0,1,2,1,2,1,2,1,1,2,0,0,1,8,0,0,2,0,1,3,52,2,1,1,2,D,28,0,0,0,0,0,0,0,0,0,0,140,140,0,0,0,1,5,999,999,999,9999999,999,999,18,2,0,1,1,0,0,0,995,9.8,998,998,998,99.8,99.8,99.8,181.519009265898,12,3
11342,52,55,1-52-2018-055-04,4,2,1FTJW36F2SEA,17,12,481,1995,34,5,31,0,1,B,1,2556,5,136,1,2,0,72,1,0,0,995,0,0,0,59072,9,9,0,1,2,1,2,1,2,1,1,2,0,0,1,8,0,0,1,0,2,3,53,1,1,1,2,D,29,0,0,0,0,0,0,0,0,0,0,140,140,1,0,0,1,5,999,999,999,9999999,999,999,999,6,0,95,95,95,95,0,995,9.8,998,998,998,99.8,99.8,99.8,181.519009265898,12,3