CASEID,PSU,CASENO,CASENUMBER,CATEGORY,VEHNO,VIN,VINLENGTH,MAKE,MODEL,MODELYR,BODYTYPE,BODYCAT,VEHCLASS,SPECUSE,TRANSTAT,DAMPLANE,DAMSEV,CURBWT,CURBSRC,CARGOWT,CARGOSRC,INSPTYPE,TOWSTAT,SPEEDLIMIT,DRPRESENT,PARALCOHOL,ALCTEST,ALCTESTRESULT,ALCTESTSRC,PARDRUG,DRUGTEST,ZIP,RACE,ETHNICITY,RELTOJUNCT,TRAFFLOW,RDLANES,INITLANE,SURFTYPE,SURFCOND,ALIGNMENT,PROFILE,LINERIGHT,LINELEFT,RUMBINIT,RUMBROAD,LIGHTCOND,WEATHER,TRAFDEV,TRAFFUNCT,DISTRACT,PREFHE,PREMOVE,CRITCAT,CRITEVENT,MANEUVER,PRESTAB,PRELOC,CRASHCAT,CRASHCONF,CRASHTYPE,ROLLTYPE,ROLLTURN,ROLLINTRPT,ROLLPREMAN,ROLLINITYP,ROLLINLOC,ROLLOBJ,ROLLTRIP,ROLLDIR,ROLLDIST,DVANGTHIS,DVANGOTH,TOWHITCH,TRAJDOC,TREEPOLE,DVEVENT,DVBASIS,DVTOTAL,DVLONG,DVLAT,DVENERGY,DVSPEED,DVMOMENT,DVBES,DVEST,DVCONF,VAIS,VISS,VINJURED,VTREAT,INITOBJCLASS,HEADANGLECAT,SHLDRWIDTH,STRKLENGTH,STRKWIDTH,STRKHEIGHT,EDGEDISTX,EDGEDISTY,EDGEDISTZ,CASEWGT,PSUSTRAT,VERSION
11377,30,62,1-30-2018-062-02,2,1,1FTYR10C6WUC,17,12,471,1998,34,5,30,0,1,F,1,1365,5,9999,9,0,1,72,1,9,1,0,2,9,1,85326,9,9,2,5,5,3,2,1,1,1,4,4,0,0,1,8,0,0,9,0,11,2,15,99,1,1,4,J,68,0,0,0,0,0,0,0,0,0,0,230,80,0,1,0,1,3,7,2,-7,2965,998,-20,7,0,4,5,38,1,1,0,995,9.8,998,998,998,99.8,99.8,99.8,52.9056092521114,10,3
11377,30,62,1-30-2018-062-02,2,2,3GNAL2EK4ES5,17,20,405,2014,14,3,14,0,1,F,3,1724,8,0,1,1,1,72,1,0,1,0,2,0,0,85323,9,1,2,5,5,2,2,1,1,1,3,4,0,0,1,8,0,0,1,0,1,4,62,99,1,1,4,J,69,0,0,0,0,0,0,0,0,0,0,80,230,0,1,0,1,3,43,-37,21,102927,998,106,30,0,4,2,4,0,3,0,995,9.8,998,998,998,99.8,99.8,99.8,52.9056092521114,10,3
11379,24,70,1-24-2018-070-04,4,1,KMHCU4AE8EU5,17,55,36,2014,4,1,2,0,1,F,1,1180,5,0,1,1,1,40,1,0,0,995,0,0,0,08401,1,2,2,3,2,1,2,1,1,1,3,0,0,0,3,1,1,2,1,0,1,2,17,8,1,1,5,L,86,0,0,0,0,0,0,0,0,0,0,130,230,0,0,0,1,1,19,-18,7,31121,998,71,22,0,1,1,2,0,6,0,995,9.8,998,998,998,99.8,99.8,99.8,648.228732551812,1,3
11379,24,70,1-24-2018-070-04,4,2,4JGAB54E5WA0,17,42,401,1998,14,3,14,0,1,R,1,1905,5,0,1,2,0,40,1,0,0,995,0,0,0,08401,9,9,2,4,2,1,2,1,1,1,0,2,0,0,3,1,1,2,9,0,1,4,66,99,1,1,5,L,87,0,0,0,0,0,0,0,0,0,0,230,130,0,0,0,1,1,13,-6,-11,5213,998,-47,8,0,1,95,95,95,95,0,995,9.8,998,998,998,99.8,99.8,99.8,648.228732551812,1,3
11380,59,60,1-59-2018-060-03,3,1,1FMCU0GXXFUA,17,12,402,2015,14,3,14,0,1,R,1,1635,5,0,1,4,1,48,1,0,0,995,0,0,0,47803,9,9,2,4,2,1,2,1,1,1,0,0,0,0,1,1,3,2,9,0,1,2,17,99,1,1,5,L,87,0,0,0,0,0,0,0,0,0,0,180,90,0,0,0,1,12,999,999,999,9999999,999,999,999,2,0,1,1,0,5,0,995,9.8,998,998,998,99.8,99.8,99.8,541.072538578101,6,3
11380,59,60,1-59-2018-060-03,3,2,1LNHL9FT0CG8,17,13,15,2012,4,1,4,0,1,F,1,1940,5,0,1,4,1,48,1,0,0,995,0,0,0,47803,9,9,2,3,2,2,2,1,1,1,3,0,0,0,1,1,0,0,9,0,1,4,66,99,1,1,5,L,86,0,0,0,0,0,0,0,0,0,0,90,180,0,0,0,1,12,999,999,999,9999999,999,999,999,2,0,0,0,0,5,0,995,9.8,998,998,998,99.8,99.8,99.8,541.072538578101,6,3
11382,52,56,1-52-2018-056-06,6,1,3GTP2XE28CG2,17,23,481,2012,34,5,31,0,1,F,1,2439,5,0,1,4,0,40,1,0,0,995,0,0,0,59901,9,9,2,3,2,2,2,1,1,1,0,1,0,0,1,1,1,2,1,0,1,3,55,99,1,1,5,L,86,0,0,0,0,0,0,0,0,0,0,190,270,0,0,0,1,3,6,-4,4,4031,998,174,5,0,4,95,95,95,95,0,995,9.8,998,998,998,99.8,99.8,99.8,59.6112008350663,12,3
11382,52,56,1-52-2018-056-06,6,2,4S4BRBCC4C33,17,48,45,2012,5,1,3,0,1,R,1,1648,5,0,2,1,1,40,1,0,0,995,0,0,0,59101,1,2,2,3,3,2,2,1,1,1,1,1,0,0,1,1,1,2,1,0,1,2,17,1,1,1,5,L,87,0,0,0,0,0,0,0,0,0,0,270,190,0,0,0,1,3,8,-5,-6,9534,998,114,9,0,4,1,3,0,6,0,995,9.8,998,998,998,99.8,99.8,99.8,59.6112008350663,12,3
11384,10,66,1-10-2018-066-03,3,1,2GKALPEK3H63,17,23,402,2017,14,3,14,0,1,B,9,1748,5,9999,9,0,1,105,1,0,0,995,0,0,0,46013,9,9,0,2,3,2,2,2,1,1,3,3,0,0,3,2,0,0,1,0,2,3,53,99,1,1,2,D,29,0,0,0,0,0,0,0,0,0,0,60,60,0,0,0,1,0,999,999,999,9999999,999,999,999,9,0,9,97,0,8,0,995,9.8,998,998,998,99.8,99.8,99.8,132.701556407601,4,3
11384,10,66,1-10-2018-066-03,3,2,1G1ND52F35M2,17,20,37,2005,4,1,3,0,1,F,9,1440,5,0,1,5,1,105,1,0,0,995,0,0,0,45315,1,2,0,2,3,2,2,2,1,1,3,3,0,0,3,2,0,0,3,0,1,3,52,9,1,1,2,D,28,0,0,0,0,0,0,0,0,0,0,60,60,0,0,0,1,12,999,999,999,9999999,999,999,999,9,0,1,1,0,6,0,995,9.8,998,998,998,99.8,99.8,99.8,132.701556407601,4,3
11385,20,107,1-20-2018-107-06,6,1,JM1BL1TG6D17,17,41,51,2013,4,1,2,0,1,F,1,1378,5,0,1,1,1,105,1,0,0,995,0,0,0,93955,2,9,0,2,3,1,2,1,1,1,1,3,2,3,1,1,0,0,9,0,1,3,52,99,1,1,2,D,28,0,0,0,0,0,0,0,0,0,0,205,200,0,0,0,1,1,21,-21,-4,21355,998,-79,17,0,4,1,1,0,99,0,995,9.8,998,998,998,99.8,99.8,99.8,510.115227458561,11,3
11385,20,107,1-20-2018-107-06,6,2,1NXBU4EE1AZ1,17,49,32,2010,4,1,2,0,1,B,1,1279,5,0,1,2,0,105,1,0,0,995,0,0,0,93940,9,9,0,2,3,1,2,1,1,1,1,3,2,3,1,1,0,0,9,0,2,3,53,99,1,1,2,D,29,0,0,0,0,0,0,0,0,0,0,200,205,0,0,0,1,1,24,24,4,41548,998,-7,29,0,1,95,95,95,95,0,995,9.8,998,998,998,99.8,99.8,99.8,510.115227458561,11,3
11386,48,12,1-48-2018-012-09,9,1,1G8ZS57NX7F1,17,24,9,2007,4,1,4,0,1,L,1,1601,5,0,2,1,1,80,1,0,0,995,0,0,0,84337,1,2,0,4,2,1,2,1,3,1,1,2,0,0,1,1,0,0,3,1,14,2,13,7,3,4,1,A,2,0,0,0,0,0,0,0,0,0,0,998,998,0,1,1,1,1,19,12,14,40712,998,-130,19,0,1,0,0,0,0,0,998,0.4,90,110,120,5.3,24.0,25.0,411.322489476302,12,3
11387,30,64,1-30-2018-064-08,8,1,5LMFU28A8YLJ,17,13,421,2000,15,3,15,0,1,L,1,2595,5,9999,9,4,1,105,1,0,1,0,2,1,2,85234,9,9,1,3,2,1,2,1,2,1,1,3,0,0,1,1,0,0,1,1,14,1,6,99,9,2,6,M,98,1,1,2,5,3,1,31,1,2,20,997,997,0,0,0,1,6,999,999,999,9999999,999,999,999,6,0,2,5,0,3,2,997,9.8,998,998,998,99.8,99.8,99.8,778.283577719592,10,3
11388,16,102,1-16-2018-102-02,2,1,5YFBURHE8EP1,17,49,32,2014,4,1,3,0,1,F,1,1290,5,0,1,1,1,105,1,0,0,995,0,0,0,43227,2,2,0,2,3,1,2,1,1,1,1,3,2,2,1,8,0,0,1,0,1,4,60,1,1,1,2,F,45,0,0,0,0,0,0,0,0,0,0,998,998,0,0,0,2,1,16,-16,3,14499,998,37,16,0,4,1,3,0,4,0,998,3.3,999,999,999,3.3,1.8,3.7,18.6582306894886,5,3
11388,16,102,1-16-2018-102-02,2,2,1FVAF9CV29DA,17,82,881,2009,63,8,60,0,1,R,9,,,,,,0,105,1,0,0,995,0,0,0,21030,9,9,0,2,3,2,2,1,1,1,3,3,0,2,1,8,0,0,1,1,15,2,11,99,1,2,2,F,46,,,,,,,,,,,,,,,,,,,,,,,,,,,95,95,95,95,,,9.8,998,998,998,99.8,99.8,99.8,18.6582306894886,5,3
11403,77,20,1-77-2018-020-09,9,1,5Y2SN62L83Z4,17,22,32,2003,6,1,2,0,1,F,2,1273,5,0,1,1,1,72,1,0,1,0,2,0,0,22942,9,9,0,4,2,1,2,2,2,4,0,2,0,0,1,2,0,0,1,1,14,1,5,3,2,4,1,B,7,0,0,0,0,0,0,0,0,0,0,998,998,0,0,1,1,1,28,-27,5,39649,998,-4,27,0,4,1,1,0,4,0,998,0.0,34,34,120,3.4,7.3,8.3,11761.6163672137,9,3
11404,77,21,1-77-2018-021-02,2,1,2HGFB2F94FH5,17,37,31,2015,4,1,3,0,1,F,3,1258,5,0,1,1,1,64,1,1,1,170,2,0,0,22973,1,2,0,4,2,1,2,1,2,2,0,2,0,0,2,1,0,0,9,1,14,3,54,3,1,2,3,G,53,0,0,0,0,0,0,0,0,0,0,355,175,0,1,0,1,1,64,-63,11,195088,998,9,62,0,1,5,33,1,3,0,995,9.8,998,998,998,99.8,99.8,99.8,191.424290157716,9,3
11404,77,21,1-77-2018-021-02,2,2,5FNYF4H53DB0,17,37,421,2013,15,3,15,0,1,F,2,2058,5,0,1,1,1,64,1,0,0,995,0,0,0,22968,1,2,0,4,2,1,2,1,3,4,0,2,0,0,2,1,0,0,1,1,14,3,54,3,1,2,3,G,53,0,0,0,0,0,0,0,0,0,0,175,355,0,1,0,1,1,38,-37,7,135324,998,19,39,0,1,1,1,0,6,0,995,9.8,998,998,998,99.8,99.8,99.8,191.424290157716,9,3
11405,11,29,1-11-2018-029-03,3,1,1FMCU9GXXFUC,17,12,402,2015,14,3,14,0,1,F,2,1713,5,0,1,1,1,72,1,0,0,995,0,0,0,23236,9,9,2,4,2,1,2,2,1,1,0,2,0,0,1,2,2,2,1,0,11,2,15,1,1,1,4,K,82,0,0,0,0,0,0,0,0,0,0,250,0,0,0,0,1,1,25,-19,16,76574,998,103,26,0,4,2,5,0,4,0,995,9.8,998,998,998,99.8,99.8,99.8,2450.57108862466,8,3
11405,11,29,1-11-2018-029-03,3,2,JF2SJADC6FH5,17,48,401,2015,14,3,14,0,1,F,2,1649,5,0,2,1,1,72,1,0,0,995,0,0,0,23236,1,2,2,4,2,1,2,2,1,1,1,3,0,0,1,2,0,0,1,0,1,4,67,1,1,1,4,K,83,0,0,0,0,0,0,0,0,0,0,0,250,0,0,0,1,1,26,-23,-13,43759,998,-57,24,0,4,1,1,0,6,0,995,9.8,998,998,998,99.8,99.8,99.8,2450.57108862466,8,3
11406,11,30,1-11-2018-030-02,2,1,1HGEJ2121RL0,17,37,31,1994,2,1,2,0,1,F,2,1010,5,0,1,1,1,97,1,0,0,995,0,0,0,23224,1,1,0,2,3,3,2,1,1,1,1,3,0,0,1,1,0,0,1,1,1,1,6,4,2,4,1,A,2,0,0,0,0,0,0,0,0,0,0,325,350,0,0,0,2,1,30,-30,0,51801,998,-27,35,0,4,1,1,0,0,0,995,3.4,120,999,999,8.9,3.4,9.5,96.7813019529195,8,3
11406,11,30,1-11-2018-030-02,2,2,5TFCZ5AN8HX0,17,49,472,2017,34,5,31,0,1,R,1,1984,5,0,1,1,1,97,1,0,0,995,0,0,0,11754,9,9,0,2,3,3,2,1,1,1,3,1,0,0,1,1,0,0,1,0,1,4,61,1,1,1,6,M,98,1,2,2,5,1,1,61,1,2,9,350,325,0,0,0,2,1,15,14,-5,5933,998,-43,8,0,4,1,2,0,4,3,995,9.8,998,998,998,99.8,99.8,99.8,96.7813019529195,8,3
11407,28,60,1-28-2018-060-07,7,1,JF2SH63679H7,17,48,401,2009,14,3,14,0,1,F,1,1483,5,0,1,1,1,56,1,0,0,995,0,0,0,16946,1,2,0,4,2,1,2,2,1,1,1,2,0,0,1,2,0,0,1,0,1,3,52,2,1,1,2,D,28,0,0,0,0,0,0,0,0,0,0,190,190,0,0,0,1,1,16,-16,0,24597,998,16,20,0,4,0,0,0,0,0,995,9.8,998,998,998,99.8,99.8,99.8,199.537412476105,3,3
11407,28,60,1-28-2018-060-07,7,2,JF2SJAACXEH5,17,48,401,2014,14,3,14,0,1,B,1,1550,5,0,1,2,0,56,1,0,0,995,0,0,0,16950,9,9,0,4,2,1,2,2,1,1,1,2,0,0,1,2,0,0,1,0,2,3,53,1,1,1,2,D,29,0,0,0,0,0,0,0,0,0,0,190,190,0,0,0,1,1,16,16,0,6197,998,27,10,0,4,95,95,95,95,0,995,9.8,998,998,998,99.8,99.8,99.8,199.537412476105,3,3
11408,24,71,1-24-2018-071-04,4,1,5NPEU46C26H1,17,55,39,2006,4,1,4,0,1,F,1,1648,5,0,1,1,1,40,1,0,0,995,0,0,0,08244,1,2,2,4,2,1,2,1,1,1,0,2,0,0,1,1,2,2,2,0,4,2,17,2,1,2,5,L,86,0,0,0,0,0,0,0,0,0,0,185,270,0,0,0,1,1,14,-9,11,28522,998,152,14,0,4,0,0,0,0,0,995,0.0,8,5,98,5.2,0.8,5.3,1854.44799957619,1,3
11408,24,71,1-24-2018-071-04,4,2,1C3CDZCB1EN1,17,7,26,2014,4,1,3,0,1,R,1,1539,5,0,1,1,1,72,1,0,0,995,0,0,0,08037,3,2,2,4,2,1,2,1,1,1,1,4,0,0,1,1,0,0,1,0,1,4,66,1,1,1,5,L,87,0,0,0,0,0,0,0,0,0,0,270,185,0,0,0,1,1,15,-10,-12,13798,998,51,14,0,4,0,0,0,0,0,995,9.8,998,998,998,99.8,99.8,99.8,1854.44799957619,1,3
11409,24,72,1-24-2018-072-08,8,1,1GNEK13Z52R2,17,20,421,2002,15,3,15,0,1,F,2,2211,5,0,1,1,1,64,1,0,0,995,0,0,0,08401,1,2,0,2,3,2,2,1,1,2,3,3,0,0,1,1,0,0,1,0,1,3,51,1,1,1,2,D,24,0,0,0,0,0,0,0,0,0,0,998,998,0,0,0,3,1,27,-23,13,75464,998,64,27,0,4,1,1,0,3,0,998,0.0,120,999,999,0.0,1.0,0.0,300.222309379139,1,3
11409,24,72,1-24-2018-072-08,8,2,2T3RFREV3DW0,17,49,402,2013,14,3,14,0,1,B,1,1615,5,9999,9,4,0,64,1,0,0,995,0,0,0,08837,9,9,0,2,3,2,2,1,1,2,3,3,0,0,1,1,0,0,9,0,1,3,53,99,1,1,2,D,25,0,0,0,0,0,0,0,0,0,0,295,295,0,0,0,1,12,999,999,999,9999999,999,999,999,6,0,95,95,95,95,0,995,9.8,998,998,998,99.8,99.8,99.8,300.222309379139,1,3
11410,73,17,1-73-2018-017-09,9,1,4F4ZR17V0XTM,17,41,471,1999,34,5,31,0,1,T,2,1561,5,0,2,1,1,72,1,0,0,995,0,0,0,04979,1,2,0,4,2,1,5,2,3,3,0,0,0,0,1,1,0,0,1,1,14,6,87,8,3,4,1,A,2,1,4,2,2,1,4,61,1,2,12,997,997,0,1,0,1,6,999,999,999,9999999,999,999,999,7,0,1,1,0,4,3,997,0.0,7,7,42,10.2,2.0,10.4,399.650708987407,3,3
11412,12,55,1-12-2018-055-09,9,1,1GCCS1949W82,17,20,471,1998,34,5,30,0,1,L,1,1425,5,0,1,1,1,72,1,0,0,995,0,0,0,73401,5,2,0,4,2,1,2,1,1,2,0,4,0,0,1,1,0,0,3,1,1,2,13,3,4,4,1,A,2,1,3,2,2,1,4,61,1,2,5,997,997,0,0,0,3,6,999,999,999,9999999,999,999,999,6,0,1,2,0,4,3,997,0.0,999,999,999,2.5,0.7,2.6,1700.64287355482,9,3
11413,23,102,1-23-2018-102-05,5,1,1FTNX20F8YEC,17,12,481,2000,34,5,31,0,1,F,1,2354,5,9999,9,0,0,72,1,0,0,995,0,0,0,43040,9,9,2,4,2,1,2,2,1,1,1,2,0,0,1,2,0,0,1,0,1,3,52,8,1,1,2,D,28,0,0,0,0,0,0,0,0,0,0,355,350,0,0,0,1,3,11,-11,2,13893,998,49,12,0,4,95,95,95,95,0,995,9.8,998,998,998,99.8,99.8,99.8,110.061702880332,5,3
11413,23,102,1-23-2018-102-05,5,2,5N1AR2MM6DC6,17,35,401,2013,14,3,14,0,1,B,1,2044,5,0,1,2,0,72,1,0,0,995,0,0,0,43235,9,9,2,4,2,1,2,2,1,1,1,2,0,0,1,2,0,0,9,0,2,3,53,1,1,1,2,D,30,0,0,0,0,0,0,0,0,0,0,350,355,0,0,0,1,3,12,12,-2,10704,998,-1,11,0,4,95,95,95,95,0,995,0.6,119,999,119,1.7,0.0,1.7,110.061702880332,5,3
11413,23,102,1-23-2018-102-05,5,3,1J4PS4GK0AC1,17,2,404,2010,14,3,14,0,1,F,1,2018,5,9999,9,4,1,72,1,0,0,995,0,0,0,43016,9,9,2,4,2,1,2,2,1,1,1,2,0,0,1,2,0,0,1,1,1,4,62,8,1,2,6,M,98,0,0,0,0,0,0,0,0,0,0,180,280,0,0,0,2,3,9,-8,5,6316,998,110,7,0,4,2,5,0,3,0,995,9.8,998,998,998,99.8,99.8,99.8,110.061702880332,5,3
11414,54,11,1-54-2018-011-07,7,1,1FMCU0EGXBKC,17,12,402,2011,14,3,14,0,1,F,9,1540,5,9999,9,0,1,40,1,0,0,995,0,0,0,35653,9,1,2,4,3,1,2,1,1,1,0,1,0,0,5,1,1,2,9,0,1,2,17,1,1,1,4,J,69,0,0,0,0,0,0,0,0,0,0,345,130,0,0,0,1,0,999,999,999,9999999,999,999,999,9,0,0,0,0,0,0,995,9.8,998,998,998,99.8,99.8,99.8,475.478767102841,9,3
11414,54,11,1-54-2018-011-07,7,2,4T1BB3EK0BU1,17,49,40,2011,4,1,4,0,1,F,2,1650,5,0,1,3,1,40,1,0,0,995,0,0,0,35661,1,2,2,4,3,2,2,1,1,1,1,2,0,0,5,1,1,2,2,0,11,4,63,7,1,1,4,J,68,0,0,0,0,0,0,0,0,0,0,130,345,0,0,0,1,12,999,999,999,9999999,999,999,999,7,0,1,1,0,0,0,995,9.8,998,998,998,99.8,99.8,99.8,475.478767102841,9,3
11415,10,67,1-10-2018-067-03,3,1,4T1BB46K87U0,17,49,40,2007,4,1,4,0,1,L,9,1669,5,9999,9,0,1,56,1,0,0,995,0,0,0,45429,9,9,2,4,7,2,2,1,1,1,1,1,0,0,1,1,1,2,1,0,1,4,66,99,1,1,5,L,89,0,0,0,0,0,0,0,0,0,0,150,250,0,0,0,1,0,999,999,999,9999999,999,999,999,9,0,99,99,0,8,0,995,9.9,999,999,999,99.9,99.9,99.9,116.311037199708,4,3
11415,10,67,1-10-2018-067-03,3,2,1G1BC5SMXH71,17,20,25,2017,4,1,3,0,1,F,9,1250,5,9999,9,0,1,56,1,0,0,995,0,0,0,45405,2,2,2,4,3,2,2,1,1,4,1,1,0,0,1,1,1,2,1,0,1,2,17,9,1,1,5,L,88,0,0,0,0,0,0,0,0,0,0,250,150,0,0,0,1,0,999,999,999,9999999,999,999,999,9,0,1,1,0,4,0,995,9.8,998,998,998,99.8,99.8,99.8,116.311037199708,4,3
11416,10,68,1-10-2018-068-02,2,1,1G1ZH5SX1GF2,17,20,37,2016,4,1,4,0,1,9,9,1400,5,9999,9,0,1,56,1,0,0,995,0,0,0,45342,9,9,0,1,2,2,2,1,2,1,3,0,0,0,3,1,0,0,1,1,14,2,12,1,1,4,1,B,6,9,99,9,9,99,9,99,9,9,999,998,998,0,0,1,1,0,999,999,999,9999999,999,999,999,9,0,9,97,0,8,9,998,9.9,999,999,999,99.9,99.9,99.9,22.6412120053861,4,3
11417,14,50,1-14-2018-050-07,7,1,3GCPCSE00BG3,17,20,481,2011,34,5,31,0,1,F,9,2338,5,9999,9,0,1,48,1,1,8,997,8,1,3,78130,1,1,0,4,2,1,2,1,2,1,0,0,0,0,3,1,0,0,9,0,14,2,14,99,1,4,1,C,14,0,0,0,0,0,0,0,0,0,0,998,998,0,0,0,99,0,999,999,999,9999999,999,999,999,9,0,0,0,0,0,0,998,0.0,75,39,33,3.2,1.4,3.7,13920.9589573646,8,3
11419,32,120,1-32-2018-120-02,2,1,1C3CDFBB8GD5,17,7,29,2016,4,1,3,0,1,F,3,1445,5,0,1,1,1,64,1,1,1,196,2,0,2,75216,2,2,2,1,3,1,2,1,2,1,0,3,0,0,3,1,1,2,1,0,14,2,17,1,1,1,5,L,88,0,0,0,0,0,0,0,0,0,0,220,130,0,0,0,1,3,82,-77,-28,207053,998,-67,54,0,4,2,5,0,3,0,995,0.0,12,12,120,3.4,4.0,4.7,80.512956361693,7,3
11419,32,120,1-32-2018-120-02,2,2,1D7HA18D64J2,17,7,482,2004,34,5,31,0,1,L,3,2225,5,9999,9,0,1,64,1,0,0,995,0,0,0,75217,1,1,2,3,2,1,2,1,1,1,0,3,0,0,3,1,1,2,1,0,1,4,66,1,1,1,5,L,89,0,0,0,0,0,0,0,0,0,0,130,220,0,0,0,1,3,53,-18,50,542634,998,-46,75,0,4,9,97,0,8,0,995,9.8,998,998,998,99.8,99.8,99.8,80.512956361693,7,3
11420,32,121,1-32-2018-121-07,7,1,2GKALMEK6C63,17,23,402,2012,14,3,14,0,1,R,1,1748,5,0,1,1,1,64,1,0,0,995,0,0,0,75052,1,1,2,1,3,3,2,2,1,1,1,0,0,0,1,2,1,2,1,0,11,2,15,2,1,1,4,J,68,0,0,0,0,0,0,0,0,0,0,295,185,0,0,0,1,3,7,-4,-5,8748,998,168,7,0,4,1,1,0,6,0,995,9.8,998,998,998,99.8,99.8,99.8,9414.35202347557,7,3
11420,32,121,1-32-2018-121-07,7,2,JM1BJ2457215,17,41,35,2002,5,1,2,0,1,F,1,1231,5,9999,9,0,1,64,1,0,0,995,0,0,0,75052,9,1,2,1,2,2,2,2,1,2,3,0,0,0,1,2,1,2,9,0,1,4,62,99,1,1,4,J,69,0,0,0,0,0,0,0,0,0,0,185,295,0,0,0,1,3,10,-9,3,5411,998,69,9,0,4,0,0,0,0,0,995,9.8,998,998,998,99.8,99.8,99.8,9414.35202347557,7,3
11421,48,13,1-48-2018-013-06,6,1,19XFA16559E0,17,37,31,2009,4,1,3,0,1,F,2,1199,5,9999,9,1,1,129,1,0,0,995,0,0,0,84010,1,2,0,2,2,1,2,1,1,1,1,3,2,3,1,1,0,0,3,1,1,2,10,8,1,4,1,B,6,0,0,0,0,0,0,0,0,0,0,998,998,0,1,0,2,8,999,999,999,9999999,999,999,999,7,0,0,0,0,4,0,998,2.0,999,999,999,12.0,2.0,12.1,445.568756827762,12,3
11422,25,57,1-25-2018-057-04,4,1,5FNYF4H58FB0,17,37,421,2015,15,3,15,0,1,F,1,2047,5,0,1,1,1,72,1,0,0,995,0,0,0,04084,1,2,0,4,2,1,2,1,2,1,1,2,0,0,1,8,0,0,1,0,14,6,87,1,1,1,1,C,13,0,0,0,0,0,0,0,0,0,0,998,998,0,0,0,1,10,999,999,999,9999999,999,60,13,2,0,0,0,0,0,0,998,9.8,998,998,998,99.8,99.8,99.8,16578.2582441616,2,3
11423,52,57,1-52-2018-057-03,3,1,1B7HG2AZ7YS7,17,7,472,2000,34,5,30,0,1,L,1,1930,2,300,1,1,1,48,1,0,0,995,0,0,0,59105,1,2,2,4,3,1,2,1,1,1,1,1,0,0,1,1,2,2,1,0,1,2,17,1,1,1,5,L,89,0,0,0,0,0,0,0,0,0,0,285,25,0,0,0,1,3,5,-2,4,4494,998,151,5,0,4,2,5,0,6,0,995,9.8,998,998,998,99.8,99.8,99.8,91.1351059100199,12,3
11423,52,57,1-52-2018-057-03,3,2,JF1VA2V63G98,17,48,47,2016,4,1,3,0,1,F,1,1527,5,0,1,1,1,48,1,0,0,995,0,0,0,59102,1,2,2,4,5,2,2,1,3,1,3,2,0,0,1,1,0,0,1,0,14,4,66,1,1,1,5,L,88,0,0,0,0,0,0,0,0,0,0,25,285,0,0,0,1,3,7,-7,-1,1715,998,17,5,0,4,9,0,0,6,0,995,9.8,998,998,998,99.8,99.8,99.8,91.1351059100199,12,3
11423,52,57,1-52-2018-057-03,3,3,JF1GH63699H8,17,48,38,2009,5,1,2,0,1,L,1,1385,5,0,1,2,0,48,1,0,0,995,0,0,0,59044,9,9,2,4,5,2,2,1,1,1,1,1,0,0,1,1,0,0,1,0,1,4,62,1,1,1,6,M,98,0,0,0,0,0,0,0,0,0,0,195,0,0,0,0,2,8,999,999,999,9999999,999,999,999,6,0,95,95,95,95,0,995,9.8,998,998,998,99.8,99.8,99.8,91.1351059100199,12,3
11424,52,58,1-52-2018-058-04,4,1,1N6AD0EV7CC4,17,35,472,2012,34,5,30,0,1,R,1,1962,5,0,1,1,1,0,1,0,0,995,0,0,0,59106,9,9,2,4,2,1,2,1,1,1,0,2,0,0,1,8,2,2,9,0,1,2,17,99,1,1,5,L,87,0,0,0,0,0,0,0,0,0,0,270,180,0,0,0,1,1,12,-6,-10,16643,998,14,15,0,1,99,99,0,99,0,995,9.8,998,998,998,99.8,99.8,99.8,324.119879366049,12,3
11424,52,58,1-52-2018-058-04,4,2,3C4NJDABXJT2,17,2,1,2018,6,1,2,0,1,F,1,1542,8,0,1,1,1,0,1,0,0,995,0,0,0,59072,1,2,2,4,4,1,2,1,1,1,0,3,0,0,1,8,0,0,1,0,1,3,55,2,1,1,5,L,86,0,0,0,0,0,0,0,0,0,0,180,270,0,0,0,1,1,15,-13,7,14061,998,102,12,0,1,2,5,0,4,0,995,9.8,998,998,998,99.8,99.8,99.8,324.119879366049,12,3
11425,66,48,1-66-2018-048-03,3,1,1C6RR7NT2ES1,17,7,482,2014,34,5,31,0,1,F,2,2430,5,0,1,1,1,97,1,0,1,0,2,7,0,65747,1,2,2,4,2,1,2,2,1,1,1,2,3,3,2,2,0,0,1,0,1,3,50,2,1,1,2,D,20,0,0,0,0,0,0,0,0,0,0,205,205,0,1,0,1,1,26,-26,0,101423,998,-5,32,0,4,3,14,1,3,0,995,9.8,998,998,998,99.8,99.8,99.8,298.398776245466,6,3
11425,66,48,1-66-2018-048-03,3,2,1D7HA16K43J5,17,7,482,2003,34,5,31,0,1,B,2,2048,5,0,1,1,1,97,1,0,0,995,0,7,0,65705,1,2,2,4,2,1,2,2,1,1,1,2,3,3,2,2,0,0,1,0,5,3,53,1,1,1,2,D,21,0,0,0,0,0,0,0,0,0,0,205,205,0,1,0,1,1,31,31,0,48671,998,-8,24,0,4,1,1,0,4,0,995,9.8,998,998,998,99.8,99.8,99.8,298.398776245466,6,3