CASEID,PSU,CASENO,CASENUMBER,CATEGORY,VEHNO,VIN,VINLENGTH,MAKE,MODEL,MODELYR,BODYTYPE,BODYCAT,VEHCLASS,SPECUSE,TRANSTAT,DAMPLANE,DAMSEV,CURBWT,CURBSRC,CARGOWT,CARGOSRC,INSPTYPE,TOWSTAT,SPEEDLIMIT,DRPRESENT,PARALCOHOL,ALCTEST,ALCTESTRESULT,ALCTESTSRC,PARDRUG,DRUGTEST,ZIP,RACE,ETHNICITY,RELTOJUNCT,TRAFFLOW,RDLANES,INITLANE,SURFTYPE,SURFCOND,ALIGNMENT,PROFILE,LINERIGHT,LINELEFT,RUMBINIT,RUMBROAD,LIGHTCOND,WEATHER,TRAFDEV,TRAFFUNCT,DISTRACT,PREFHE,PREMOVE,CRITCAT,CRITEVENT,MANEUVER,PRESTAB,PRELOC,CRASHCAT,CRASHCONF,CRASHTYPE,ROLLTYPE,ROLLTURN,ROLLINTRPT,ROLLPREMAN,ROLLINITYP,ROLLINLOC,ROLLOBJ,ROLLTRIP,ROLLDIR,ROLLDIST,DVANGTHIS,DVANGOTH,TOWHITCH,TRAJDOC,TREEPOLE,DVEVENT,DVBASIS,DVTOTAL,DVLONG,DVLAT,DVENERGY,DVSPEED,DVMOMENT,DVBES,DVEST,DVCONF,VAIS,VISS,VINJURED,VTREAT,INITOBJCLASS,HEADANGLECAT,SHLDRWIDTH,STRKLENGTH,STRKWIDTH,STRKHEIGHT,EDGEDISTX,EDGEDISTY,EDGEDISTZ,CASEWGT,PSUSTRAT,VERSION
11426,16,103,1-16-2018-103-07,7,1,1N4AL2APXCN4,17,35,47,2012,4,1,4,0,1,F,2,1437,5,0,1,1,1,89,1,0,0,995,0,0,0,45239,2,2,0,2,3,3,2,2,2,2,3,2,1,3,1,2,0,0,1,1,14,1,6,1,4,4,1,B,7,0,0,0,0,0,0,0,0,0,0,998,998,0,0,0,1,1,30,-29,-5,57733,998,-46,30,0,1,1,1,0,0,0,998,2.0,120,43,65,2.3,0.4,2.4,1379.79002460753,5,3
11427,16,104,1-16-2018-104-07,7,1,1GTDT13E8981,17,23,472,2009,34,5,30,0,1,R,1,1702,5,0,1,1,1,56,1,0,0,995,0,0,0,45236,1,2,0,5,3,1,2,1,1,1,0,2,0,0,1,8,0,0,1,0,1,4,71,1,1,1,6,M,98,0,0,0,0,0,0,0,0,0,0,10,100,0,0,0,1,1,7,-7,-1,9279,998,109,9,0,1,0,0,0,0,0,995,9.8,998,998,998,99.8,99.8,99.8,1379.79002460753,5,3
11427,16,104,1-16-2018-104-07,7,2,1GNFK130X8J2,17,20,421,2008,15,3,15,0,1,B,1,2388,5,0,1,2,0,56,1,0,0,995,0,0,0,45236,9,9,0,5,3,1,2,1,1,1,0,2,0,0,1,8,0,0,1,0,8,2,20,1,1,7,6,M,98,0,0,0,0,0,0,0,0,0,0,100,10,0,0,0,1,1,6,1,-6,8595,998,266,5,0,1,95,95,95,95,0,995,9.8,998,998,998,99.8,99.8,99.8,1379.79002460753,5,3
11428,16,105,1-16-2018-105-03,3,1,2C3CDXBG7FH8,17,7,24,2015,4,1,5,0,1,F,1,1785,5,0,1,1,1,56,1,0,0,995,0,0,0,45215,2,2,2,4,2,1,2,1,1,1,0,2,0,0,1,8,1,2,1,0,1,2,17,4,1,1,4,J,69,0,0,0,0,0,0,0,0,0,0,200,275,0,0,0,1,3,18,-18,3,15681,998,-12,15,0,4,1,1,0,4,0,995,9.8,998,998,998,99.8,99.8,99.8,304.32557439661,5,3
11428,16,105,1-16-2018-105-03,3,2,JTEBU5JR9H54,17,49,401,2017,14,3,14,0,1,R,1,2155,5,0,1,3,1,56,1,0,0,995,0,0,0,45011,1,2,2,4,2,1,2,1,1,1,3,3,0,0,1,8,1,2,3,0,11,2,15,3,1,1,4,J,68,0,0,0,0,0,0,0,0,0,0,275,200,0,0,0,1,3,14,2,-14,25591,998,-10,17,0,4,0,0,0,0,0,995,9.8,998,998,998,99.8,99.8,99.8,304.32557439661,5,3
11429,31,52,1-31-2018-052-08,8,1,1G8AJ58FX7Z1,17,24,7,2007,4,1,2,0,1,U,1,1221,5,0,2,1,1,89,1,0,0,995,0,0,0,62946,1,2,2,4,2,1,2,1,1,1,1,4,0,0,1,1,0,0,3,1,1,2,11,4,9,4,1,B,6,0,0,0,0,0,0,0,0,0,0,998,998,0,0,0,1,7,999,999,999,9999999,999,999,999,6,0,1,1,0,4,0,998,2.5,90,110,10,7.5,8.6,11.4,495.091533720363,6,3
11430,15,105,1-15-2018-105-04,4,1,2T3BFREV9EW1,17,49,402,2014,14,3,14,0,1,F,1,1600,5,0,1,1,1,48,1,0,0,995,0,0,0,11553,2,2,0,4,2,1,2,1,1,1,0,0,0,0,1,1,0,0,1,1,1,2,11,1,1,4,1,C,11,1,1,2,5,7,1,2,2,2,3,305,290,0,0,0,1,3,21,-19,-7,13772,998,4,15,0,4,0,0,0,0,1,995,9.8,998,998,998,99.8,99.8,99.8,1214.06937114968,1,3
11430,15,105,1-15-2018-105-04,4,2,1FBNE31L43HB,17,12,461,2003,21,4,21,0,2,L,1,2683,5,0,1,4,,,,,,,,,,,,,,,,,,,,,,,,,,,,,,,,,,,,,,,,,,,,,,,,,,,,,,,,,,,,,,,,,,95,95,95,95,,,,,,,,,,1214.06937114968,1,3
11431,15,106,1-15-2018-106-02,2,1,2C4RDGBG0ER1,17,7,442,2014,20,4,20,0,1,F,9,2050,5,9999,9,4,1,89,1,0,0,995,0,0,0,11713,9,9,1,2,4,1,2,1,1,9,1,3,0,0,1,1,0,0,3,0,1,3,52,99,9,1,2,D,28,0,0,0,0,0,0,0,0,0,0,350,350,0,0,0,1,12,999,999,999,9999999,999,999,999,9,0,9,97,0,99,0,995,0.9,999,999,999,1.6,0.8,1.9,14.2784799419811,1,3
11431,15,106,1-15-2018-106-02,2,2,2T1CE22P42C0,17,49,40,2002,2,1,3,0,1,B,9,1423,5,9999,9,4,1,89,1,0,0,995,0,0,0,11746,1,1,1,2,4,1,2,1,1,9,1,3,0,0,1,1,0,0,1,0,2,3,53,1,1,1,2,D,31,0,0,0,0,0,0,0,0,0,0,350,350,0,0,0,1,12,999,999,999,9999999,999,999,999,9,0,1,1,0,4,0,995,0.9,999,999,999,3.0,1.6,3.5,14.2784799419811,1,3
11432,76,13,1-76-2018-013-04,4,1,JTMDFREV9FD1,17,49,402,2015,14,3,14,0,1,F,1,1615,5,46,1,1,1,56,1,8,0,995,0,0,0,12189,1,2,2,4,2,1,2,1,1,4,1,2,0,0,3,1,0,0,9,0,1,6,87,99,1,1,1,C,13,0,0,0,0,0,0,0,0,0,0,998,998,0,0,0,1,10,999,999,999,9999999,999,999,15,2,0,0,0,0,0,0,998,9.8,998,998,998,99.8,99.8,99.8,358.310585459684,3,3
11433,59,62,1-59-2018-062-05,5,1,2G1WH55KX292,17,20,2,2002,4,1,4,0,1,L,9,1552,5,9999,9,0,1,48,1,0,2,996,1,0,0,36749,9,9,2,4,2,1,2,1,1,1,0,0,0,0,3,1,2,2,9,0,1,2,17,99,1,1,5,L,89,0,0,0,0,0,0,0,0,0,0,275,5,0,0,0,1,0,999,999,999,9999999,999,999,999,9,0,0,0,0,0,0,995,0.0,999,999,999,1.0,1.0,1.0,234.812907918306,6,3
11433,59,62,1-59-2018-062-05,5,2,KNDJT2A50D76,17,63,37,2013,6,1,2,0,1,F,1,1220,5,0,1,4,1,48,1,0,0,995,0,0,0,47842,9,9,2,4,2,1,2,1,1,1,0,2,0,0,3,1,0,0,9,0,1,4,66,99,1,1,5,L,88,0,0,0,0,0,0,0,0,0,0,5,275,0,0,0,1,12,999,999,999,9999999,999,999,999,2,0,2,4,0,4,0,995,9.8,998,998,998,99.8,99.8,99.8,234.812907918306,6,3
11434,27,54,1-27-2018-054-02,2,1,JM1CW2BL3C01,17,41,52,2012,6,1,3,0,1,F,2,1569,5,0,1,1,1,40,1,0,0,995,0,0,0,01220,1,2,2,4,3,2,2,1,1,1,1,2,0,0,4,1,1,2,1,0,1,2,17,2,1,1,5,L,86,0,0,0,0,0,0,0,0,0,0,290,10,0,0,0,1,1,30,-26,15,131944,998,98,37,0,1,1,1,0,4,0,995,9.8,998,998,998,99.8,99.8,99.8,21.4575803692523,3,3
11434,27,54,1-27-2018-054-02,2,2,2G1125S37E91,17,20,2,2014,4,1,4,0,1,R,2,1754,5,0,1,1,1,40,1,0,1,0,2,0,3,01201,1,1,2,4,3,1,2,1,1,1,1,1,0,0,4,1,1,2,9,0,1,4,66,9,1,1,5,L,87,0,0,0,0,0,0,0,0,0,0,10,290,0,0,0,1,1,27,-9,-25,8437,998,-46,10,0,1,2,4,0,4,0,995,0.3,120,120,95,3.7,2.3,4.6,21.4575803692523,3,3
11435,29,59,1-29-2018-059-07,7,1,1N4AL21E28N5,17,35,47,2008,4,1,4,0,1,L,1,1429,5,0,1,1,1,48,1,8,9,998,8,7,9,02740,9,9,2,4,2,1,2,2,1,1,0,2,0,0,3,2,2,2,9,0,1,2,17,99,1,1,5,L,89,0,0,0,0,0,0,0,0,0,0,165,265,0,0,0,1,1,18,-9,16,9217,998,-63,12,0,1,0,0,0,0,0,995,9.8,998,998,998,99.8,99.8,99.8,380.536536040052,2,3
11435,29,59,1-29-2018-059-07,7,2,KNDMB2339962,17,63,441,2009,20,4,20,0,1,F,1,1990,5,0,1,1,1,48,1,8,9,998,8,7,9,02744,9,9,2,4,2,1,2,2,1,1,0,2,0,0,3,2,2,2,9,0,1,2,17,99,1,1,5,L,88,0,0,0,0,0,0,0,0,0,0,265,165,0,0,0,1,1,12,-11,-4,29015,998,-80,16,0,1,0,0,0,0,0,995,9.8,998,998,998,99.8,99.8,99.8,380.536536040052,2,3
11436,29,60,1-29-2018-060-09,9,1,1N4AB41D2VC7,17,35,43,1997,4,1,2,0,1,F,2,1071,5,0,1,1,1,48,1,8,9,998,8,7,9,02746,9,9,0,3,1,1,2,1,1,1,0,0,0,0,1,1,0,0,9,1,1,2,12,1,1,4,1,C,11,0,0,0,0,0,0,0,0,0,0,255,255,0,0,0,2,1,25,-25,0,33825,998,11,27,0,4,9,97,0,99,0,995,9.8,998,998,998,99.8,99.8,99.8,335.091674577767,2,3
11436,29,60,1-29-2018-060-09,9,2,WMWSU3C54BT0,17,69,54,2011,3,1,1,0,2,R,1,1155,5,0,1,5,,,,,,,,,,,,,,,,,,,,,,,,,,,,,,,,,,,,,,,,,,,,,,,,,,,,,,,,,,,,,,,,,,95,95,95,95,,,,,,,,,,335.091674577767,2,3
11436,29,60,1-29-2018-060-09,9,3,1J4HR58N85C6,17,2,404,2005,14,3,14,0,2,B,1,2116,5,0,1,5,,,,,,,,,,,,,,,,,,,,,,,,,,,,,,,,,,,,,,,,,,,,,,,,,,,,,,,,,,,,,,,,,,95,95,95,95,,,,,,,,,,335.091674577767,2,3
11437,29,61,1-29-2018-061-03,3,1,WBALL5C57FP5,17,34,42,2015,2,1,1,0,1,F,2,1480,5,0,1,1,1,40,1,8,0,995,0,7,0,02720,1,2,0,4,2,1,2,1,1,1,0,2,0,0,1,1,0,0,1,1,1,6,87,11,1,4,1,A,3,0,0,0,0,0,0,0,0,0,0,998,998,0,0,2,1,11,999,999,999,9999999,999,999,999,7,0,1,1,0,4,0,998,0.0,30,30,120,0.0,0.0,0.0,86.3410973731994,2,3
11438,19,89,1-19-2018-089-05,5,1,4T1BK46K09U5,17,49,40,2009,4,1,4,0,1,F,2,1580,5,0,1,1,1,89,1,0,0,995,0,0,0,35963,1,2,2,1,2,2,2,2,3,1,3,2,0,0,1,2,0,0,1,1,6,1,5,4,2,2,6,M,98,0,0,0,0,0,0,0,0,0,0,130,155,0,1,0,1,11,999,999,999,9999999,999,999,999,7,0,1,1,0,4,0,995,0.7,14,17,108,14.0,7.0,16.0,54.7319534917023,9,3
11438,19,89,1-19-2018-089-05,5,2,1FTPX12506FA,17,12,481,2006,34,5,30,0,1,R,1,2320,5,9999,9,0,0,89,1,0,0,995,0,0,0,35905,9,9,2,1,2,2,2,2,1,1,3,2,0,0,1,2,0,0,9,0,2,3,53,99,1,1,6,M,98,0,0,0,0,0,0,0,0,0,0,150,130,0,0,0,2,3,3,3,-1,1016,998,-96,3,0,4,95,95,95,95,0,995,9.8,998,998,998,99.8,99.8,99.8,54.7319534917023,9,3
11439,19,90,1-19-2018-090-10,10,1,999999999999,99,99,399,9999,9,1,9,99,1,9,9,9999,9,9999,9,0,0,40,1,9,0,995,0,9,0,99999,9,9,0,4,2,1,2,2,1,4,0,0,0,0,2,2,0,0,9,0,99,9,99,99,9,9,6,M,98,0,0,0,0,0,0,0,0,0,0,200,0,9,1,0,1,0,999,999,999,9999999,999,999,999,9,0,95,95,95,95,0,995,9.8,998,998,998,99.8,99.8,99.8,7958.36582642752,9,3
11439,19,90,1-19-2018-090-10,10,2,1HGEM22901L0,17,37,31,2001,2,1,2,0,1,F,1,1095,5,0,1,1,1,40,0,7,7,887,6,8,8,99998,8,8,0,4,2,99,2,2,1,2,0,0,0,0,2,2,0,0,0,8,0,3,54,0,0,0,6,M,98,1,1,2,4,5,4,31,6,1,4,0,200,0,1,0,1,98,999,999,999,9999999,999,999,999,6,0,0,0,0,0,2,995,0.0,20,22,63,2.7,0.7,3.0,7958.36582642752,9,3
11439,19,90,1-19-2018-090-10,10,3,1GNDS13S7321,17,20,403,2003,14,3,14,0,2,R,1,2015,5,9999,9,6,,,,,,,,,,,,,,,,,,,,,,,,,,,,,,,,,,,,,,,,,,,,,,,,,,,,,,,,,,,,,,,,,,95,95,95,95,,,,,,,,,,7958.36582642752,9,3
11441,26,110,1-26-2018-110-07,7,1,JM1BL1H66A12,17,41,51,2010,5,1,2,0,1,L,9,1372,5,9999,9,0,1,64,1,0,0,995,0,0,0,95828,3,9,3,4,2,1,2,1,1,1,1,2,0,0,1,1,0,0,9,0,11,2,15,99,1,1,4,J,68,0,0,0,0,0,0,0,0,0,0,999,999,0,1,0,99,0,999,999,999,9999999,999,999,999,9,0,99,99,0,99,0,999,2.2,120,16,16,2.2,2.2,3.0,1711.9721614408,10,3
11441,26,110,1-26-2018-110-07,7,2,JT3GK12MXT12,17,49,441,1996,20,4,20,0,1,F,9,1705,5,9999,9,0,1,64,1,0,0,995,0,0,0,95820,3,9,3,4,2,1,2,1,1,1,1,2,0,0,1,1,0,0,9,0,1,4,62,2,2,1,4,J,69,0,0,0,0,0,0,0,0,0,0,999,999,0,1,0,99,0,999,999,999,9999999,999,999,999,9,0,99,99,0,99,0,999,2.2,18,16,16,0.2,2.2,2.3,1711.9721614408,10,3
11442,26,111,1-26-2018-111-04,4,1,5NPE24AF2GH2,17,55,33,2016,4,1,4,0,1,F,1,1475,5,0,1,1,1,105,1,0,0,995,0,0,0,95820,1,9,0,2,3,3,2,1,1,9,3,2,0,0,1,1,0,0,3,0,1,3,50,4,2,1,2,D,20,0,0,0,0,0,0,0,0,0,0,90,80,0,0,0,1,1,22,-22,0,13349,998,-29,15,0,4,0,0,0,0,0,995,9.8,998,998,998,99.8,99.8,99.8,1194.01732638151,10,3
11442,26,111,1-26-2018-111-04,4,2,2G1FD1E37F93,17,20,9,2015,2,1,4,0,1,B,1,1687,5,0,1,1,1,105,1,0,0,995,0,0,0,93277,2,9,0,2,3,3,2,1,1,9,3,2,0,0,1,1,0,0,9,0,5,3,53,1,1,1,2,D,21,0,0,0,0,0,0,0,0,0,0,80,90,0,0,0,1,1,19,19,0,43900,998,-22,25,0,4,99,99,0,99,0,995,2.5,999,999,999,99.9,2.5,99.9,1194.01732638151,10,3
11442,26,111,1-26-2018-111-04,4,3,JHMCG66842C0,17,37,32,2002,4,1,3,0,1,L,1,1375,5,0,1,2,0,105,1,0,0,995,0,0,0,95747,9,9,0,2,3,3,2,1,1,9,3,2,0,0,1,1,0,0,9,0,5,3,53,99,1,1,6,M,98,0,0,0,0,0,0,0,0,0,0,80,100,0,0,0,3,8,999,999,999,9999999,999,999,999,6,0,95,95,95,95,0,995,9.8,998,998,998,99.8,99.8,99.8,1194.01732638151,10,3
11443,13,96,1-13-2018-096-10,10,1,2D4GP24R85R1,17,7,442,2005,20,4,20,0,1,U,9,1810,5,9999,9,0,1,72,1,0,0,995,0,0,0,76010,1,9,2,1,3,3,2,2,1,1,1,0,0,0,1,2,1,2,9,1,11,2,15,99,1,4,1,A,1,0,0,0,0,0,0,0,0,0,0,998,998,0,0,0,1,0,999,999,999,9999999,999,999,999,9,0,0,0,0,0,0,998,0.0,999,15,15,0.0,0.0,0.0,23936.8367783949,7,3
11444,22,54,1-22-2018-054-06,6,1,JF1SF635XXH7,17,48,401,1999,14,3,14,0,1,F,2,1398,5,0,1,1,1,72,1,8,0,995,0,7,0,83548,9,9,3,5,3,2,2,1,1,1,4,4,0,0,1,1,0,0,9,0,11,2,15,1,1,1,4,J,68,0,0,0,0,0,0,0,0,0,0,330,170,0,0,0,1,1,27,-26,-9,51874,998,-26,30,0,1,99,99,0,99,0,995,9.8,998,998,998,99.8,99.8,99.8,34.7066739718186,12,3
11444,22,54,1-22-2018-054-06,6,2,5TFUM5F11DX0,17,49,482,2013,34,5,31,0,1,F,1,2476,5,0,1,1,1,72,1,8,0,995,0,7,0,83843,1,2,3,5,3,1,2,1,1,1,1,2,0,0,1,1,0,0,1,0,1,4,62,3,1,1,4,J,69,0,0,0,0,0,0,0,0,0,0,170,330,0,0,0,1,1,16,-16,0,17928,998,51,13,0,1,2,5,0,4,0,995,9.8,998,998,998,99.8,99.8,99.8,34.7066739718186,12,3
11445,22,55,1-22-2018-055-06,6,1,1D7RV1CTXAS2,17,7,482,2010,34,5,31,0,1,F,1,2404,5,0,1,1,1,89,1,0,0,995,0,7,0,99161,1,2,0,4,2,1,2,1,1,1,1,4,1,0,2,1,0,0,1,0,1,6,87,3,1,1,1,C,13,0,0,0,0,0,0,0,0,0,0,998,998,0,0,0,1,10,999,999,999,9999999,999,9,17,2,0,0,0,0,5,0,998,9.8,998,998,998,99.8,99.8,99.8,34.7066739652358,12,3
11447,17,105,1-17-2018-105-05,5,1,1FMCU93GX9KA,17,12,402,2009,14,3,14,0,1,F,2,1609,5,0,1,1,1,105,1,9,1,96,2,9,1,61265,1,2,0,2,2,1,1,1,1,1,1,3,0,0,3,1,0,0,9,1,1,2,12,2,2,4,1,B,7,0,0,0,0,0,0,0,0,0,0,998,998,0,0,0,1,11,999,999,999,9999999,999,999,999,7,0,1,2,0,4,0,998,2.0,999,999,120,0.0,0.0,0.0,47.9233869628999,4,3
11448,17,106,1-17-2018-106-07,7,1,3FAHP0HA3CR2,17,12,23,2012,4,1,3,0,1,L,1,1490,5,0,1,1,1,113,1,9,0,995,0,9,0,50322,1,2,1,3,1,1,1,1,2,9,1,2,3,3,1,1,0,0,1,1,14,2,12,2,2,4,1,B,7,0,0,0,0,0,0,0,0,0,0,998,998,0,0,0,1,1,14,-7,12,11661,998,-13,14,0,1,1,1,0,0,0,998,1.8,999,999,999,99.9,99.9,99.9,1050.02085852117,4,3
11449,21,99,1-21-2018-099-06,6,1,5NPEB4AC2CH4,17,55,33,2012,4,1,4,0,1,F,1,1454,5,0,1,1,1,64,1,0,0,995,0,0,0,92324,9,1,3,4,5,1,2,1,1,1,0,3,0,0,3,1,0,0,9,0,1,4,70,8,1,1,4,K,79,0,0,0,0,0,0,0,0,0,0,998,998,0,0,1,3,11,999,999,999,9999999,999,999,999,6,0,1,1,0,6,0,998,2.5,6,6,120,3.0,0.5,3.0,1299.83273251317,11,3
11449,21,99,1-21-2018-099-06,6,2,WVWMP7AN2AE5,17,30,46,2010,4,1,3,0,1,B,9,1530,5,9999,9,0,1,64,1,9,0,995,0,9,0,99999,9,9,3,4,2,1,1,1,1,1,0,0,0,0,3,1,0,0,9,0,10,2,16,99,1,1,4,K,78,0,0,0,0,0,0,0,0,0,0,205,260,0,0,0,1,0,999,999,999,9999999,999,999,999,9,0,99,99,0,99,0,995,9.8,998,998,998,99.8,99.8,99.8,1299.83273251317,11,3
11450,18,52,1-18-2018-052-08,8,1,1G1ZT54865F2,17,20,37,2005,4,1,3,0,1,F,3,1495,5,0,1,1,1,72,1,0,1,11,2,0,2,54701,2,2,2,1,6,2,1,1,1,1,1,3,0,0,3,1,1,2,3,1,1,2,13,1,1,4,1,A,1,0,0,0,0,0,0,0,0,0,0,998,998,0,1,0,1,1,43,-43,0,125782,998,-51,43,0,1,3,14,1,3,0,998,0.0,120,72,111,44.0,9.9,45.1,122.866579974537,6,3
11451,18,53,1-18-2018-053-09,9,1,3FAFP15P1XR1,17,12,13,1999,6,1,1,0,1,R,2,1150,5,9999,9,4,0,56,1,0,0,995,0,0,0,54703,9,9,2,1,3,3,2,1,3,1,1,0,0,0,1,1,1,2,9,0,11,2,15,99,1,1,4,J,68,0,0,0,0,0,0,0,0,0,0,105,355,0,0,0,1,3,27,-18,-21,50541,998,68,30,0,4,95,95,95,95,0,995,9.8,998,998,998,99.8,99.8,99.8,665.197328500908,6,3
11451,18,53,1-18-2018-053-09,9,2,1FTRF18W02NA,17,12,481,2002,34,5,31,0,1,F,1,1961,5,100,2,1,1,56,1,0,0,995,0,0,0,54703,1,2,2,1,2,2,2,1,2,1,3,0,0,0,1,1,1,2,1,0,14,4,62,2,1,1,4,J,69,0,0,0,0,0,0,0,0,0,0,355,105,0,0,0,1,3,14,-14,5,18904,998,117,12,0,4,1,1,0,5,0,995,9.8,998,998,998,99.8,99.8,99.8,665.197328500908,6,3
11453,32,122,1-32-2018-122-03,3,1,1FT7W2A62GEB,17,12,481,2016,34,5,31,0,1,F,3,2922,5,0,1,1,1,113,1,1,8,997,8,0,0,75009,1,9,1,2,4,3,2,1,1,9,3,1,0,0,1,8,0,0,9,1,15,2,12,99,1,4,1,B,6,1,1,2,1,1,4,61,1,1,10,998,998,0,0,0,1,10,999,999,999,9999999,999,-24,58,5,0,9,97,0,0,3,998,2.6,120,999,999,12.4,1.5,12.6,1893.05321303337,7,3
11454,26,112,1-26-2018-112-03,3,1,2HGEJ6611YH5,17,37,31,2000,4,1,2,0,1,F,1,1067,5,9999,9,0,1,64,1,9,0,995,0,9,0,95615,9,1,2,1,4,1,2,1,1,1,0,1,0,0,1,1,1,2,9,0,1,2,17,99,1,1,5,L,88,0,0,0,0,0,0,0,0,0,0,250,160,0,0,0,1,3,19,-19,-3,8582,998,-35,13,0,4,99,99,0,8,0,995,9.8,998,998,998,99.8,99.8,99.8,485.247965216271,10,3
11454,26,112,1-26-2018-112-03,3,2,1C6RR6FT9FS6,17,7,482,2015,34,5,31,0,1,L,1,2245,5,0,1,1,1,72,1,9,9,998,8,9,9,95820,9,9,2,1,4,2,2,1,1,1,1,3,0,0,1,1,1,2,1,0,1,4,66,1,1,1,5,L,89,1,2,2,5,7,1,1,2,2,24,160,250,0,1,0,1,3,9,-2,9,22490,998,143,12,0,3,1,1,0,4,1,995,0.0,12,12,120,1.1,1.2,1.6,485.247965216271,10,3
11455,30,66,1-30-2018-066-03,3,1,1N4BA41E06C8,17,35,39,2006,4,1,4,0,1,F,1,1576,5,0,1,1,1,105,1,0,0,995,0,0,0,85323,7,2,0,2,6,1,2,1,1,1,1,3,0,0,1,1,0,0,1,0,1,3,52,4,1,1,2,D,28,0,0,0,0,0,0,0,0,0,0,95,90,0,0,0,1,1,15,-15,-3,10291,998,-64,12,0,1,0,0,0,0,0,995,9.8,998,998,998,99.8,99.8,99.8,2414.83902597795,10,3
11455,30,66,1-30-2018-066-03,3,2,KNAGT4L31G50,17,63,34,2016,4,1,4,0,1,L,1,1463,5,0,1,1,1,105,1,0,0,995,0,0,0,85037,9,9,0,2,6,1,2,1,1,1,1,3,0,0,1,1,0,0,1,0,2,3,53,99,1,1,2,D,29,0,0,0,0,0,0,0,0,0,0,350,80,0,0,0,2,1,23,-4,22,4121,998,145,6,0,4,99,99,0,99,0,995,9.8,998,998,998,99.8,99.8,99.8,2414.83902597795,10,3
11455,30,66,1-30-2018-066-03,3,3,1C3LC46K78N1,17,6,43,2008,4,1,3,0,1,F,1,1502,5,0,1,1,1,105,1,0,0,995,0,0,0,85035,1,1,0,2,6,2,2,1,1,1,3,3,0,0,1,1,0,0,1,0,1,4,61,7,1,1,6,M,98,0,0,0,0,0,0,0,0,0,0,80,350,0,0,0,2,1,20,-20,-4,86660,998,-37,35,0,1,1,2,0,4,0,995,9.8,998,998,998,99.8,99.8,99.8,2414.83902597795,10,3
11455,30,66,1-30-2018-066-03,3,4,1G1JC1245272,17,20,16,2002,2,1,2,0,1,F,1,1188,5,9999,9,0,1,105,1,0,0,995,0,0,0,85282,9,9,0,2,6,2,2,1,1,1,3,3,0,0,1,1,0,0,1,0,1,4,61,1,1,1,6,M,98,0,0,0,0,0,0,0,0,0,0,90,20,0,0,0,3,3,11,-11,-2,4363,998,-38,9,0,4,0,0,0,0,0,995,9.8,998,998,998,99.8,99.8,99.8,2414.83902597795,10,3
11455,30,66,1-30-2018-066-03,3,5,JTDBE32K2200,17,49,40,2002,4,1,3,0,1,F,9,1435,5,9999,9,0,1,105,1,0,0,995,0,0,0,92119,9,9,0,2,6,4,2,1,1,1,3,3,0,0,1,1,0,0,1,0,1,4,61,99,1,1,6,M,98,0,0,0,0,0,0,0,0,0,0,90,20,0,0,0,5,0,999,999,999,9999999,999,999,999,9,0,0,0,0,0,0,995,9.8,998,998,998,99.8,99.8,99.8,2414.83902597795,10,3
11456,17,107,1-17-2018-107-07,7,1,1FAHP3K2XCL3,17,12,37,2012,5,1,3,0,1,F,1,1327,5,0,1,1,1,89,1,9,0,995,0,9,0,61238,1,2,0,4,2,1,2,1,1,1,1,4,0,0,2,1,0,0,1,0,1,6,87,2,1,1,1,C,13,0,0,0,0,0,0,0,0,0,0,998,998,0,0,0,1,10,999,999,999,9999999,999,40,12,2,0,0,0,0,0,0,998,9.8,998,998,998,99.8,99.8,99.8,1050.02085908679,4,3
11458,12,56,1-12-2018-056-04,4,1,1J4GB39157L1,17,2,403,2007,14,3,14,0,1,R,1,1936,5,0,1,1,1,56,1,0,0,995,0,0,0,73401,5,2,0,4,2,1,2,1,1,2,1,4,0,0,2,1,0,0,3,1,1,2,13,3,4,6,3,I,64,1,1,2,2,1,3,61,1,1,3,997,997,0,0,0,2,6,999,999,999,9999999,999,999,999,6,0,0,0,0,0,3,997,9.8,998,998,998,99.8,99.8,99.8,1236.10889357908,9,3
11458,12,56,1-12-2018-056-04,4,2,1C4BJWFG4FL7,17,2,403,2015,14,3,14,0,1,F,1,2051,5,0,1,1,1,56,1,0,0,995,0,0,0,73401,1,2,0,4,2,1,2,1,1,4,0,4,0,0,2,1,0,0,1,0,1,4,62,3,1,1,3,I,65,0,0,0,0,0,0,0,0,0,0,65,180,0,0,0,1,1,8,-8,0,14690,998,68,12,0,4,0,0,0,0,0,995,9.8,998,998,998,99.8,99.8,99.8,1236.10889357908,9,3
11462,11,31,1-11-2018-031-06,6,1,3N1AB61E87L6,17,35,43,2007,4,1,3,0,1,F,1,1273,5,0,2,0,1,72,1,0,1,0,2,0,1,23234,1,1,2,1,4,3,2,1,3,1,3,1,0,0,2,1,1,2,1,0,1,2,17,2,1,1,4,K,83,0,0,0,0,0,0,0,0,0,0,205,90,0,0,0,1,3,13,-11,-7,7987,998,-98,10,0,4,1,1,0,4,0,995,9.8,998,998,998,99.8,99.8,99.8,2274.76471905319,8,3
11462,11,31,1-11-2018-031-06,6,2,5TDYK3EHXBS0,17,49,403,2011,14,3,14,0,1,L,1,1960,5,0,1,1,1,72,1,0,1,0,2,0,0,23234,9,9,2,1,4,2,2,1,1,1,1,2,0,0,2,1,1,2,1,0,11,4,66,2,1,1,4,K,82,0,0,0,0,0,0,0,0,0,0,90,205,0,0,0,1,3,9,-7,6,12912,998,-29,13,0,4,0,0,0,4,0,995,9.8,998,998,998,99.8,99.8,99.8,2274.76471905319,8,3