CASEID,PSU,CASENO,CASENUMBER,CATEGORY,VEHNO,VIN,VINLENGTH,MAKE,MODEL,MODELYR,BODYTYPE,BODYCAT,VEHCLASS,SPECUSE,TRANSTAT,DAMPLANE,DAMSEV,CURBWT,CURBSRC,CARGOWT,CARGOSRC,INSPTYPE,TOWSTAT,SPEEDLIMIT,DRPRESENT,PARALCOHOL,ALCTEST,ALCTESTRESULT,ALCTESTSRC,PARDRUG,DRUGTEST,ZIP,RACE,ETHNICITY,RELTOJUNCT,TRAFFLOW,RDLANES,INITLANE,SURFTYPE,SURFCOND,ALIGNMENT,PROFILE,LINERIGHT,LINELEFT,RUMBINIT,RUMBROAD,LIGHTCOND,WEATHER,TRAFDEV,TRAFFUNCT,DISTRACT,PREFHE,PREMOVE,CRITCAT,CRITEVENT,MANEUVER,PRESTAB,PRELOC,CRASHCAT,CRASHCONF,CRASHTYPE,ROLLTYPE,ROLLTURN,ROLLINTRPT,ROLLPREMAN,ROLLINITYP,ROLLINLOC,ROLLOBJ,ROLLTRIP,ROLLDIR,ROLLDIST,DVANGTHIS,DVANGOTH,TOWHITCH,TRAJDOC,TREEPOLE,DVEVENT,DVBASIS,DVTOTAL,DVLONG,DVLAT,DVENERGY,DVSPEED,DVMOMENT,DVBES,DVEST,DVCONF,VAIS,VISS,VINJURED,VTREAT,INITOBJCLASS,HEADANGLECAT,SHLDRWIDTH,STRKLENGTH,STRKWIDTH,STRKHEIGHT,EDGEDISTX,EDGEDISTY,EDGEDISTZ,CASEWGT,PSUSTRAT,VERSION
11463,11,32,1-11-2018-032-05,5,1,1GCEC14X84Z1,17,20,481,2004,34,5,31,0,1,R,3,1876,5,9999,9,1,1,89,1,0,0,995,0,0,0,23838,2,9,2,1,4,4,2,1,1,1,1,2,0,0,1,1,1,2,9,0,11,2,15,1,1,1,4,J,68,0,0,0,0,0,0,0,0,0,0,180,70,0,0,0,1,1,46,-29,-35,191247,998,-43,49,0,4,4,17,1,1,0,995,9.8,998,998,998,99.8,99.8,99.8,111.457206362171,8,3
11463,11,32,1-11-2018-032-05,5,2,2C4RDGCG6DR5,17,7,442,2013,20,4,20,0,1,F,3,2050,5,9999,9,1,1,89,1,0,1,0,2,0,0,23235,1,9,2,1,4,2,2,1,1,1,1,1,0,0,1,1,1,2,1,0,1,4,62,1,1,1,4,J,69,0,0,0,0,0,0,0,0,0,0,70,180,0,0,0,1,1,41,-39,14,126722,998,42,38,0,4,1,2,0,4,0,995,9.8,998,998,998,99.8,99.8,99.8,111.457206362171,8,3
11464,77,22,1-77-2018-022-05,5,1,2GNFLEEKXD63,17,20,404,2013,14,3,14,0,1,L,1,1782,5,0,1,1,1,72,1,0,0,995,0,0,0,22937,9,9,0,4,2,1,2,1,3,1,0,0,0,0,2,1,0,0,1,1,14,4,78,99,9,4,1,B,7,0,0,0,0,0,0,0,0,0,0,998,998,0,0,1,1,1,19,-12,15,44947,998,-113,19,0,4,9,97,0,0,0,998,0.0,50,50,120,9.8,2.1,9.9,156.315744151147,9,3
11465,77,23,1-77-2018-023-02,2,1,1FT7W2BT9GEC,17,12,481,2016,34,5,31,0,1,F,2,3097,5,0,1,1,1,89,1,0,1,0,2,0,0,99999,9,9,0,4,2,1,2,1,3,1,1,2,1,0,1,1,6,2,1,1,14,2,13,7,1,4,1,A,1,0,0,0,0,0,0,0,0,0,0,998,998,0,1,1,3,5,999,999,999,9999999,999,999,32,3,0,1,2,0,3,0,998,0.1,95,110,40,31.9,2.0,32.0,191.424290157716,9,3
11466,24,73,1-24-2018-073-07,7,1,1M2AV02C69M0,17,86,882,2009,63,8,60,0,1,D,9,,,,,,0,40,1,0,0,995,0,0,0,08360,9,9,0,4,2,1,2,1,1,1,0,2,0,0,1,8,0,0,9,0,13,2,20,99,1,1,6,M,92,,,,,,,,,,,,,,,,,,,,,,,,,,,95,95,95,95,,,9.8,998,998,998,99.8,99.8,99.8,561.400116003122,1,3
11466,24,73,1-24-2018-073-07,7,2,3VWDP7AJ8CM3,17,30,40,2012,4,1,3,0,1,F,1,1381,5,0,1,1,1,40,1,0,0,995,0,0,0,08203,1,2,0,4,2,1,2,1,1,1,0,2,0,0,1,8,0,0,1,0,5,3,54,1,1,1,6,M,93,0,0,0,0,0,0,0,0,0,0,240,240,0,0,0,1,5,999,999,999,9999999,999,999,13,2,0,0,0,0,0,0,995,9.8,998,998,998,99.8,99.8,99.8,561.400116003122,1,3
11467,24,74,1-24-2018-074-09,9,1,2G2WR5841612,17,22,20,2006,4,1,4,0,1,F,1,1577,5,0,1,1,1,40,1,0,0,995,0,0,0,08330,2,2,2,3,2,1,2,1,1,1,0,3,0,0,3,1,1,2,1,0,1,2,17,2,2,1,5,L,88,0,0,0,0,0,0,0,0,0,0,160,75,0,0,0,1,5,999,999,999,9999999,999,999,999,6,0,1,1,0,4,0,995,9.8,998,998,998,99.8,99.8,99.8,593.690548639172,1,3
11467,24,74,1-24-2018-074-09,9,2,1N9313664CA1,17,98,988,2012,52,7,58,3,1,L,9,,,,,,0,40,1,0,0,995,0,0,0,08234,9,9,2,4,2,1,2,1,1,1,0,2,0,0,3,1,1,2,1,0,1,4,66,1,1,1,5,L,89,,,,,,,,,,,,,,,,,,,,,,,,,,,95,95,95,95,,,9.8,998,998,998,99.8,99.8,99.8,593.690548639172,1,3
11468,24,75,1-24-2018-075-03,3,1,5XYPHDA53JG3,17,63,402,2018,14,3,14,0,1,F,1,1860,8,0,1,1,1,80,1,0,0,995,0,0,0,08021,1,2,0,4,2,1,2,1,1,1,1,2,1,1,1,1,0,0,1,0,1,6,87,1,1,1,1,C,13,0,0,0,0,0,0,0,0,0,0,998,998,0,0,0,1,12,999,999,999,9999999,999,999,999,1,0,0,0,0,0,0,998,9.8,998,998,998,99.8,99.8,99.8,174.5961531825,1,3
11469,23,103,1-23-2018-103-03,3,1,WBAXH5C5XCDW,17,34,35,2012,4,1,5,0,1,F,1,1720,5,9999,9,4,1,72,1,0,0,995,0,0,0,43015,9,9,0,1,4,1,2,1,1,1,1,3,0,0,1,1,0,0,1,0,1,3,50,8,1,1,2,D,20,0,0,0,0,0,0,0,0,0,0,275,280,0,0,0,1,12,999,999,999,9999999,999,999,999,6,0,99,99,0,0,0,995,9.8,998,998,998,99.8,99.8,99.8,312.350588914841,5,3
11469,23,103,1-23-2018-103-03,3,2,3MYDLBZV7GY1,17,67,36,2016,4,1,2,0,1,B,1,1095,5,9999,9,5,1,72,1,0,0,995,0,0,0,43015,9,9,0,1,4,1,2,1,1,1,1,3,0,0,1,1,0,0,1,0,5,3,53,99,1,1,2,D,21,0,0,0,0,0,0,0,0,0,0,280,275,0,0,0,1,12,999,999,999,9999999,999,999,999,6,0,99,99,0,0,0,995,9.8,998,998,998,99.8,99.8,99.8,312.350588914841,5,3
11470,23,104,1-23-2018-104-03,3,1,1HTMKAAN57H4,17,84,999,2007,79,8,79,0,1,F,9,,,,,,0,72,1,0,0,995,0,0,0,43021,9,9,2,4,2,1,2,1,1,1,1,2,0,0,1,1,0,0,1,0,1,4,66,99,9,1,5,L,88,,,,,,,,,,,,,,,,,,,,,,,,,,,95,95,95,95,,,9.8,998,998,998,99.8,99.8,99.8,312.350588914841,5,3
11470,23,104,1-23-2018-104-03,3,2,3VV1B7AXXJM0,17,30,402,2018,14,3,14,0,1,L,3,9999,9,0,1,1,1,72,1,0,0,995,0,0,0,43230,1,2,2,4,2,1,2,1,1,1,1,2,0,0,1,1,2,2,1,0,1,4,66,4,1,1,5,L,89,0,0,0,0,0,0,0,0,0,0,270,355,0,0,0,1,5,999,999,999,9999999,999,999,149,5,0,0,0,0,0,0,995,0.2,15,15,119,1.1,1.5,0.8,312.350588914841,5,3
11471,66,49,1-66-2018-049-07,7,1,JTDZN3EU1D32,17,49,46,2013,5,1,4,0,1,F,1,1485,5,0,1,1,1,97,1,0,0,995,0,7,0,65803,1,2,3,4,2,1,2,1,1,1,1,4,2,3,1,1,0,0,3,0,1,3,52,3,1,1,2,D,28,0,0,0,0,0,0,0,0,0,0,80,90,0,1,0,1,1,20,-20,-4,12361,998,19,14,0,4,0,0,0,0,0,995,9.8,998,998,998,99.8,99.8,99.8,197.163701452674,6,3
11471,66,49,1-66-2018-049-07,7,2,1GCDT13X44K1,17,20,471,2004,34,5,30,0,1,B,1,1832,5,0,1,1,1,97,1,0,0,995,0,7,0,65633,1,2,3,4,2,1,2,1,1,1,1,4,2,3,1,1,0,0,1,0,2,3,53,1,1,1,2,D,30,0,0,0,0,0,0,0,0,0,0,90,80,0,0,0,1,1,17,17,0,36373,998,55,21,0,4,0,0,0,4,0,995,9.8,998,998,998,99.8,99.8,99.8,197.163701452674,6,3
11472,66,50,1-66-2018-050-08,8,1,1FTPW14534KC,17,12,481,2004,34,5,31,0,1,T,2,2495,5,0,1,1,1,113,1,0,1,0,2,7,1,64843,4,2,0,2,2,2,2,2,1,1,3,2,1,3,2,2,0,0,3,1,1,1,9,99,3,4,1,A,2,1,7,2,1,1,4,48,1,2,55,997,997,0,1,0,3,6,999,999,999,9999999,999,999,999,7,0,5,35,2,3,3,997,2.8,120,41,67,0.0,0.0,0.0,170.546864289739,6,3
11473,54,12,1-54-2018-012-08,8,1,JS3TY92V3541,17,53,405,2005,14,3,14,0,1,L,9,1680,5,9999,9,0,1,0,1,1,1,168,2,0,2,35653,9,1,2,4,2,1,2,1,1,1,0,0,0,0,2,1,0,0,9,0,11,2,15,1,1,1,4,K,82,0,0,0,0,0,0,0,0,0,0,165,230,0,0,0,1,0,999,999,999,9999999,999,999,999,9,0,3,10,1,3,0,995,9.8,998,998,998,99.8,99.8,99.8,555.020014169713,9,3
11473,54,12,1-54-2018-012-08,8,2,1GKER13737J1,17,23,8,2007,6,1,5,0,1,F,9,2142,5,9999,9,0,1,105,1,0,0,995,0,0,0,35564,1,9,2,1,2,2,2,1,1,1,3,2,1,3,2,1,0,0,9,1,1,4,67,7,1,4,4,K,83,0,0,0,0,0,0,0,0,0,0,230,165,0,0,0,1,0,999,999,999,9999999,999,999,999,9,0,2,8,0,3,0,995,9.8,998,998,998,99.8,99.8,99.8,555.020014169713,9,3
11474,12,57,1-12-2018-057-04,4,1,1HGCR2F53FA1,17,37,32,2015,4,1,4,0,1,R,1,1496,5,0,1,1,1,113,1,0,0,995,0,0,0,74112,9,9,0,2,2,2,2,2,1,1,3,2,1,3,1,2,0,0,9,1,1,1,6,99,4,4,1,B,7,0,0,0,0,0,0,0,0,0,0,998,998,0,0,0,2,10,999,999,999,9999999,999,-66,16,2,0,99,99,0,99,0,998,1.5,999,999,999,5.8,1.7,6.1,3734.80980030685,9,3
11476,16,106,1-16-2018-106-07,7,1,JF2SJAJC6JH5,17,48,401,2018,14,3,14,0,1,F,1,1567,5,9999,9,4,0,40,1,0,0,995,0,0,0,45248,9,9,2,4,2,1,2,1,1,4,0,0,0,0,1,1,2,2,1,0,10,2,16,99,1,1,4,K,78,0,0,0,0,0,0,0,0,0,0,65,120,0,0,0,1,3,7,-7,0,1636,998,0,5,0,4,95,95,95,95,0,995,9.8,998,998,998,99.8,99.8,99.8,1532.68913604265,5,3
11476,16,106,1-16-2018-106-07,7,2,5XXGR4A62DG1,17,63,34,2013,4,1,4,0,1,R,1,1535,5,0,1,1,1,56,1,0,0,995,0,0,0,45227,2,1,2,4,2,1,1,1,1,4,0,2,0,0,1,1,2,2,1,0,1,4,65,2,1,1,4,K,79,0,0,0,0,0,0,0,0,0,0,120,65,0,0,0,1,3,6,3,-5,4312,998,85,7,0,4,0,0,0,0,0,995,9.8,998,998,998,99.8,99.8,99.8,1532.68913604265,5,3
11477,16,107,1-16-2018-107-07,7,1,1FTNE24L13HB,17,12,461,2003,21,4,21,0,1,F,1,2268,5,0,1,1,1,48,1,0,0,995,0,0,0,45216,9,9,2,4,2,1,2,2,1,1,0,2,0,0,1,2,1,2,1,0,1,2,17,1,1,1,5,L,88,0,0,0,0,0,0,0,0,0,0,220,145,0,0,0,1,1,12,-8,-10,17409,998,-154,10,0,1,0,0,0,0,0,995,2.6,34,3,60,2.4,3.3,4.1,1532.68913604265,5,3
11477,16,107,1-16-2018-107-07,7,2,1FMCU0DG9AKA,17,12,402,2010,14,3,14,0,1,L,1,1540,5,0,1,1,1,48,1,0,0,995,0,0,0,45224,2,1,2,4,4,1,2,2,2,1,0,3,0,0,1,2,1,2,1,0,14,4,66,4,1,1,5,L,89,0,0,0,0,0,0,0,0,0,0,145,220,0,0,0,1,1,18,-12,14,32809,998,46,22,0,1,1,2,0,6,0,995,9.8,998,998,998,99.8,99.8,99.8,1532.68913604265,5,3
11478,16,108,1-16-2018-108-02,2,1,1C3CCCAB8GN1,17,6,18,2016,4,1,3,0,1,F,2,1575,5,0,1,1,1,56,1,0,1,0,2,0,0,45236,1,9,0,4,4,2,2,1,1,1,3,3,0,0,1,1,0,0,1,1,1,2,13,1,1,4,1,A,1,0,0,0,0,0,0,0,0,0,0,998,998,0,0,2,3,10,999,999,999,9999999,999,0,34,3,0,2,5,0,4,0,998,0.0,16,60,999,0.4,0.3,0.5,15.1302700241252,5,3
11479,32,123,1-32-2018-123-07,7,1,1FAHP35N19W1,17,12,37,2009,4,1,2,0,1,F,1,1189,5,0,1,1,1,80,1,0,0,995,0,0,0,75227,1,1,0,1,2,2,1,1,2,2,3,2,0,0,3,8,0,0,9,1,14,2,12,99,1,4,1,B,6,0,0,0,0,0,0,0,0,0,0,998,998,0,0,0,1,1,20,-20,0,24744,998,-63,20,0,4,0,0,0,0,0,998,3.7,999,999,999,12.7,3.4,13.1,8268.82855134619,7,3
11480,32,124,1-32-2018-124-06,6,1,3GNFK16Z84G3,17,20,421,2004,15,3,15,0,1,F,2,2190,5,0,1,1,1,56,1,0,1,0,2,0,0,75043,1,2,2,1,4,4,1,1,1,4,1,2,0,0,3,8,1,2,1,0,11,2,15,99,1,1,4,J,68,0,0,0,0,0,0,0,0,0,0,180,45,0,0,0,1,1,33,-33,-6,171152,998,-38,43,0,1,1,1,0,4,0,995,9.8,998,998,998,99.8,99.8,99.8,2206.92449052426,7,3
11480,32,124,1-32-2018-124-06,6,2,5J6RE4H32BL0,17,37,402,2011,14,3,14,0,1,L,3,1604,5,0,1,1,1,56,1,0,0,995,0,0,0,75041,1,9,2,1,3,2,1,1,1,2,3,3,0,0,3,8,1,2,9,0,1,4,62,99,1,1,4,J,69,0,0,0,0,0,0,0,0,0,0,45,180,0,0,0,1,1,43,-37,21,56013,998,-15,29,0,1,2,5,0,4,0,995,9.8,998,998,998,99.8,99.8,99.8,2206.92449052426,7,3
11482,48,14,1-48-2018-014-03,3,1,5XYZT3LB6EG1,17,55,401,2014,14,3,14,0,1,F,1,1690,5,0,1,1,1,129,1,0,0,995,0,0,0,83263,1,2,0,2,2,1,2,1,1,1,1,4,2,3,2,1,0,0,1,0,1,6,87,1,1,1,1,C,13,0,0,0,0,0,0,0,0,0,0,998,998,0,0,0,1,10,999,999,999,9999999,999,45,14,2,0,1,1,0,0,0,998,9.8,998,998,998,99.8,99.8,99.8,1846.31151614787,12,3
11483,52,59,1-52-2018-059-08,8,1,1J4FY19PXSP2,17,2,403,1995,14,3,14,0,1,R,2,1335,5,0,1,1,1,80,1,0,1,0,2,0,1,59105,1,2,0,4,2,1,2,1,3,1,1,2,0,0,1,8,0,0,3,1,14,1,6,7,4,4,1,A,2,1,4,1,2,1,4,61,1,1,26,997,997,0,0,0,1,6,999,999,999,9999999,999,999,999,7,0,3,19,1,3,3,997,0.3,120,3,119,61.2,7.4,61.5,78.2990787568721,12,3
11485,25,58,1-25-2018-058-08,8,1,1N6AA06B55N5,17,35,473,2005,34,5,30,0,1,B,9,2387,5,9999,9,0,1,97,1,8,1,0,2,7,0,04011,1,2,0,3,2,2,2,2,1,9,3,2,0,0,1,2,0,0,1,1,1,2,12,99,4,4,1,B,7,9,99,9,9,99,9,99,9,9,999,998,998,0,0,9,1,0,999,999,999,9999999,999,999,999,9,0,2,5,0,3,9,998,9.9,999,999,999,99.9,99.9,99.9,78.464147622246,2,3
11486,25,59,1-25-2018-059-04,4,1,2T3BFREV1JW7,17,49,402,2018,14,3,14,0,1,F,1,1635,8,0,1,1,1,64,1,0,0,995,0,0,0,04038,2,2,0,4,2,1,2,1,1,2,0,2,0,0,1,1,0,0,1,1,1,6,87,3,1,4,1,B,8,0,0,0,0,0,0,0,0,0,0,998,998,0,0,0,1,12,999,999,999,9999999,999,999,12,2,0,0,0,0,0,0,998,0.0,20,20,80,11.5,3.0,11.8,583.42435100222,2,3
11487,25,60,1-25-2018-060-03,3,1,1FMCU9GX5GUA,17,12,402,2016,14,3,14,0,1,F,1,1713,5,0,1,1,1,80,1,8,0,995,0,7,0,04079,1,2,0,4,2,1,2,1,1,1,1,2,0,0,1,1,0,0,3,1,1,1,8,1,8,4,1,A,2,0,0,0,0,0,0,0,0,0,0,998,998,0,0,0,1,1,23,-23,0,36456,998,0,23,0,4,1,1,0,3,0,998,3.0,999,999,999,0.0,0.0,0.0,139.070730507112,2,3
11488,73,18,1-73-2018-018-08,8,1,JTEHD21A8700,17,49,403,2007,14,3,14,0,1,F,1,1760,5,0,2,1,1,56,1,0,0,995,0,0,2,04950,1,2,0,4,2,1,1,1,1,1,1,2,0,0,1,1,0,0,3,1,1,2,12,1,1,4,1,B,6,0,0,0,0,0,0,0,0,0,0,998,998,0,0,0,3,1,12,-12,0,12623,998,-70,12,0,4,0,0,0,3,0,998,1.5,120,25,25,0.0,0.0,0.0,64.2129332196047,3,3
11489,32,125,1-32-2018-125-03,3,1,4JGAB75E15A5,17,42,401,2005,14,3,14,0,1,F,2,2210,5,0,1,1,1,113,1,0,0,995,0,0,0,76092,1,2,1,2,2,1,2,1,3,4,1,3,0,0,1,1,0,0,9,0,14,3,50,7,1,1,2,D,20,0,0,0,0,0,0,0,0,0,0,330,340,0,0,0,1,11,999,999,999,9999999,999,999,999,7,0,1,2,0,4,0,995,9.9,120,999,999,0.0,0.0,0.0,1662.70949016269,7,3
11489,32,125,1-32-2018-125-03,3,2,1GNSCGKC6GR1,17,20,422,2016,15,3,15,0,1,B,2,2511,5,0,2,1,1,113,1,0,0,995,0,0,0,75252,1,2,1,2,2,1,2,1,3,4,1,3,0,0,1,1,0,0,9,0,5,3,53,1,1,1,2,D,21,0,0,0,0,0,0,0,0,0,0,340,330,0,0,0,1,12,999,999,999,9999999,999,999,999,3,0,1,1,0,4,0,995,9.8,998,998,998,99.8,99.8,99.8,1662.70949016269,7,3
11489,32,125,1-32-2018-125-03,3,3,1HGCT1B79GA0,17,37,32,2016,2,1,3,0,1,L,1,1480,5,0,1,1,1,113,1,0,0,995,0,0,0,75105,2,2,1,2,2,1,2,1,3,4,1,3,0,0,1,1,0,0,9,0,5,4,60,1,1,1,6,M,98,0,0,0,0,0,0,0,0,0,0,340,5,0,0,0,3,12,999,999,999,9999999,999,999,999,2,0,99,99,0,99,0,995,9.8,998,998,998,99.8,99.8,99.8,1662.70949016269,7,3
11490,27,55,1-27-2018-055-04,4,1,JF2GTABC4JH2,17,48,403,2018,14,3,14,0,1,F,2,1445,8,0,1,1,1,64,1,0,0,995,0,0,0,01267,1,2,0,4,2,1,2,1,1,4,1,2,0,0,3,1,0,0,3,1,1,2,13,1,1,4,1,A,1,0,0,0,0,0,0,0,0,0,0,998,998,0,0,0,1,11,999,999,999,9999999,999,999,999,7,0,0,0,0,0,0,998,0.3,120,100,16,15.2,0.2,15.2,235.975439872962,3,3
11491,27,56,1-27-2018-056-07,7,1,YV1622FS7C21,17,51,47,2012,4,1,4,0,1,F,1,1609,5,0,1,1,1,48,1,0,0,995,0,0,0,01220,1,2,2,4,2,1,2,1,1,2,1,2,0,0,1,1,0,0,1,1,6,4,61,7,1,2,4,J,73,0,0,0,0,0,0,0,0,0,0,200,180,0,0,0,1,5,999,999,999,9999999,999,999,13,2,0,0,0,0,0,0,995,9.8,998,998,998,99.8,99.8,99.8,284.567107921771,3,3
11491,27,56,1-27-2018-056-07,7,2,1FVMF0CV87LX,17,82,881,2007,63,8,60,0,1,L,9,,,,,,0,48,1,0,0,995,0,0,0,01235,9,9,2,4,2,1,2,1,1,2,1,2,0,0,1,1,0,0,2,0,11,2,15,99,1,1,4,J,72,,,,,,,,,,,,,,,,,,,,,,,,,,,95,95,95,95,,,9.8,998,998,998,99.8,99.8,99.8,284.567107921771,3,3
11492,52,61,1-52-2018-061-07,7,1,1FAHP36N99W2,17,12,37,2009,4,1,2,0,1,F,2,1189,5,0,1,1,1,56,1,0,0,995,0,0,0,59106,9,9,0,5,3,1,2,1,1,1,0,2,0,0,1,1,0,0,9,0,1,3,52,1,1,1,2,D,28,0,0,0,0,0,0,0,0,0,0,85,85,0,0,0,1,3,34,-34,0,39863,998,-12,29,0,4,0,0,0,0,0,995,9.8,998,998,998,99.8,99.8,99.8,556.415041747882,12,3
11492,52,61,1-52-2018-061-07,7,2,5TFBV54188X0,17,49,482,2008,34,5,31,0,1,B,1,2578,8,0,1,2,0,56,1,0,0,995,0,0,0,59102,9,9,0,5,3,1,2,1,1,1,0,2,0,0,1,1,0,0,9,0,2,3,53,1,1,1,2,D,29,0,0,0,0,0,0,0,0,0,0,85,85,0,0,0,1,3,16,16,0,44509,998,-39,21,0,4,95,95,95,95,0,995,9.8,998,998,998,99.8,99.8,99.8,556.415041747882,12,3
11493,59,63,1-59-2018-063-02,2,1,5NPDH4AE7DH1,17,55,35,2013,4,1,3,0,1,L,2,1265,5,0,1,4,1,48,1,0,0,995,0,0,0,47438,9,9,2,1,3,2,2,1,1,1,3,3,0,0,1,1,1,2,9,0,1,2,17,99,1,1,5,L,89,0,0,0,0,0,0,0,0,0,0,175,265,0,0,0,1,4,25,-19,16,58621,998,-78,29,0,4,1,1,0,4,0,995,9.8,998,998,998,99.8,99.8,99.8,96.5088850545189,6,3
11493,59,63,1-59-2018-063-02,2,2,5GAKRBKD1EJ3,17,18,421,2014,15,3,15,0,1,F,1,2152,5,0,1,1,1,48,1,0,0,995,0,0,0,62420,9,9,2,3,2,1,2,1,1,1,0,3,0,0,1,1,1,2,9,0,1,4,66,99,1,1,5,L,88,0,0,0,0,0,0,0,0,0,0,265,175,0,0,0,1,4,15,-10,-11,22162,998,-159,11,0,4,0,0,0,4,0,995,9.8,998,998,998,99.8,99.8,99.8,96.5088850545189,6,3
11494,59,64,1-59-2018-064-02,2,1,5XYKT3A62EG5,17,63,402,2014,14,3,14,0,1,R,1,1722,5,9999,9,4,1,89,1,8,0,995,0,7,0,47805,9,9,2,4,2,1,2,1,1,9,0,2,0,0,1,1,2,2,9,0,1,2,17,99,1,1,5,L,87,0,0,0,0,0,0,0,0,0,0,90,350,0,0,0,1,12,999,999,999,9999999,999,999,999,2,0,1,3,0,4,0,995,9.8,998,998,998,99.8,99.8,99.8,96.5088850545189,6,3
11494,59,64,1-59-2018-064-02,2,2,1FMZU34E2WZA,17,12,401,1998,14,3,14,0,1,F,3,1631,5,0,1,5,1,89,1,8,0,995,0,7,0,46165,9,9,2,1,2,2,2,1,3,9,1,2,0,0,1,1,0,0,9,0,14,4,66,99,1,1,5,L,86,0,0,0,0,0,0,0,0,0,0,350,90,0,0,0,1,12,999,999,999,9999999,999,999,999,5,0,1,1,0,4,0,995,9.8,998,998,998,99.8,99.8,99.8,96.5088850545189,6,3
11495,29,62,1-29-2018-062-03,3,1,19UUA66206A0,17,54,35,2006,4,1,3,0,1,F,1,1623,5,0,1,1,1,48,1,8,9,998,8,7,9,02747,1,2,1,4,2,1,2,1,1,1,1,2,0,0,1,1,0,0,3,1,1,2,10,8,1,2,3,I,64,0,0,0,0,0,0,0,0,0,0,240,100,0,1,0,1,1,15,-14,3,11911,998,-27,13,0,4,1,1,0,0,0,995,1.6,12,15,15,3.0,1.6,3.4,161.990049829137,2,3
11495,29,62,1-29-2018-062-03,3,2,1HGCR2F12HA2,17,37,32,2017,4,1,4,0,1,L,1,1496,5,0,1,1,1,48,1,8,9,998,8,7,9,02743,1,9,1,4,2,1,2,1,1,1,0,2,0,0,1,1,0,0,9,0,1,4,62,11,1,1,3,I,65,0,0,0,0,0,0,0,0,0,0,100,240,0,0,0,1,1,16,-10,12,22503,998,-67,17,0,4,1,1,0,6,0,995,9.8,998,998,998,99.8,99.8,99.8,161.990049829137,2,3
11496,29,63,1-29-2018-063-07,7,1,3FADP0L34AR2,17,12,23,2010,4,1,3,0,1,F,1,1650,5,0,2,1,1,56,1,0,0,995,0,0,0,02871,1,2,2,4,4,1,2,1,1,1,1,3,0,0,1,1,1,2,1,0,2,6,90,1,1,1,1,C,12,0,0,0,0,0,0,0,0,0,0,998,998,0,0,0,1,12,999,999,999,9999999,999,999,999,6,0,0,0,0,0,0,998,9.8,998,998,998,99.8,99.8,99.8,713.948910499193,2,3
11497,31,53,1-31-2018-053-04,4,1,3CZRU6H53HG7,17,37,404,2017,14,3,14,0,1,F,1,1389,5,0,2,1,1,89,1,0,0,995,0,0,0,47629,1,2,0,4,2,1,2,1,1,1,1,4,0,0,1,1,0,0,1,1,2,2,13,3,1,4,1,A,1,0,0,0,0,0,0,0,0,0,0,998,998,0,0,1,3,11,999,999,999,9999999,999,999,999,6,0,0,0,0,0,0,998,0.9,7,7,120,16.6,7.7,17.8,288.735666104073,6,3
11498,31,54,1-31-2018-054-04,4,1,2C3CDXCTXEH1,17,7,24,2014,4,1,5,0,1,F,1,1929,5,0,1,1,1,40,1,0,0,995,0,0,0,62821,1,2,3,4,2,1,2,1,1,1,0,0,0,0,1,1,0,0,9,0,1,3,50,2,1,1,2,D,20,0,0,0,0,0,0,0,0,0,0,190,190,0,0,0,1,3,18,-18,0,19543,998,-4,16,0,4,1,1,0,6,0,995,9.8,998,998,998,99.8,99.8,99.8,288.735666104073,6,3
11498,31,54,1-31-2018-054-04,4,2,1GC2KUEG9GZ2,17,20,481,2016,34,5,31,0,1,B,1,2991,5,113,1,5,0,40,1,0,0,995,0,0,0,62821,9,9,3,4,2,1,2,1,1,1,0,0,0,0,1,1,0,0,9,0,5,3,53,1,1,1,2,D,22,0,0,0,0,0,0,0,0,0,0,190,190,0,0,0,1,3,11,11,0,22027,998,0,13,0,4,95,95,95,95,0,995,9.8,998,998,998,99.8,99.8,99.8,288.735666104073,6,3
11499,19,91,1-19-2018-091-08,8,1,1G4HP52K9VH6,17,18,2,1997,4,1,4,0,1,F,1,1555,5,0,1,1,1,72,1,0,0,995,0,0,0,35904,1,2,0,1,3,1,2,1,1,1,1,3,0,0,1,1,0,0,3,1,1,2,10,1,1,2,2,D,32,0,0,0,0,0,0,0,0,0,0,998,998,0,1,7,2,11,999,999,999,9999999,999,999,999,6,0,1,2,0,4,0,998,0.8,999,999,999,14.3,2.3,14.5,452.85033489329,9,3
11499,19,91,1-19-2018-091-08,8,2,WDDGF5EB3AF4,17,42,42,2010,4,1,3,0,2,L,2,1600,5,0,1,5,,,,,,,,,,,,,,,,,,,,,,,,,,,,,,,,,,,,,,,,,,,,,,,,,,,,,,,,,,,,,,,,,,95,95,95,95,,,,,,,,,,452.85033489329,9,3
11499,19,91,1-19-2018-091-08,8,3,1C4BJWEG8EL2,17,2,403,2014,14,3,14,0,1,B,1,1994,5,0,1,2,0,72,1,0,0,995,0,0,0,35901,9,9,0,1,3,2,2,1,1,1,3,3,0,0,1,1,0,0,9,0,1,4,61,1,1,1,2,D,32,0,0,0,0,0,0,0,0,0,0,245,240,0,0,0,1,12,999,999,999,9999999,999,999,999,6,0,95,95,95,95,0,995,9.8,998,998,998,99.8,99.8,99.8,452.85033489329,9,3