CASEID,PSU,CASENO,CASENUMBER,CATEGORY,VEHNO,VIN,VINLENGTH,MAKE,MODEL,MODELYR,BODYTYPE,BODYCAT,VEHCLASS,SPECUSE,TRANSTAT,DAMPLANE,DAMSEV,CURBWT,CURBSRC,CARGOWT,CARGOSRC,INSPTYPE,TOWSTAT,SPEEDLIMIT,DRPRESENT,PARALCOHOL,ALCTEST,ALCTESTRESULT,ALCTESTSRC,PARDRUG,DRUGTEST,ZIP,RACE,ETHNICITY,RELTOJUNCT,TRAFFLOW,RDLANES,INITLANE,SURFTYPE,SURFCOND,ALIGNMENT,PROFILE,LINERIGHT,LINELEFT,RUMBINIT,RUMBROAD,LIGHTCOND,WEATHER,TRAFDEV,TRAFFUNCT,DISTRACT,PREFHE,PREMOVE,CRITCAT,CRITEVENT,MANEUVER,PRESTAB,PRELOC,CRASHCAT,CRASHCONF,CRASHTYPE,ROLLTYPE,ROLLTURN,ROLLINTRPT,ROLLPREMAN,ROLLINITYP,ROLLINLOC,ROLLOBJ,ROLLTRIP,ROLLDIR,ROLLDIST,DVANGTHIS,DVANGOTH,TOWHITCH,TRAJDOC,TREEPOLE,DVEVENT,DVBASIS,DVTOTAL,DVLONG,DVLAT,DVENERGY,DVSPEED,DVMOMENT,DVBES,DVEST,DVCONF,VAIS,VISS,VINJURED,VTREAT,INITOBJCLASS,HEADANGLECAT,SHLDRWIDTH,STRKLENGTH,STRKWIDTH,STRKHEIGHT,EDGEDISTX,EDGEDISTY,EDGEDISTZ,CASEWGT,PSUSTRAT,VERSION
11500,33,76,1-33-2018-076-09,9,1,1FAFP4046WF2,17,12,3,1998,2,1,2,0,1,F,3,1375,5,0,1,1,1,89,1,0,1,0,2,0,0,95973,1,2,0,4,2,1,2,1,2,1,1,2,0,0,1,1,6,2,1,1,14,1,6,1,2,4,1,B,7,0,0,0,0,0,0,0,0,0,0,998,998,0,0,1,1,1,63,-62,-11,226175,998,-10,63,0,1,2,5,0,4,0,998,0.2,55,60,120,12.4,4.0,13.0,293.930810510221,12,3
11502,13,97,1-13-2018-097-02,2,1,3G5DA03E23S5,17,18,401,2003,14,3,14,0,1,F,1,1792,5,9999,9,0,0,105,1,0,0,995,0,0,0,76022,9,9,0,2,2,2,1,1,1,3,3,2,0,0,1,1,0,0,9,0,1,3,52,99,1,1,2,D,28,0,0,0,0,0,0,0,0,0,0,30,30,0,0,0,1,3,8,-8,0,3622,998,0,7,0,4,95,95,95,95,0,995,9.8,998,998,998,99.8,99.8,99.8,65.054865809197,7,3
11502,13,97,1-13-2018-097-02,2,2,1N4AL3AP9EN2,17,35,47,2014,4,1,4,0,1,F,1,1451,5,0,1,1,1,105,1,0,0,995,0,0,0,76040,2,2,0,2,2,2,1,1,1,3,3,2,0,0,1,1,0,0,1,0,2,3,53,1,1,1,2,D,29,0,0,0,0,0,0,0,0,0,0,35,30,0,0,0,2,3,13,-13,0,9610,998,-51,12,0,4,1,1,0,4,0,995,9.8,998,998,998,99.8,99.8,99.8,65.054865809197,7,3
11502,13,97,1-13-2018-097-02,2,3,1GNSKHKC9GR4,17,20,422,2016,15,3,15,0,1,B,1,2620,5,9999,9,0,0,105,1,0,0,995,0,0,0,76022,9,9,0,2,2,2,1,1,1,3,3,2,0,0,1,1,0,0,9,0,2,3,53,99,1,1,6,M,98,0,0,0,0,0,0,0,0,0,0,30,35,0,0,0,2,3,7,7,1,7263,998,-54,8,0,4,95,95,95,95,0,995,9.8,998,998,998,99.8,99.8,99.8,65.054865809197,7,3
11503,13,98,1-13-2018-098-04,4,1,1G1P75SZ6E71,17,20,25,2014,4,1,3,0,1,F,1,1407,5,0,1,1,1,121,1,0,0,995,0,0,0,76131,1,2,1,2,2,2,2,1,2,2,3,2,0,3,4,1,0,0,1,0,14,3,52,4,1,1,2,D,28,0,0,0,0,0,0,0,0,0,0,120,120,0,0,0,1,5,999,999,999,9999999,999,999,12,2,0,1,1,0,0,0,995,9.8,998,998,998,99.8,99.8,99.8,5214.58547341114,7,3
11503,13,98,1-13-2018-098-04,4,2,1FDAX56P17EA,17,12,880,2007,67,8,60,0,1,D,9,,,,,,0,121,1,0,0,995,0,0,0,76117,9,9,1,2,2,2,2,1,2,2,3,2,0,3,4,1,0,0,9,0,2,3,53,99,1,1,2,D,29,,,,,,,,,,,,,,,,,,,,,,,,,,,95,95,95,95,,,9.8,998,998,998,99.8,99.8,99.8,5214.58547341114,7,3
11504,26,113,1-26-2018-113-03,3,1,2HGEJ6617YH5,17,37,31,2000,4,1,2,0,1,F,2,1067,5,9999,9,4,1,105,1,0,1,0,2,0,0,95660,1,9,0,2,5,5,2,1,1,9,3,2,0,0,1,1,0,0,9,0,1,3,50,4,2,1,2,D,20,0,0,0,0,0,0,0,0,0,0,20,20,0,0,0,1,3,37,-37,0,50454,998,0,33,0,4,1,2,0,4,0,995,9.8,998,998,998,99.8,99.8,99.8,704.804471377853,10,3
11504,26,113,1-26-2018-113-03,3,2,KL8CD6S96EC5,17,20,29,2014,5,1,1,0,1,B,2,1050,5,0,1,1,1,105,1,0,0,995,0,0,0,89509,1,9,0,2,5,5,2,1,1,9,3,2,0,0,1,1,0,0,9,0,5,3,53,1,1,1,2,D,21,0,0,0,0,0,0,0,0,0,0,20,20,0,0,0,1,3,32,32,0,70236,998,0,36,0,4,2,9,0,3,0,995,9.8,998,998,998,99.8,99.8,99.8,704.804471377853,10,3
11504,26,113,1-26-2018-113-03,3,3,JTDBE32K9301,17,49,40,2003,4,1,3,0,1,B,1,1435,5,9999,9,0,0,105,1,0,0,995,0,0,0,95823,9,9,0,2,5,5,2,1,1,9,3,2,0,0,1,1,0,0,9,0,5,3,53,1,1,1,6,M,98,0,0,0,0,0,0,0,0,0,0,20,20,0,0,0,2,3,21,21,0,34565,998,0,25,0,4,95,95,95,95,0,995,9.8,998,998,998,99.8,99.8,99.8,704.804471377853,10,3
11505,26,114,1-26-2018-114-01,1,1,1G2WR5213YF1,17,22,20,2000,4,1,4,0,1,F,9,1582,5,9999,9,0,1,105,1,0,0,995,0,0,0,95688,1,9,0,3,2,2,2,1,1,9,3,2,1,3,2,1,0,0,9,1,1,2,12,99,1,4,1,B,6,0,0,0,0,0,0,0,0,0,0,170,140,0,0,0,2,0,999,999,999,9999999,999,999,999,9,0,5,50,1,1,0,995,9.9,999,999,999,99.9,99.9,99.9,43.0398345546347,10,3
11505,26,114,1-26-2018-114-01,1,2,4V4NC9EHXDN1,17,51,881,2013,66,8,67,0,1,L,9,,,,,,1,89,1,0,0,995,0,0,0,95358,9,9,0,3,2,1,2,1,1,9,1,3,2,3,2,1,0,0,9,0,1,4,60,99,1,1,6,M,98,,,,,,,,,,,,,,,,,,,,,,,,,,,95,95,95,95,,,9.8,998,998,998,99.8,99.8,99.8,43.0398345546347,10,3
11506,26,115,1-26-2018-115-05,5,1,1GBGC34R6XF0,17,20,481,1999,39,5,39,0,1,F,2,9999,9,9999,9,4,1,89,1,0,0,995,0,0,0,95366,1,9,0,4,2,1,2,1,3,4,1,2,0,0,1,1,0,0,9,1,14,2,13,7,2,2,3,G,50,0,0,0,0,0,0,0,0,0,0,210,60,0,1,0,1,12,999,999,999,9999999,999,999,999,3,0,9,97,0,8,0,995,9.8,998,998,998,99.8,99.8,99.8,54.8449007411189,10,3
11506,26,115,1-26-2018-115-05,5,2,JN8AZ1MWXBW1,17,35,49,2011,6,1,4,0,1,F,2,1891,5,0,1,1,1,89,1,0,1,0,2,0,1,95762,1,9,0,4,2,1,2,1,1,2,1,2,0,0,1,1,0,0,9,0,1,4,62,99,1,1,3,G,51,1,1,2,2,5,4,31,1,1,3,60,210,0,1,0,1,12,999,999,999,9999999,999,999,999,3,0,3,11,1,3,2,995,0.5,999,6,120,0.0,3.9,3.9,54.8449007411189,10,3
11507,17,108,1-17-2018-108-05,5,1,4T1BE46K59U2,17,49,40,2009,4,1,4,0,1,T,2,1500,5,0,1,1,1,89,1,9,1,0,2,9,1,61254,1,2,0,4,2,1,2,1,1,1,0,0,0,0,1,1,0,0,9,1,6,1,9,99,2,4,1,B,7,1,6,2,2,1,3,61,1,2,18,997,997,0,0,0,1,6,999,999,999,9999999,999,999,999,7,0,2,5,0,3,3,997,9.8,998,998,998,99.8,99.8,99.8,128.339502646428,4,3
11508,17,109,1-17-2018-109-01,1,1,1C4PJMCS4FW6,17,2,404,2015,14,3,14,0,1,F,3,1788,5,0,1,1,1,89,1,9,1,0,3,9,2,61201,1,2,0,4,2,1,2,1,2,1,1,2,0,0,1,1,0,0,9,1,14,2,10,99,1,2,3,G,50,0,0,0,0,0,0,0,0,0,0,150,330,0,0,0,1,5,999,999,999,9999999,999,999,69,5,0,5,43,1,1,0,995,9.8,998,998,998,99.8,99.8,99.8,154.014405539783,4,3
11508,17,109,1-17-2018-109-01,1,2,1C6RR7LTXES4,17,7,482,2014,34,5,31,0,1,F,2,2430,5,363,1,1,1,89,1,9,1,0,2,9,1,61240,1,2,0,4,2,1,2,1,3,1,1,4,0,0,1,1,0,0,3,0,14,3,54,4,1,1,3,G,51,1,4,2,2,1,3,61,1,1,22,330,150,1,0,0,1,5,999,999,999,9999999,999,999,999,3,0,4,29,1,3,3,995,9.8,998,998,998,99.8,99.8,99.8,154.014405539783,4,3
11509,17,110,1-17-2018-110-03,3,1,2C4RC1BG1FR6,17,6,441,2015,20,4,20,0,1,F,1,2115,5,100,1,1,1,56,1,9,0,995,0,7,0,62471,1,2,2,1,2,1,2,1,3,1,1,2,0,0,2,1,0,0,3,0,14,3,51,1,1,1,2,D,24,0,0,0,0,0,0,0,0,0,0,100,100,0,0,0,1,5,999,999,999,9999999,999,999,13,2,0,1,1,0,6,0,995,9.8,998,998,998,99.8,99.8,99.8,1973.41117805801,4,3
11509,17,110,1-17-2018-110-03,3,2,1XP5D49X56N8,17,87,884,2006,66,8,67,0,1,B,9,,,,,,0,56,1,9,0,995,0,9,0,54485,9,9,2,1,2,1,2,1,3,1,1,2,0,0,2,1,0,0,9,0,2,3,53,99,1,1,2,D,27,,,,,,,,,,,,,,,,,,,,,,,,,,,95,95,95,95,,,9.8,998,998,998,99.8,99.8,99.8,1973.41117805801,4,3
11510,10,69,1-10-2018-069-08,8,1,2G2WR5249412,17,22,20,2004,4,1,4,0,1,F,9,1625,5,0,1,5,1,56,1,8,1,170,2,7,0,45406,2,2,3,4,2,1,2,1,1,9,0,4,0,0,3,1,0,0,1,1,1,2,13,1,1,4,1,C,12,0,0,0,0,0,0,0,0,0,0,998,998,0,0,9,1,12,999,999,999,9999999,999,999,999,9,0,3,14,2,3,0,998,9.9,999,999,999,99.9,99.9,99.9,23.2867985501358,4,3
11510,10,69,1-10-2018-069-08,8,2,KNAGM4A79D53,17,63,34,2013,4,1,4,0,2,N,9,1454,5,9999,9,0,,,,,,,,,,,,,,,,,,,,,,,,,,,,,,,,,,,,,,,,,,,,,,,,,,,,,,,,,,,,,,,,,,95,95,95,95,,,,,,,,,,23.2867985501358,4,3
11512,10,71,1-10-2018-071-03,3,1,5N1AZ2MG9HN1,17,35,49,2017,6,1,4,0,1,R,9,1721,5,9999,9,0,1,64,1,0,0,995,0,0,0,45404,9,9,2,1,5,3,2,1,1,9,1,0,0,0,1,1,1,2,1,0,11,2,15,99,1,1,4,J,68,0,0,0,0,0,0,0,0,0,0,250,105,0,0,0,1,0,999,999,999,9999999,999,999,999,9,0,9,97,0,8,0,995,9.8,998,998,998,99.8,99.8,99.8,40.0741919081852,4,3
11512,10,71,1-10-2018-071-03,3,2,1G1PC5SBXE72,17,20,25,2014,4,1,3,0,1,F,9,1407,5,9999,9,0,1,64,1,0,0,995,0,0,0,45344,9,9,2,1,5,2,2,1,1,9,1,1,0,0,1,1,1,2,1,0,1,4,62,99,1,1,4,J,69,0,0,0,0,0,0,0,0,0,0,105,250,0,0,0,1,0,999,999,999,9999999,999,999,999,9,0,9,97,0,8,0,995,9.8,998,998,998,99.8,99.8,99.8,40.0741919081852,4,3
11513,18,54,1-18-2018-054-07,7,1,1GT12ZC87CF1,17,23,481,2012,34,5,31,0,1,L,9,2959,5,9999,9,0,1,113,1,0,0,995,0,0,0,54660,9,9,0,2,2,2,2,2,3,1,3,2,1,3,2,8,0,0,9,1,14,2,12,99,1,4,1,B,6,0,0,0,0,0,0,0,0,0,0,998,998,0,0,0,1,0,999,999,999,9999999,999,999,999,9,0,0,0,0,0,0,998,1.5,999,999,999,99.9,99.9,99.9,934.945251557019,6,3
11514,21,100,1-21-2018-100-08,8,1,1GKFK63837J3,17,23,421,2007,15,3,15,0,1,F,3,2556,5,0,2,5,1,113,1,0,1,0,2,0,2,89107,1,1,0,2,2,1,2,1,2,9,1,3,0,1,3,1,0,0,9,1,14,2,13,99,1,4,1,A,1,0,0,0,0,0,0,0,0,0,0,998,998,0,0,0,4,1,99,-99,0,1053704,998,0,99,0,1,3,19,1,3,0,998,4.4,999,999,999,15.7,0.8,16.0,211.537227688488,11,3
11515,21,101,1-21-2018-101-01,1,1,2B3AD56M42H1,17,7,41,2002,4,1,4,0,1,T,2,1574,5,0,2,1,1,89,1,0,0,995,0,0,0,92284,9,1,0,4,2,1,2,1,1,1,1,4,0,0,1,1,0,0,3,1,1,2,12,1,1,4,1,B,6,1,6,2,2,1,4,61,1,1,30,997,997,0,1,0,1,6,999,999,999,9999999,999,999,999,7,0,1,2,0,1,3,997,9.8,998,998,998,99.8,99.8,99.8,33.7653749903808,11,3
11516,21,102,1-21-2018-102-06,6,1,1N4AL3AP9DN5,17,35,47,2013,4,1,4,0,1,F,1,1420,5,9999,9,4,1,56,1,0,0,995,0,0,0,92407,9,9,2,4,5,3,2,1,1,1,1,2,0,0,1,1,0,0,9,0,11,2,15,99,1,1,4,J,68,0,0,0,0,0,0,0,0,0,0,90,310,0,0,0,1,3,12,-12,-2,5046,998,-38,9,0,4,0,0,0,0,0,995,9.8,998,998,998,99.8,99.8,99.8,500.455110681583,11,3
11516,21,102,1-21-2018-102-06,6,2,1N6AA0EK6CN3,17,35,481,2012,34,5,31,0,1,L,1,2303,8,0,1,1,1,56,1,0,0,995,0,0,0,92405,9,1,2,4,5,1,2,1,1,1,0,3,0,0,1,1,0,0,1,0,1,4,62,1,1,1,4,J,69,0,0,0,0,0,0,0,0,0,0,310,90,0,0,0,1,3,7,-6,4,13225,998,-172,8,0,4,1,2,0,4,0,995,1.5,10,10,120,6.4,0.0,6.4,500.455110681583,11,3
11517,22,56,1-22-2018-056-01,1,1,2FMDK48CX8BA,17,12,24,2008,6,1,4,0,1,F,3,1853,5,0,1,1,1,40,1,1,1,188,2,1,2,83540,5,2,0,4,2,1,2,1,3,1,0,2,0,0,3,1,0,0,3,1,14,2,13,2,1,4,1,A,1,0,0,0,0,0,0,0,0,0,0,998,998,0,1,1,2,1,58,-58,0,269309,998,-4,58,0,1,3,12,1,1,0,998,0.0,15,18,10,0.0,0.0,0.0,71.1522239958461,12,3
11518,33,77,1-33-2018-077-09,9,1,1FMDU34X3RUB,17,12,401,1994,14,3,14,0,1,F,1,1842,5,0,1,1,1,89,1,0,0,995,0,0,0,95928,1,1,0,1,1,1,2,1,1,1,1,2,0,0,4,1,0,0,2,0,1,3,51,1,1,1,2,D,24,0,0,0,0,0,0,0,0,0,0,195,195,0,0,0,1,5,999,999,999,9999999,999,999,20,2,0,2,5,0,4,0,995,9.8,998,998,998,99.8,99.8,99.8,293.930810510221,12,3
11518,33,77,1-33-2018-077-09,9,2,160216000340,17,98,998,1997,92,10,90,0,1,B,9,,,,,,0,89,1,0,0,995,0,0,0,96021,9,9,0,1,1,1,2,1,1,1,1,2,0,0,4,1,0,0,9,0,1,3,53,1,1,1,2,D,25,,,,,,,,,,,,,,,,,,,,,,,,,,,95,95,95,95,,,9.8,998,998,998,99.8,99.8,99.8,293.930810510221,12,3
11519,10,70,1-10-2018-070-03,3,1,1FAFP55U82A1,17,12,17,2002,4,1,3,0,1,F,9,1603,5,9999,9,0,1,40,1,0,0,995,0,0,0,45406,9,9,2,4,2,1,2,1,1,9,0,0,0,0,1,1,2,2,1,0,1,2,17,99,1,1,5,L,88,0,0,0,0,0,0,0,0,0,0,90,0,0,0,0,1,0,999,999,999,9999999,999,999,999,9,0,1,1,0,8,0,995,9.8,998,998,998,99.8,99.8,99.8,40.0741919081852,4,3
11519,10,70,1-10-2018-070-03,3,2,1G1PC5SB7E73,17,20,25,2014,4,1,3,0,1,L,9,1407,5,9999,9,0,1,40,1,0,0,995,0,0,0,45405,2,9,2,4,2,1,2,1,1,9,0,0,0,0,1,1,0,0,1,0,1,4,66,99,1,1,5,L,89,0,0,0,0,0,0,0,0,0,0,0,90,0,0,0,1,0,999,999,999,9999999,999,999,999,9,0,1,1,0,8,0,995,9.8,998,998,998,99.8,99.8,99.8,40.0741919081852,4,3
11520,30,67,1-30-2018-067-03,3,1,2T1BURHE0JC9,17,49,32,2018,4,1,3,0,1,F,1,1309,8,0,1,1,1,40,1,0,0,995,0,0,0,85392,7,2,2,4,3,2,2,1,1,1,1,2,0,0,1,1,2,2,1,0,11,2,15,1,1,1,4,K,82,0,0,0,0,0,0,0,0,0,0,70,150,0,0,0,1,1,22,-11,19,69042,998,178,22,0,4,1,1,0,6,0,995,9.8,998,998,998,99.8,99.8,99.8,2151.91083194526,10,3
11520,30,67,1-30-2018-067-03,3,2,3GCUKSEC9EG2,17,20,481,2014,34,5,31,0,1,R,1,2378,5,0,1,1,1,40,1,0,0,995,0,0,0,85338,9,9,2,4,5,2,2,1,1,1,3,1,0,0,1,1,0,0,1,0,1,4,67,3,1,1,4,K,83,0,0,0,0,0,0,0,0,0,0,150,70,0,0,0,1,1,13,-10,-8,21799,998,110,13,0,4,0,0,0,0,0,995,9.8,998,998,998,99.8,99.8,99.8,2151.91083194526,10,3
11521,30,68,1-30-2018-068-03,3,1,JHMGE8H35BC0,17,37,39,2011,5,1,1,0,1,F,1,1121,5,9999,9,0,0,56,1,0,0,995,0,0,0,85282,9,9,2,4,2,1,2,1,1,2,0,2,0,0,3,1,2,2,9,0,1,2,17,99,1,1,5,L,88,0,0,0,0,0,0,0,0,0,0,90,350,0,0,0,1,3,11,-11,-2,2733,998,-35,8,0,4,95,95,95,95,0,995,9.8,998,998,998,99.8,99.8,99.8,2151.91083184,10,3
11521,30,68,1-30-2018-068-03,3,2,4T1BF1FKXFU8,17,49,40,2015,4,1,4,0,1,L,1,1467,5,0,1,1,1,56,1,0,0,995,0,0,0,85022,1,9,2,1,6,1,2,1,1,1,0,3,0,0,3,1,0,0,1,0,1,4,66,4,1,1,5,L,89,0,0,0,0,0,0,0,0,0,0,350,90,0,0,0,1,3,8,-3,8,6493,998,-26,11,0,4,1,2,0,4,0,995,9.8,998,998,998,99.8,99.8,99.8,2151.91083184,10,3
11522,15,107,1-15-2018-107-03,3,1,3C4PDCBG8HT5,17,7,27,2017,6,1,4,0,1,F,9,1834,5,0,2,0,1,48,1,0,0,995,0,0,0,30281,2,2,2,4,4,2,2,1,1,1,3,2,0,0,1,8,0,0,9,0,1,4,67,2,1,1,4,K,83,0,0,0,0,0,0,0,0,0,0,310,200,0,0,0,1,0,999,999,999,9999999,999,999,999,9,0,1,1,0,4,0,995,9.8,998,998,998,99.8,99.8,99.8,554.083772654623,1,3
11522,15,107,1-15-2018-107-03,3,2,1C3CCBCG4EN1,17,6,18,2014,4,1,3,0,1,L,2,1544,5,0,1,1,1,48,1,0,0,995,0,0,0,11553,2,2,2,4,2,1,2,1,1,1,0,0,0,0,1,8,0,0,1,0,11,2,15,1,1,1,4,K,82,0,0,0,0,0,0,0,0,0,0,200,310,0,0,0,1,12,999,999,999,9999999,999,999,999,7,0,0,0,0,0,0,995,9.8,998,998,998,99.8,99.8,99.8,554.083772654623,1,3
11523,15,108,1-15-2018-108-02,2,1,2HKRW2H54HH6,17,37,402,2017,14,3,14,0,1,R,2,1580,5,0,2,4,1,48,1,0,0,995,0,0,0,11040,3,2,2,4,2,1,2,1,1,1,0,2,0,0,3,1,1,2,9,0,1,2,17,99,1,1,5,L,87,0,0,0,0,0,0,0,0,0,0,95,0,0,0,0,1,12,999,999,999,9999999,999,999,999,3,0,1,1,0,3,0,995,1.0,23,23,51,1.2,0.6,1.3,19.6527495553099,1,3
11523,15,108,1-15-2018-108-02,2,2,1FMJK2A50CEF,17,12,422,2012,15,3,15,0,1,F,2,2792,5,0,1,1,1,48,1,0,0,995,0,0,0,11741,1,2,2,4,2,1,2,1,1,1,1,2,0,0,3,1,1,2,1,0,1,4,66,1,1,1,5,L,86,0,0,0,0,0,0,0,0,0,0,0,95,0,0,0,1,12,999,999,999,9999999,999,999,999,3,0,2,4,0,3,0,995,9.8,998,998,998,99.8,99.8,99.8,19.6527495553099,1,3
11524,20,108,1-20-2018-108-02,2,1,4S3GTAL63H17,17,48,38,2017,5,1,3,0,1,F,3,1382,5,0,1,1,1,89,1,0,1,0,2,9,0,93924,1,2,0,4,2,1,2,1,1,4,1,2,0,0,2,1,0,0,3,1,1,2,13,1,1,4,1,A,1,0,0,0,0,0,0,0,0,0,0,998,998,0,0,1,2,1,67,-67,0,253497,998,11,67,0,1,3,14,1,4,0,998,0.4,3,20,100,15.7,1.3,15.7,73.3782137623326,11,3
11533,11,34,1-11-2018-034-09,9,1,5TDZA23C66S4,17,49,442,2006,20,4,20,0,1,F,1,1880,5,0,1,1,1,56,1,0,0,995,0,0,0,23860,9,9,0,1,3,2,2,1,1,1,3,1,0,0,1,1,0,0,9,0,1,3,52,2,1,1,2,D,28,0,0,0,0,0,0,0,0,0,0,265,265,0,0,0,1,1,23,-23,0,60821,998,-19,28,0,4,1,1,0,4,0,995,9.8,998,998,998,99.8,99.8,99.8,6524.58204987375,8,3
11533,11,34,1-11-2018-034-09,9,2,3GNEC12ZX5G2,17,20,482,2005,34,5,30,0,1,F,1,2466,5,0,1,1,1,56,1,0,0,995,0,0,0,23805,9,9,0,1,3,2,2,1,1,1,3,1,0,0,1,1,0,0,9,0,2,3,53,1,1,1,2,D,29,0,0,0,0,0,0,0,0,0,0,265,265,0,0,0,2,5,999,999,999,9999999,999,999,18,2,0,9,97,0,99,0,995,9.8,998,998,998,99.8,99.8,99.8,6524.58204987375,8,3
11533,11,34,1-11-2018-034-09,9,3,1FDUF4GY2GEA,17,12,481,2016,40,6,45,0,1,B,9,3906,5,9999,9,0,0,56,1,0,0,995,0,0,0,23845,9,9,0,1,3,2,2,1,1,1,3,1,0,0,1,1,0,0,1,0,5,3,53,1,1,1,6,M,98,0,0,0,0,0,0,0,0,0,0,265,265,0,0,0,2,0,999,999,999,9999999,999,999,999,9,0,95,95,95,95,0,995,9.8,998,998,998,99.8,99.8,99.8,6524.58204987375,8,3
11534,77,24,1-77-2018-024-02,2,1,1G4HP54K1241,17,18,2,2002,4,1,4,0,1,R,2,1618,5,0,1,1,1,97,1,0,0,995,0,0,0,22903,9,9,2,1,3,3,2,1,3,1,3,2,1,3,1,1,0,0,1,0,11,2,15,1,1,1,4,J,68,0,0,0,0,0,0,0,0,0,0,150,65,0,1,0,1,1,29,-5,-29,72137,998,152,23,0,1,9,97,0,0,0,995,1.7,8,8,120,1.3,3.6,3.8,264.469785330564,9,3
11534,77,24,1-77-2018-024-02,2,2,JF2GPAKC2E82,17,48,403,2014,14,3,14,0,1,F,2,1425,5,0,1,1,1,97,1,0,0,995,0,0,0,22922,1,2,2,1,3,1,2,1,1,1,1,3,2,3,1,1,0,0,1,0,1,4,62,3,9,2,4,J,69,0,0,0,0,0,0,0,0,0,0,65,150,0,1,0,1,1,33,-31,11,120787,998,69,40,0,1,1,1,0,0,0,995,1.4,120,62,88,4.7,0.9,4.8,264.469785330564,9,3
11535,77,25,1-77-2018-025-02,2,1,3FA6P0H73GR3,17,12,23,2016,4,1,4,0,1,U,1,1558,5,0,1,1,1,72,1,0,1,0,2,0,0,22942,9,9,0,4,2,1,2,1,2,1,0,2,0,0,1,1,6,2,3,1,14,2,12,1,1,4,1,B,6,0,0,0,0,0,0,0,0,0,0,998,998,0,1,0,5,7,999,999,999,9999999,999,999,999,6,0,1,2,0,4,0,998,0.0,12,12,120,12.8,3.2,13.2,264.469785330564,9,3
11536,24,76,1-24-2018-076-03,3,1,1C6RR7ST1ES1,17,7,482,2014,34,5,30,0,1,B,2,2433,5,9999,9,0,0,72,1,0,0,995,0,0,0,08234,9,9,3,4,2,1,2,2,1,1,1,2,0,0,1,2,0,0,9,0,13,2,20,99,1,7,6,M,92,0,0,0,0,0,0,0,0,0,0,105,105,0,0,0,1,3,30,30,0,83433,998,0,30,0,4,95,95,95,95,0,995,9.8,998,998,998,99.8,99.8,99.8,4672.5621684939,1,3
11536,24,76,1-24-2018-076-03,3,2,1GC2KYEG6FZ5,17,20,481,2015,34,5,31,0,1,F,2,3225,5,0,1,1,1,72,1,0,0,995,0,0,0,08361,1,2,3,4,2,1,2,2,1,1,1,2,0,0,1,2,0,0,1,0,1,4,70,2,1,1,6,M,93,0,0,0,0,0,0,0,0,0,0,105,105,0,0,0,1,3,26,-26,0,73302,998,11,26,0,4,1,2,0,4,0,995,9.8,998,998,998,99.8,99.8,99.8,4672.5621684939,1,3
11537,28,61,1-28-2018-061-06,6,1,1J4PN2GK4BW5,17,2,405,2011,14,3,14,0,1,F,1,1872,5,0,1,1,1,89,1,0,0,995,0,0,0,14894,1,2,2,4,2,1,2,1,1,4,1,2,3,3,1,1,0,0,1,1,1,3,50,4,1,4,1,A,3,0,0,0,0,0,0,0,0,0,0,260,140,0,0,0,3,3,16,-15,3,15219,998,17,14,0,4,1,2,0,4,0,995,5.0,120,7,7,9.8,3.8,10.6,89.4678564393804,3,3
11537,28,61,1-28-2018-061-06,6,2,JF2SH6DC1AH7,17,48,401,2010,14,3,14,0,1,L,1,1483,5,0,1,5,0,64,1,0,0,995,0,0,0,16901,9,9,2,4,2,1,2,1,1,1,0,2,0,0,1,1,2,2,1,0,5,4,67,1,1,1,6,M,98,0,0,0,0,0,0,0,0,0,0,140,260,0,0,0,3,3,21,-7,20,31364,998,-41,22,0,4,95,95,95,95,0,995,9.8,998,998,998,99.8,99.8,99.8,89.4678564393804,3,3
11538,23,105,1-23-2018-105-07,7,1,19XFB2F5XDE0,17,37,31,2013,4,1,3,0,1,B,1,1236,5,0,2,5,1,113,1,0,0,995,0,0,0,46074,3,2,0,2,3,2,2,2,1,1,3,3,0,3,2,2,0,0,1,1,1,2,13,3,4,4,1,A,2,0,0,0,0,0,0,0,0,0,0,998,998,0,0,0,1,12,999,999,999,9999999,999,999,999,2,0,0,0,0,0,0,998,3.5,66,38,80,11.6,2.3,11.9,1429.58424060192,5,3
11539,23,106,1-23-2018-106-05,5,1,5J6RE4H77AL0,17,37,402,2010,14,3,14,0,1,L,3,1604,5,0,1,1,1,89,1,0,1,0,2,0,1,43040,1,2,2,4,2,1,2,1,1,1,1,2,0,0,1,8,1,2,1,0,1,4,66,99,1,1,5,L,89,1,4,1,5,7,1,2,2,1,16,130,220,0,1,0,1,1,46,-16,43,217929,998,-31,57,0,1,2,5,0,3,1,995,1.0,8,8,999,9.6,0.6,9.6,50.4532248975682,5,3
11539,23,106,1-23-2018-106-05,5,2,2C3KA53G57H7,17,6,51,2007,4,1,5,0,1,F,3,1708,5,0,1,1,1,97,1,0,0,995,0,0,0,48849,9,9,2,1,3,1,2,1,2,1,1,3,2,2,1,8,1,2,3,0,14,2,17,99,1,1,5,L,88,0,0,0,0,0,0,0,0,0,0,220,130,0,0,0,1,1,43,-40,-15,84717,998,-74,31,0,1,9,97,0,5,0,995,9.8,998,998,998,99.8,99.8,99.8,50.4532248975682,5,3