CASEID,PSU,CASENO,CASENUMBER,CATEGORY,VEHNO,VIN,VINLENGTH,MAKE,MODEL,MODELYR,BODYTYPE,BODYCAT,VEHCLASS,SPECUSE,TRANSTAT,DAMPLANE,DAMSEV,CURBWT,CURBSRC,CARGOWT,CARGOSRC,INSPTYPE,TOWSTAT,SPEEDLIMIT,DRPRESENT,PARALCOHOL,ALCTEST,ALCTESTRESULT,ALCTESTSRC,PARDRUG,DRUGTEST,ZIP,RACE,ETHNICITY,RELTOJUNCT,TRAFFLOW,RDLANES,INITLANE,SURFTYPE,SURFCOND,ALIGNMENT,PROFILE,LINERIGHT,LINELEFT,RUMBINIT,RUMBROAD,LIGHTCOND,WEATHER,TRAFDEV,TRAFFUNCT,DISTRACT,PREFHE,PREMOVE,CRITCAT,CRITEVENT,MANEUVER,PRESTAB,PRELOC,CRASHCAT,CRASHCONF,CRASHTYPE,ROLLTYPE,ROLLTURN,ROLLINTRPT,ROLLPREMAN,ROLLINITYP,ROLLINLOC,ROLLOBJ,ROLLTRIP,ROLLDIR,ROLLDIST,DVANGTHIS,DVANGOTH,TOWHITCH,TRAJDOC,TREEPOLE,DVEVENT,DVBASIS,DVTOTAL,DVLONG,DVLAT,DVENERGY,DVSPEED,DVMOMENT,DVBES,DVEST,DVCONF,VAIS,VISS,VINJURED,VTREAT,INITOBJCLASS,HEADANGLECAT,SHLDRWIDTH,STRKLENGTH,STRKWIDTH,STRKHEIGHT,EDGEDISTX,EDGEDISTY,EDGEDISTZ,CASEWGT,PSUSTRAT,VERSION
11604,32,129,1-32-2018-129-03,3,1,3C3CFFAR4ET1,17,36,38,2014,3,1,1,0,1,L,1,1068,5,0,1,1,1,64,1,1,8,997,8,1,3,75052,1,9,2,1,3,2,2,1,1,4,3,3,0,0,3,1,0,0,9,0,12,3,53,99,1,1,6,M,98,0,0,0,0,0,0,0,0,0,0,0,30,0,0,0,1,1,17,8,14,14266,998,48,16,0,4,0,0,0,0,0,995,9.8,998,998,998,99.8,99.8,99.8,1056.46515941194,7,3
11604,32,129,1-32-2018-129-03,3,2,19XFB2F51EE0,17,37,31,2014,4,1,3,0,1,F,1,1284,5,0,1,1,1,64,1,0,0,995,0,0,0,75150,2,2,2,1,3,3,2,1,1,4,3,0,0,0,3,1,0,0,9,0,1,4,61,7,1,1,6,M,98,0,0,0,0,0,0,0,0,0,0,30,0,0,0,0,1,1,15,-13,-7,12593,998,-56,15,0,4,9,97,0,99,0,995,0.0,105,30,120,1.8,0.9,2.0,1056.46515941194,7,3
11605,32,130,1-32-2018-130-05,5,1,JTHBF5C25C21,17,59,35,2012,4,1,3,0,1,R,1,1567,5,0,1,2,0,105,1,0,0,995,0,0,0,75159,9,9,1,1,5,3,1,1,2,2,1,3,0,0,3,1,0,0,1,0,14,4,61,1,1,1,2,F,48,0,0,0,0,0,0,0,0,0,0,20,10,0,0,0,1,8,999,999,999,9999999,999,999,999,6,0,95,95,95,95,0,995,9.8,998,998,998,99.8,99.8,99.8,68.7065193101416,7,3
11605,32,130,1-32-2018-130-05,5,2,3GCPCSE08BG2,17,20,481,2011,34,5,31,0,1,R,3,2338,5,0,1,1,1,105,1,0,0,995,0,0,0,75208,1,1,1,1,5,1,1,1,2,2,1,1,0,0,3,1,0,0,9,1,15,2,10,99,1,2,2,F,48,0,0,0,0,0,0,0,0,0,0,998,998,0,0,0,2,10,999,999,999,9999999,999,999,999,8,0,9,97,0,8,0,998,3.6,120,999,999,17.1,2.4,17.5,68.7065193101416,7,3
11607,73,20,1-73-2018-020-03,3,1,ML32A3HJ0FH0,17,52,48,2015,5,1,1,0,1,F,2,895,5,0,1,1,1,80,1,0,0,995,0,0,0,04924,9,9,0,4,2,1,2,2,1,1,1,4,0,0,2,2,0,0,1,0,1,6,87,2,2,1,1,C,13,0,0,0,0,0,0,0,0,0,0,998,998,0,0,0,1,10,999,999,999,9999999,999,0,29,3,0,1,1,0,99,0,998,9.8,998,998,998,99.8,99.8,99.8,80.7446869716095,3,3
11608,25,63,1-25-2018-063-09,9,1,1G4HD57287U1,17,18,23,2007,4,1,5,99,1,R,9,1810,5,9999,9,4,1,48,1,8,0,995,0,7,0,04103,9,9,0,4,2,1,2,1,1,1,1,2,0,0,1,1,0,0,1,1,1,2,11,99,1,4,1,C,11,0,0,0,0,0,0,0,0,0,0,270,270,0,0,0,1,12,999,999,999,9999999,999,999,999,9,0,1,2,0,3,0,995,9.8,998,998,998,99.8,99.8,99.8,460.113093578532,2,3
11608,25,63,1-25-2018-063-09,9,2,5XXGM4A74CG0,17,63,34,2012,4,1,4,99,2,L,9,1535,5,9999,9,0,,,,,,,,,,,,,,,,,,,,,,,,,,,,,,,,,,,,,,,,,,,,,,,,,,,,,,,,,,,,,,,,,,95,95,95,95,,,,,,,,,,460.113093578532,2,3
11609,25,64,1-25-2018-064-06,6,1,2T1BU4EE6BC7,17,49,32,2011,4,1,2,0,1,L,1,1255,5,0,1,1,1,40,1,0,0,995,0,0,0,04103,9,9,2,4,2,1,2,1,1,1,0,0,0,0,1,1,2,2,1,0,11,2,15,2,1,1,4,K,82,0,0,0,0,0,0,0,0,0,0,110,200,0,0,0,1,3,12,-2,12,10456,998,42,14,0,4,99,99,0,99,0,995,9.8,998,998,998,99.8,99.8,99.8,150.157745236479,2,3
11609,25,64,1-25-2018-064-06,6,2,4S3BH6758376,17,48,34,2003,5,1,3,0,1,F,1,1513,5,0,1,4,1,48,1,0,0,995,0,0,0,04062,1,2,2,4,4,2,2,1,1,1,3,2,0,0,1,1,0,0,1,0,1,4,67,2,1,1,4,K,83,0,0,0,0,0,0,0,0,0,0,200,110,0,0,0,1,3,10,-10,-2,4507,998,-38,8,0,4,2,6,0,4,0,995,9.8,998,998,998,99.8,99.8,99.8,150.157745236479,2,3
11610,25,65,1-25-2018-065-04,4,1,1GNSKGEC2JR2,17,20,422,2018,15,3,15,0,1,F,2,2511,5,0,1,4,1,48,1,8,0,995,0,7,0,04107,9,9,2,2,6,1,2,1,3,1,0,3,0,0,1,8,1,2,1,1,14,2,13,99,1,4,1,A,1,0,0,0,0,0,0,0,0,0,0,998,998,0,0,1,4,11,999,999,999,9999999,999,999,999,7,0,0,0,0,0,0,998,9.9,999,999,999,99.9,99.9,99.9,474.597510120212,2,3
11611,59,66,1-59-2018-066-07,7,1,1B3BD1FG9BN5,17,7,26,2011,4,1,3,0,1,F,9,1539,5,9999,9,0,1,48,1,0,0,995,0,0,0,47842,9,9,0,4,2,1,2,2,1,1,0,0,0,0,2,2,0,0,3,1,1,2,11,99,1,4,1,C,11,0,0,0,0,0,0,0,0,0,0,100,100,0,0,0,1,0,999,999,999,9999999,999,999,999,9,0,0,0,0,0,0,995,9.8,998,998,998,99.8,99.8,99.8,1084.15664281271,6,3
11611,59,66,1-59-2018-066-07,7,2,1G1AT58HX972,17,20,22,2009,4,1,2,0,2,B,9,1261,5,9999,9,0,,,,,,,,,,,,,,,,,,,,,,,,,,,,,,,,,,,,,,,,,,,,,,,,,,,,,,,,,,,,,,,,,,95,95,95,95,,,,,,,,,,1084.15664281271,6,3
11612,59,67,1-59-2018-067-07,7,1,1FDGF5GT9GEB,17,12,880,2016,67,8,60,0,1,D,9,,,,,,0,48,1,0,0,995,0,0,0,47885,9,9,0,4,2,1,2,1,1,1,0,2,0,0,1,1,0,0,9,0,2,3,53,99,1,1,2,D,29,,,,,,,,,,,,,,,,,,,,,,,,,,,95,95,95,95,,,9.8,998,998,998,99.8,99.8,99.8,1084.15664281271,6,3
11612,59,67,1-59-2018-067-07,7,2,2G1WG5EK5B12,17,20,2,2011,4,1,4,0,1,F,9,1613,5,9999,9,0,1,48,1,0,0,995,0,0,0,47804,9,9,0,4,2,1,2,1,1,1,0,2,0,0,1,1,0,0,9,0,1,3,52,99,1,1,2,D,28,0,0,0,0,0,0,0,0,0,0,0,0,0,0,0,1,0,999,999,999,9999999,999,999,999,9,0,1,1,0,0,0,995,9.8,998,998,998,99.8,99.8,99.8,1084.15664281271,6,3
11613,27,58,1-27-2018-058-06,6,1,5NPDH4AE2DH3,17,55,35,2013,4,1,3,0,1,F,1,1265,5,0,1,1,1,56,1,8,1,192,2,7,1,01258,1,2,0,4,2,1,2,1,3,1,1,2,0,0,2,1,0,0,9,1,14,2,13,99,1,4,1,A,1,0,0,0,0,0,0,0,0,0,0,998,998,0,0,2,3,10,999,999,999,9999999,999,-12,20,2,0,1,2,0,3,0,998,1.1,5,5,999,35.8,35.8,1.9,72.452777517116,3,3
11614,27,59,1-27-2018-059-03,3,1,5NPE24AA9FH1,17,55,33,2015,4,1,4,0,1,B,1,1475,5,0,1,1,1,56,1,8,9,998,8,7,9,01247,1,2,0,3,1,1,2,1,1,1,1,1,0,0,1,1,0,0,1,0,5,3,53,1,1,1,2,D,21,0,0,0,0,0,0,0,0,0,0,15,15,0,0,0,1,1,11,11,0,7059,998,0,11,0,1,0,0,0,4,0,995,9.8,998,998,998,99.8,99.8,99.8,62.0339327541874,3,3
11614,27,59,1-27-2018-059-03,3,2,3N1AB7AP9HY4,17,35,43,2017,4,1,3,0,1,F,1,1300,5,0,1,2,0,56,1,8,9,998,8,7,9,01220,9,9,2,3,1,1,2,1,1,1,1,1,0,0,1,1,0,0,1,0,1,3,50,3,1,1,2,D,20,0,0,0,0,0,0,0,0,0,0,15,15,0,0,0,1,1,13,-13,0,9249,998,-1,13,0,1,95,95,95,95,0,995,9.8,998,998,998,99.8,99.8,99.8,62.0339327541874,3,3
11615,52,63,1-52-2018-063-06,6,1,2G4WB55K9111,17,18,20,2001,4,1,3,0,1,F,1,1563,5,9999,9,0,1,40,1,0,0,995,0,0,0,59102,9,9,2,4,2,1,2,1,1,1,0,0,0,0,1,1,0,0,9,0,1,3,55,99,1,1,5,L,88,0,0,0,0,0,0,0,0,0,0,90,0,0,0,0,1,3,11,-11,-2,7106,998,-40,10,0,4,0,0,0,0,0,995,9.8,998,998,998,99.8,99.8,99.8,275.665041288783,12,3
11615,52,63,1-52-2018-063-06,6,2,1C4RJFCG4CC2,17,2,404,2012,14,3,14,0,1,L,1,2200,5,68,2,1,1,40,1,0,0,995,0,0,0,59101,1,2,2,4,2,1,2,1,1,1,0,0,0,0,1,1,0,0,1,0,1,2,17,99,1,1,5,L,89,0,0,0,0,0,0,0,0,0,0,0,90,0,0,0,1,3,8,-1,8,11488,998,118,9,0,4,1,1,0,4,0,995,9.8,998,998,998,99.8,99.8,99.8,275.665041288783,12,3
11616,19,94,1-19-2018-094-09,9,1,1FTRF12297NA,17,12,481,2007,34,5,31,0,1,F,1,2158,5,0,1,1,1,40,1,0,0,995,0,0,0,35954,1,2,0,4,2,1,2,1,1,4,0,0,0,0,1,1,0,0,1,1,1,2,12,1,1,4,1,B,6,0,0,0,0,0,0,0,0,0,0,998,998,0,1,1,3,1,22,-22,0,41676,998,23,22,0,4,1,1,0,4,0,998,0.0,31,32,120,3.4,6.8,7.3,2823.55452804556,9,3
11618,14,51,1-14-2018-051-04,4,1,3GCPCTEC6EG2,17,20,481,2014,34,5,31,0,1,B,9,2293,5,9999,9,0,0,89,1,0,0,995,0,0,0,78132,9,9,2,5,3,1,2,1,1,1,1,2,0,0,1,1,0,0,9,0,5,3,53,99,1,1,2,D,21,0,0,0,0,0,0,0,0,0,0,280,270,0,0,0,1,0,999,999,999,9999999,999,999,999,9,0,95,95,95,95,0,995,9.8,998,998,998,99.8,99.8,99.8,14456.0457768032,8,3
11618,14,51,1-14-2018-051-04,4,2,3GNCJKSB1JL3,17,20,406,2018,14,3,14,0,1,F,2,1382,5,0,1,1,1,89,1,0,0,995,0,0,0,78070,1,9,2,5,3,1,1,1,1,1,1,2,0,0,1,1,0,0,9,0,1,3,50,8,1,1,2,D,20,0,0,0,0,0,0,0,0,0,0,270,280,0,0,0,1,5,999,999,999,9999999,999,999,32,3,0,0,0,0,0,0,995,9.8,998,998,998,99.8,99.8,99.8,14456.0457768032,8,3
11620,29,68,1-29-2018-068-06,6,1,WBAWV53559P0,17,34,34,2009,2,1,3,0,1,F,2,1625,8,0,1,1,1,56,1,8,9,998,8,7,9,02740,1,2,0,4,2,1,2,1,1,1,0,2,0,0,2,1,0,0,3,1,1,2,10,1,1,4,1,B,6,0,0,0,0,0,0,0,0,0,0,998,998,0,0,2,2,11,999,999,999,9999999,999,999,999,7,0,1,1,0,4,0,998,0.0,120,14,9,0.0,0.0,0.0,220.83758643217,2,3
11621,32,132,1-32-2018-132-02,2,1,3GCUKREH1EG3,17,20,481,2014,34,5,31,0,1,F,3,2367,5,0,1,1,1,56,1,0,0,995,0,0,0,76131,1,1,2,1,4,2,1,1,1,1,3,1,0,0,1,1,1,2,9,0,1,2,17,2,1,2,4,K,83,0,0,0,0,0,0,0,0,0,0,170,95,0,0,0,1,3,45,-42,-15,130691,998,-44,36,0,4,0,0,0,0,0,995,9.8,998,998,998,99.8,99.8,99.8,44.9322463442907,7,3
11621,32,132,1-32-2018-132-02,2,2,1G6AV5S80E01,17,19,18,2014,4,1,5,0,1,L,3,1825,5,9999,9,0,1,56,1,0,1,0,2,0,2,76039,2,2,2,1,4,4,1,1,1,2,1,2,0,0,1,1,1,2,9,0,11,4,66,1,1,1,4,K,82,0,0,0,0,0,0,0,0,0,0,95,170,0,0,0,1,3,58,-10,57,329489,998,-28,66,0,4,5,43,1,3,0,995,9.8,998,998,998,99.8,99.8,99.8,44.9322463442907,7,3
11621,32,132,1-32-2018-132-02,2,3,2C3HE66G0XH6,17,6,51,1999,4,1,4,0,1,L,1,1618,5,9999,9,1,1,56,1,0,0,995,0,0,0,75038,1,2,2,1,5,5,1,1,1,1,1,0,0,0,1,1,1,2,1,0,5,4,62,1,1,1,6,M,98,0,0,0,0,0,0,0,0,0,0,350,165,0,0,0,2,8,999,999,999,9999999,999,999,999,6,0,1,2,0,4,0,995,9.8,998,998,998,99.8,99.8,99.8,44.9322463442907,7,3
11621,32,132,1-32-2018-132-02,2,4,1C4RJEBG5FC8,17,2,422,2015,15,3,15,0,1,F,9,2125,5,9999,9,0,0,56,1,0,0,995,0,0,0,75054,9,9,2,1,5,5,1,1,1,1,1,0,0,0,1,1,1,2,9,0,5,4,62,1,1,1,6,M,98,0,0,0,0,0,0,0,0,0,0,350,160,0,0,0,3,0,999,999,999,9999999,999,999,999,9,0,95,95,95,95,0,995,9.8,998,998,998,99.8,99.8,99.8,44.9322463442907,7,3
11622,29,67,1-29-2018-067-06,6,1,1FTFW1EF4DFB,17,12,481,2013,34,5,30,0,1,R,1,2522,5,0,1,1,1,40,1,0,0,995,0,0,0,02779,1,2,2,4,2,1,2,1,1,1,0,0,0,0,1,8,2,2,1,0,1,2,17,9,1,1,5,L,89,0,0,0,0,0,0,0,0,0,0,998,998,0,0,1,2,1,10,0,-10,21278,998,188,10,0,1,1,1,0,4,0,998,0.0,25,25,120,0.3,0.4,0.4,220.83758643217,2,3
11622,29,67,1-29-2018-067-06,6,2,1N4AL11E54C1,17,35,47,2004,4,1,4,0,1,F,1,1430,5,0,2,2,0,40,1,0,0,995,0,0,0,02739,9,9,2,4,2,1,2,1,1,1,0,0,0,0,1,8,0,0,1,0,1,2,17,3,2,1,5,L,88,0,0,0,0,0,0,0,0,0,0,355,245,0,0,0,1,1,11,-11,-4,14547,998,-108,13,0,1,95,95,95,95,0,995,9.8,998,998,998,99.8,99.8,99.8,220.83758643217,2,3
11623,10,74,1-10-2018-074-07,7,1,4T1BK1FK1DU5,17,49,40,2013,4,1,3,0,1,B,9,1551,5,9999,9,0,0,56,1,0,0,995,0,0,0,45416,9,9,0,4,3,1,2,1,1,1,0,2,0,0,1,1,0,0,9,0,2,3,53,99,1,1,6,M,98,0,0,0,0,0,0,0,0,0,0,0,0,0,0,0,3,0,999,999,999,9999999,999,999,999,9,0,95,95,95,95,0,995,9.8,998,998,998,99.8,99.8,99.8,935.490002630703,4,3
11623,10,74,1-10-2018-074-07,7,2,1G1ZG57B98F2,17,20,37,2008,4,1,4,99,1,B,9,1549,5,9999,9,0,0,56,1,0,0,995,0,0,0,45416,9,9,0,4,3,1,2,1,1,1,0,2,0,0,1,1,0,0,9,0,2,3,53,99,1,1,6,M,98,0,0,0,0,0,0,0,0,0,0,0,0,0,0,0,2,0,999,999,999,9999999,999,999,999,9,0,95,95,95,95,0,995,9.8,998,998,998,99.8,99.8,99.8,935.490002630703,4,3
11623,10,74,1-10-2018-074-07,7,3,3C4PDCBB3GT1,17,7,27,2016,6,1,4,99,1,B,9,1735,5,9999,9,0,0,56,1,0,0,995,0,0,0,45401,9,9,0,4,3,1,2,1,1,1,0,2,0,0,1,1,0,0,9,0,2,3,53,99,1,1,2,D,29,0,0,0,0,0,0,0,0,0,0,0,0,0,0,0,1,0,999,999,999,9999999,999,999,999,9,0,95,95,95,95,0,995,9.8,998,998,998,99.8,99.8,99.8,935.490002630703,4,3
11623,10,74,1-10-2018-074-07,7,4,5J6RE3H77AL0,17,37,402,2010,14,3,14,99,1,F,9,1597,5,9999,9,0,1,56,1,0,0,995,0,0,0,45440,1,2,0,4,3,1,2,1,1,1,0,2,0,0,1,1,0,0,9,0,1,3,52,99,1,1,2,D,28,0,0,0,0,0,0,0,0,0,0,0,0,0,0,0,1,0,999,999,999,9999999,999,999,999,9,0,0,0,0,0,0,995,9.8,998,998,998,99.8,99.8,99.8,935.490002630703,4,3
11624,12,61,1-12-2018-061-03,3,1,2G1FK3DJ0F92,17,20,9,2015,1,1,4,0,1,F,3,1892,5,0,1,1,1,56,1,0,0,995,0,0,0,73401,1,2,2,4,2,1,2,1,1,1,0,4,0,0,1,1,2,2,9,1,11,1,6,10,2,4,1,A,2,0,0,0,0,0,0,0,0,0,0,998,998,0,0,7,2,10,999,999,999,9999999,999,-5,41,4,0,1,1,0,3,0,998,0.0,30,20,20,0.0,0.0,0.0,540.787683752978,9,3
11625,17,114,1-17-2018-114-03,3,1,5J6RM4H78GL0,17,37,402,2016,14,3,14,0,1,R,1,1586,5,0,1,1,1,72,1,9,0,995,0,7,0,61265,1,2,2,1,6,4,1,1,1,1,1,2,0,0,1,1,1,2,2,0,11,2,15,3,1,1,4,J,68,0,0,0,0,0,0,0,0,0,0,30,280,0,0,0,1,1,9,-6,-7,1640,998,-61,5,0,4,0,0,0,0,0,995,9.8,998,998,998,99.8,99.8,99.8,147.729732095172,4,3
11625,17,114,1-17-2018-114-03,3,2,4T1BF1FK6HU3,17,49,40,2017,4,1,4,0,1,F,1,1467,5,0,1,1,1,72,1,9,0,995,0,7,0,61282,1,2,2,4,6,3,1,1,1,1,3,1,0,0,1,1,1,2,1,0,1,4,62,4,1,1,4,J,69,0,0,0,0,0,0,0,0,0,0,280,30,0,0,0,1,1,10,-9,5,12228,998,79,13,0,4,1,1,0,4,0,995,9.8,998,998,998,99.8,99.8,99.8,147.729732095172,4,3
11626,17,115,1-17-2018-115-07,7,1,5FNRL5H61BB0,17,37,441,2011,20,4,20,0,1,F,1,2041,5,0,1,1,1,72,1,9,0,995,0,9,0,61201,1,2,2,1,6,3,2,1,1,1,1,3,0,0,1,1,1,2,1,0,1,2,17,4,1,1,5,L,86,0,0,0,0,0,0,0,0,0,0,280,10,0,0,0,1,1,14,-10,9,30700,998,135,15,0,1,0,0,0,0,0,995,9.8,998,998,998,99.8,99.8,99.8,696.360558111242,4,3
11626,17,115,1-17-2018-115-07,7,2,1D8HN54P28B1,17,7,442,2008,20,4,20,0,1,R,1,2038,5,0,1,1,1,72,1,9,0,995,0,9,0,61265,1,2,2,1,4,1,2,1,1,1,1,1,0,0,1,1,1,2,1,0,1,2,17,1,1,1,5,L,87,0,0,0,0,0,0,0,0,0,0,10,280,0,0,0,1,1,13,-9,-10,10446,998,16,11,0,1,1,1,0,6,0,995,9.8,998,998,998,99.8,99.8,99.8,696.360558111242,4,3
11627,17,116,1-17-2018-116-06,6,1,1HGCS22889A0,17,37,32,2009,4,1,4,0,1,F,1,1523,5,9999,9,0,1,48,1,9,0,995,0,7,0,61244,9,9,2,4,6,2,2,1,1,1,1,3,0,0,1,1,1,2,9,0,1,2,17,99,1,1,5,L,86,0,0,0,0,0,0,0,0,0,0,100,180,0,0,0,1,3,16,-15,5,9941,998,76,11,0,4,0,0,0,0,0,995,9.8,998,998,998,99.8,99.8,99.8,196.08257831589,4,3
11627,17,116,1-17-2018-116-06,6,2,1G4HD57M09U1,17,18,23,2009,4,1,5,0,1,R,1,1707,5,0,1,1,1,48,1,9,0,995,0,7,0,61265,1,2,2,4,5,1,2,1,1,1,2,3,0,0,1,1,1,2,2,0,1,2,17,1,1,1,5,L,87,0,0,0,0,0,0,0,0,0,0,180,100,0,0,0,1,3,14,-3,-14,24586,998,6,19,0,4,0,0,0,0,0,995,9.8,998,998,998,99.8,99.8,99.8,196.08257831589,4,3
11628,13,100,1-13-2018-100-01,1,1,JTDBR32EX300,17,49,32,2003,4,1,2,0,1,R,9,1130,5,9999,9,0,1,72,1,0,1,0,2,0,1,76015,1,9,3,2,4,4,2,1,1,1,1,2,0,0,2,1,0,0,9,0,11,2,15,99,1,1,4,J,68,0,0,0,0,0,0,0,0,0,0,90,0,0,0,0,1,0,999,999,999,9999999,999,999,999,9,0,4,16,1,1,0,995,9.8,998,998,998,99.8,99.8,99.8,70.3645244021681,7,3
11628,13,100,1-13-2018-100-01,1,2,1C4NJPFA7ED8,17,2,407,2014,14,3,14,0,1,F,9,1428,5,9999,9,0,1,72,1,0,0,995,0,0,0,76010,2,9,3,1,3,1,2,1,1,1,1,3,0,0,2,1,0,0,9,0,1,4,62,99,1,1,4,J,69,0,0,0,0,0,0,0,0,0,0,0,90,0,0,0,1,0,999,999,999,9999999,999,999,999,9,0,0,0,0,0,0,995,9.8,998,998,998,99.8,99.8,99.8,70.3645244021681,7,3
11629,13,101,1-13-2018-101-04,4,1,1C4RJFBG7HC7,17,2,422,2017,15,3,15,0,1,L,1,2211,5,9999,9,4,1,48,1,0,0,995,0,0,0,76182,1,9,2,4,2,1,1,1,2,1,1,2,0,0,1,1,1,2,9,0,10,2,16,99,1,1,4,K,84,0,0,0,0,0,0,0,0,0,0,295,355,0,0,0,1,12,999,999,999,9999999,999,999,999,6,0,0,0,0,0,0,995,9.8,998,998,998,99.8,99.8,99.8,2975.75173393597,7,3
11629,13,101,1-13-2018-101-04,4,2,5NPD84LF6HH0,17,55,35,2017,4,1,3,0,1,F,9,1275,5,9999,9,0,0,48,1,0,0,995,0,0,0,76054,9,9,2,4,2,1,1,1,2,1,1,2,0,0,1,1,1,2,9,0,14,4,65,99,1,1,4,K,84,0,0,0,0,0,0,0,0,0,0,355,295,0,0,0,1,0,999,999,999,9999999,999,999,999,9,0,95,95,95,95,0,995,9.8,998,998,998,99.8,99.8,99.8,2975.75173393597,7,3
11631,33,80,1-33-2018-080-09,9,1,1N4AL11D96N4,17,35,47,2006,4,1,4,0,1,F,3,1378,5,0,1,1,1,56,1,0,0,995,0,0,2,95982,1,1,0,4,2,1,2,1,2,1,1,2,0,0,2,1,0,0,3,1,14,2,13,1,1,4,1,A,1,0,0,0,0,0,0,0,0,0,0,998,998,0,0,1,2,1,51,-51,0,150475,998,17,51,0,1,2,5,0,3,0,998,1.4,35,20,18,0.0,0.0,0.0,702.021588784366,12,3
11633,26,121,1-26-2018-121-05,5,1,1G6DF5772801,17,19,18,2008,4,1,4,0,1,F,1,1751,5,0,1,1,1,48,1,0,0,995,0,0,0,95831,2,2,1,1,2,2,2,1,1,1,3,0,0,0,1,1,1,2,9,0,1,2,17,99,1,1,4,K,83,0,0,0,0,0,0,0,0,0,0,260,160,0,0,0,1,1,16,-15,-5,19966,998,-16,17,0,4,1,2,0,4,0,995,0.0,120,20,20,0.5,1.6,1.6,59.9322989938188,10,3
11633,26,121,1-26-2018-121-05,5,2,JTEDK3EH0A21,17,49,403,2010,14,3,14,0,1,L,1,1960,5,0,1,1,1,48,1,0,0,995,0,0,0,95819,1,9,1,3,3,3,2,1,1,1,1,2,0,0,1,1,1,2,9,0,11,4,66,2,1,1,4,K,82,0,0,0,0,0,0,0,0,0,0,160,260,0,0,0,1,1,14,-7,12,19714,998,93,13,0,4,3,14,1,3,0,995,9.8,998,998,998,99.8,99.8,99.8,59.9322989938188,10,3
11634,26,122,1-26-2018-122-08,8,1,JT4VN13G2N50,17,49,471,1992,34,5,30,0,1,F,3,1716,5,0,1,1,1,72,1,9,0,995,0,9,0,95838,3,9,4,4,2,1,2,1,2,1,0,2,0,0,1,1,0,0,9,1,14,2,12,99,1,4,1,C,11,1,2,2,5,7,2,3,3,1,14,210,40,0,0,0,2,11,999,999,999,9999999,999,999,999,8,0,2,4,0,8,1,995,9.8,998,998,998,99.8,99.8,99.8,381.29717003997,10,3
11634,26,122,1-26-2018-122-08,8,2,1GCEC14X48Z1,17,20,481,2008,34,5,30,0,2,L,9,2329,5,9999,9,0,,,,,,,,,,,,,,,,,,,,,,,,,,,,,,,,,,,,,,,,,,,,,,,,,,,,,,,,,,,,,,,,,,95,95,95,95,,,,,,,,,,381.29717003997,10,3
11634,26,122,1-26-2018-122-08,8,3,1FDSF30576EC,17,12,481,2006,34,5,30,0,2,F,9,2545,5,9999,9,0,,,,,,,,,,,,,,,,,,,,,,,,,,,,,,,,,,,,,,,,,,,,,,,,,,,,,,,,,,,,,,,,,,95,95,95,95,,,,,,,,,,381.29717003997,10,3
11635,18,57,1-18-2018-057-04,4,1,5GAEVBKW2JJ1,17,18,421,2018,15,3,15,0,1,R,1,2233,5,0,1,1,1,56,1,0,0,995,0,0,0,54724,1,2,2,3,1,1,2,2,1,1,1,2,0,0,1,1,2,2,3,0,11,2,15,1,1,1,4,K,76,0,0,0,0,0,0,0,0,0,0,120,90,0,0,0,1,5,999,999,999,9999999,999,999,5,1,0,0,0,0,0,0,995,9.8,998,998,998,99.8,99.8,99.8,1215.39097869154,6,3
11635,18,57,1-18-2018-057-04,4,2,1XKAD49X6CJ2,17,85,881,2012,66,8,67,0,1,L,9,,,,,,0,56,1,0,0,995,0,0,0,54466,9,9,2,1,2,2,2,1,1,1,1,2,0,0,1,1,0,0,9,0,1,4,65,99,1,1,4,K,77,,,,,,,,,,,,,,,,,,,,,,,,,,,95,95,95,95,,,9.8,998,998,998,99.8,99.8,99.8,1215.39097869154,6,3
11636,77,27,1-77-2018-027-01,1,1,JNRDR07Y21W1,17,58,401,2001,14,3,14,0,1,F,3,1974,5,0,1,1,1,72,1,0,1,0,2,9,0,22903,2,2,0,1,2,2,2,1,2,1,3,2,0,0,2,1,0,0,3,1,14,2,12,1,1,4,1,B,6,1,1,2,2,1,4,61,1,2,5,998,998,0,1,1,1,1,70,-70,0,440585,998,47,70,0,1,3,22,1,1,3,998,0.0,52,52,120,19.1,2.2,19.4,142.488880822586,9,3
11637,16,117,1-16-2018-117-08,8,1,3N1AB61E28L7,17,35,43,2008,4,1,3,0,1,F,2,1296,5,0,1,1,1,89,1,0,1,0,2,0,0,45216,1,2,0,2,4,4,2,1,3,9,3,2,1,3,3,1,0,0,3,1,14,2,12,1,1,4,1,B,6,0,0,0,0,0,0,0,0,0,0,998,998,0,0,0,3,1,38,-33,-19,106545,998,-89,38,0,1,2,5,0,4,0,998,0.6,999,999,999,0.0,0.0,0.0,145.505639122278,5,3
11638,33,79,1-33-2018-079-08,8,1,1N4DL01D5WC1,17,35,47,1998,4,1,2,0,1,R,2,1304,5,9999,9,1,1,48,1,1,1,83,1,0,0,95954,1,1,2,4,2,1,2,1,1,1,0,2,0,0,1,1,2,2,9,0,1,2,17,99,1,1,5,L,87,0,0,0,0,0,0,0,0,0,0,180,90,0,0,0,1,3,26,-13,-23,69967,998,89,31,0,4,9,97,0,99,0,995,9.8,998,998,998,99.8,99.8,99.8,135.768991103467,12,3