CASEID,PSU,CASENO,CASENUMBER,CATEGORY,VEHNO,VIN,VINLENGTH,MAKE,MODEL,MODELYR,BODYTYPE,BODYCAT,VEHCLASS,SPECUSE,TRANSTAT,DAMPLANE,DAMSEV,CURBWT,CURBSRC,CARGOWT,CARGOSRC,INSPTYPE,TOWSTAT,SPEEDLIMIT,DRPRESENT,PARALCOHOL,ALCTEST,ALCTESTRESULT,ALCTESTSRC,PARDRUG,DRUGTEST,ZIP,RACE,ETHNICITY,RELTOJUNCT,TRAFFLOW,RDLANES,INITLANE,SURFTYPE,SURFCOND,ALIGNMENT,PROFILE,LINERIGHT,LINELEFT,RUMBINIT,RUMBROAD,LIGHTCOND,WEATHER,TRAFDEV,TRAFFUNCT,DISTRACT,PREFHE,PREMOVE,CRITCAT,CRITEVENT,MANEUVER,PRESTAB,PRELOC,CRASHCAT,CRASHCONF,CRASHTYPE,ROLLTYPE,ROLLTURN,ROLLINTRPT,ROLLPREMAN,ROLLINITYP,ROLLINLOC,ROLLOBJ,ROLLTRIP,ROLLDIR,ROLLDIST,DVANGTHIS,DVANGOTH,TOWHITCH,TRAJDOC,TREEPOLE,DVEVENT,DVBASIS,DVTOTAL,DVLONG,DVLAT,DVENERGY,DVSPEED,DVMOMENT,DVBES,DVEST,DVCONF,VAIS,VISS,VINJURED,VTREAT,INITOBJCLASS,HEADANGLECAT,SHLDRWIDTH,STRKLENGTH,STRKWIDTH,STRKHEIGHT,EDGEDISTX,EDGEDISTY,EDGEDISTZ,CASEWGT,PSUSTRAT,VERSION
11718,66,53,1-66-2018-053-06,6,1,3TMJU4GN2AM0,17,49,472,2010,34,5,30,0,1,R,2,1791,5,0,1,1,1,64,1,0,0,995,0,7,0,65708,1,2,0,4,2,1,2,2,1,1,0,0,0,0,1,2,0,0,9,1,1,1,6,99,4,4,1,B,7,0,0,0,0,0,0,0,0,0,0,998,998,0,1,1,2,1,30,-15,-26,94844,998,-101,30,0,4,1,1,0,6,0,998,0.0,12,12,35,72.2,10.5,72.4,110.979814244701,6,3
11721,18,60,1-18-2018-060-07,7,1,1G1ZJ57B09F2,17,20,37,2009,4,1,4,0,1,R,1,1569,5,0,1,1,1,56,1,0,0,995,0,0,0,54767,1,2,2,1,5,5,1,2,1,1,1,0,0,0,3,2,1,2,1,0,11,2,15,2,1,1,4,J,68,0,0,0,0,0,0,0,0,0,0,250,140,0,0,0,1,1,17,-9,-15,21762,998,62,17,0,1,1,1,0,0,0,995,9.8,998,998,998,99.8,99.8,99.8,500.420063570758,6,3
11721,18,60,1-18-2018-060-07,7,2,1FTPW14V66FB,17,12,481,2006,34,5,31,0,1,F,1,2543,5,0,1,2,0,56,1,0,0,995,0,0,0,54701,9,9,2,1,3,1,1,2,1,1,1,3,0,0,3,2,1,2,9,0,1,4,62,99,1,1,4,J,69,0,0,0,0,0,0,0,0,0,0,140,250,0,0,0,1,1,11,-11,2,16933,998,94,11,0,1,95,95,95,95,0,995,9.8,998,998,998,99.8,99.8,99.8,500.420063570758,6,3
11722,77,31,1-77-2018-031-10,10,1,19UYA42493A0,17,54,37,2003,2,1,3,0,1,F,1,1574,5,0,1,1,1,113,1,0,0,995,0,0,0,22903,1,1,0,1,2,2,2,1,1,2,3,2,1,3,1,1,0,0,1,0,1,3,52,99,1,1,2,D,28,0,0,0,0,0,0,0,0,0,0,265,265,0,0,0,1,1,20,-20,0,30813,998,0,22,0,4,0,0,0,0,0,995,9.8,998,998,998,99.8,99.8,99.8,7356.93158828121,9,3
11722,77,31,1-77-2018-031-10,10,2,2HKYF181X6H5,17,37,421,2006,15,3,15,0,1,F,2,2007,5,0,1,1,1,113,1,0,0,995,0,0,0,44107,2,2,0,1,2,2,2,1,1,2,3,2,1,3,1,1,0,0,1,0,2,3,53,1,1,1,2,D,29,0,0,0,0,0,0,0,0,0,0,265,265,0,0,0,2,3,31,-31,0,54773,998,0,26,0,4,0,0,0,0,0,995,9.8,998,998,998,99.8,99.8,99.8,7356.93158828121,9,3
11722,77,31,1-77-2018-031-10,10,3,5TEGN92N81Z8,17,49,472,2001,34,5,30,0,1,B,2,1814,5,9999,9,0,0,113,1,0,0,995,0,0,0,23185,9,9,0,1,2,2,2,1,1,2,3,2,1,3,1,1,0,0,1,0,2,3,53,1,1,1,6,M,98,0,0,0,0,0,0,0,0,0,0,265,265,0,0,0,2,3,34,34,0,105205,998,0,38,0,4,95,95,95,95,0,995,9.8,998,998,998,99.8,99.8,99.8,7356.93158828121,9,3
11725,24,82,1-24-2018-082-09,9,1,1GKFK63808J2,17,23,421,2008,15,3,15,0,1,F,2,2506,5,0,1,1,1,40,1,0,0,995,0,0,0,08345,1,2,2,4,4,2,2,1,1,1,1,2,0,0,1,1,1,2,1,0,11,2,15,2,1,1,4,J,68,0,0,0,0,0,0,0,0,0,0,200,80,0,0,0,1,3,25,-19,-16,96657,998,-148,22,0,1,0,0,0,0,0,995,9.8,998,998,998,99.8,99.8,99.8,307.576705730614,1,3
11725,24,82,1-24-2018-082-09,9,2,3GNFK16T34G1,17,20,422,2004,15,3,15,0,1,F,2,2244,5,0,1,1,1,40,1,0,0,995,0,0,0,08205,1,2,2,4,4,1,2,1,1,1,0,1,0,0,1,1,1,2,1,0,1,4,62,1,1,1,4,J,69,0,0,0,0,0,0,0,0,0,0,80,200,0,0,0,1,3,26,-25,9,96657,998,52,30,0,4,1,2,0,4,0,995,0.0,34,34,999,6.0,4.0,7.0,307.576705730614,1,3
11727,11,40,1-11-2018-040-04,4,1,2C3CDXHG6GH3,17,7,24,2016,4,1,5,0,1,F,1,1785,5,0,1,1,1,89,1,0,0,995,0,0,0,23930,9,9,0,2,2,1,2,1,1,1,1,3,0,0,2,1,0,0,1,0,1,6,87,99,1,1,6,M,98,0,0,0,0,0,0,0,0,0,0,998,998,0,0,0,2,10,999,999,999,9999999,999,-7,12,2,0,0,0,0,0,0,998,9.8,998,998,998,99.8,99.8,99.8,6052.64283635886,8,3
11727,11,40,1-11-2018-040-04,4,2,1N4AL2AP7CN4,17,35,47,2012,4,1,4,0,1,F,9,1437,5,9999,9,0,1,89,1,0,0,995,0,0,0,23930,9,9,0,2,2,1,2,1,1,1,1,3,0,0,2,1,0,0,1,0,1,6,87,99,1,1,1,C,13,0,0,0,0,0,0,0,0,0,0,998,998,0,0,0,1,0,999,999,999,9999999,999,999,999,9,0,0,0,0,0,0,998,9.8,998,998,998,99.8,99.8,99.8,6052.64283635886,8,3
11728,11,41,1-11-2018-041-03,3,1,5J6RM4H79EL0,17,37,402,2014,14,3,14,0,1,L,1,1583,5,0,1,1,1,40,1,0,0,995,0,0,0,23237,9,9,2,4,2,1,2,1,1,1,0,0,0,0,1,1,2,2,1,0,1,2,17,8,1,1,5,L,90,0,0,0,0,0,0,0,0,0,0,170,195,0,0,0,1,3,11,-5,9,12376,998,90,12,0,4,99,99,0,99,0,995,9.8,998,998,998,99.8,99.8,99.8,2028.80063908048,8,3
11728,11,41,1-11-2018-041-03,3,2,2HGFC1E55JH7,17,37,31,2018,4,1,3,0,1,R,1,1244,5,0,1,4,1,40,1,0,0,995,0,0,0,23223,9,9,2,4,2,1,2,1,1,1,0,2,0,0,1,1,0,0,1,0,1,4,66,1,1,1,5,L,90,0,0,0,0,0,0,0,0,0,0,195,170,0,0,0,1,3,13,2,-13,7564,998,-1,12,0,4,99,99,0,8,0,995,9.8,998,998,998,99.8,99.8,99.8,2028.80063908048,8,3
11731,28,65,1-28-2018-065-06,6,1,2G1WC5E37C12,17,20,2,2012,4,1,4,0,1,F,1,1658,5,0,2,1,1,89,1,0,0,995,0,0,0,14120,1,2,2,4,2,1,4,1,2,4,0,0,0,0,2,1,0,0,3,1,14,2,12,2,1,4,1,B,6,0,0,0,0,0,0,0,0,0,0,998,998,0,0,1,3,1,22,-21,4,31972,998,21,22,0,1,1,1,0,4,0,998,0.0,120,120,25,0.4,0.0,0.4,70.6267922654893,3,3
11732,28,66,1-28-2018-066-04,4,1,1FAHP2H8XFG2,17,12,17,2015,4,1,4,0,1,F,1,1918,5,0,1,1,1,80,1,0,0,995,0,0,0,16901,1,2,0,4,2,1,2,1,1,4,1,4,1,0,2,1,0,0,1,1,1,6,87,2,1,2,1,C,13,0,0,0,0,0,0,0,0,0,0,998,998,0,0,0,1,10,999,999,999,9999999,999,-80,10,2,0,1,1,0,6,0,998,9.8,998,998,998,99.8,99.8,99.8,202.696935536749,3,3
11733,23,114,1-23-2018-114-03,3,1,5FNRL5H22EB0,17,37,441,2014,20,4,20,0,1,F,2,2030,5,0,1,1,1,89,1,0,0,995,0,0,0,43338,1,2,0,4,2,1,2,1,1,1,1,2,0,0,1,8,0,0,1,0,1,3,51,1,1,1,2,D,24,0,0,0,0,0,0,0,0,0,0,280,280,0,0,0,1,5,999,999,999,9999999,999,999,36,3,0,1,1,0,4,0,995,9.8,998,998,998,99.8,99.8,99.8,237.158491148703,5,3
11733,23,114,1-23-2018-114-03,3,2,999999999999,99,98,998,1990,92,10,90,0,1,B,9,,,,,,0,89,1,0,0,995,0,0,0,43315,9,9,0,4,2,1,2,1,1,1,2,1,0,0,1,8,0,0,1,0,2,3,53,99,1,1,2,D,25,,,,,,,,,,,,,,,,,,,,,,,,,,,95,95,95,95,,,9.8,998,998,998,99.8,99.8,99.8,237.158491148703,5,3
11734,23,115,1-23-2018-115-03,3,1,1C4GP45R65B3,17,6,441,2005,20,4,20,0,1,F,1,1950,5,9999,9,5,0,32,1,0,0,995,0,0,0,43015,9,9,0,4,2,1,2,1,1,1,1,2,0,0,4,1,0,0,3,0,1,3,52,99,1,1,2,D,28,0,0,0,0,0,0,0,0,0,0,95,95,0,0,0,1,12,999,999,999,9999999,999,999,999,1,0,95,95,95,95,0,995,9.8,998,998,998,99.8,99.8,99.8,237.158491148703,5,3
11734,23,115,1-23-2018-115-03,3,2,2HGFC1F37GH6,17,37,31,2016,4,1,3,0,1,B,9,1324,5,9999,9,0,1,32,1,0,0,995,0,0,0,43040,9,9,0,4,2,1,2,1,1,1,1,2,0,0,4,1,0,0,1,0,2,3,53,99,1,1,2,D,29,0,0,0,0,0,0,0,0,0,0,95,95,0,0,0,1,0,999,999,999,9999999,999,999,999,9,0,99,99,0,99,0,995,9.8,998,998,998,99.8,99.8,99.8,237.158491148703,5,3
11735,23,116,1-23-2018-116-10,10,1,1FDUF5GT9HEB,17,12,881,2017,61,8,60,0,1,B,9,,,,,,0,89,1,0,0,995,0,0,0,43302,9,9,0,4,2,1,2,1,1,1,1,2,0,0,2,1,0,0,1,0,2,3,53,99,1,1,2,D,25,,,,,,,,,,,,,,,,,,,,,,,,,,,95,95,95,95,,,9.8,998,998,998,99.8,99.8,99.8,4954.65380801126,5,3
11735,23,116,1-23-2018-116-10,10,2,JTEDP21A0400,17,49,403,2004,14,3,14,0,1,F,2,1580,5,0,1,1,1,89,1,0,0,995,0,0,0,43342,9,9,0,4,2,1,2,1,1,1,1,2,0,0,2,1,0,0,3,0,1,3,51,99,1,1,2,D,24,0,0,0,0,0,0,0,0,0,0,175,175,0,0,0,1,5,999,999,999,9999999,999,999,35,3,0,0,0,0,0,0,995,9.8,998,998,998,99.8,99.8,99.8,4954.65380801126,5,3
11736,12,64,1-12-2018-064-01,1,1,1N4AL3AP7GN3,17,35,47,2016,4,1,4,0,1,L,2,1453,5,0,1,1,1,113,1,0,0,995,0,0,0,73071,1,2,0,2,2,2,2,2,1,1,3,2,1,3,1,2,0,0,1,1,15,1,5,8,4,4,1,B,7,0,0,0,0,0,0,0,0,0,0,280,0,0,0,0,2,5,999,999,999,9999999,999,999,32,3,0,4,21,2,1,0,995,1.4,999,999,999,2.6,1.2,2.8,449.62852847544,9,3
11736,12,64,1-12-2018-064-01,1,2,1XP5DB9X85N8,17,87,881,2005,66,8,68,0,1,F,9,,,,,,1,113,1,0,0,995,0,0,0,75473,9,9,0,2,2,1,2,2,1,1,1,3,2,3,1,2,0,0,9,0,1,4,60,99,1,1,6,M,98,,,,,,,,,,,,,,,,,,,,,,,,,,,95,95,95,95,,,9.8,998,998,998,99.8,99.8,99.8,449.62852847544,9,3
11737,16,121,1-16-2018-121-02,2,1,3VWD17AJXEM3,17,30,40,2014,4,1,3,0,1,F,3,1393,5,0,1,1,1,56,1,8,0,995,0,1,3,45207,2,2,0,5,5,1,2,2,3,1,0,3,0,0,1,2,0,0,3,1,14,1,6,2,2,4,1,A,2,0,0,0,0,0,0,0,0,0,0,998,998,0,1,0,3,1,79,-79,0,411566,998,0,79,0,1,3,11,3,3,0,998,0.0,17,11,11,0.0,0.0,0.0,30.2605400482505,5,3
11738,16,122,1-16-2018-122-05,5,1,3FAHP06Z07R1,17,12,23,2007,4,1,3,0,1,F,1,1407,5,0,1,1,1,40,1,0,0,995,0,0,0,45238,9,9,2,3,4,3,2,1,1,1,3,3,0,0,3,1,1,2,1,0,1,4,66,99,1,1,5,L,86,0,0,0,0,0,0,0,0,0,0,340,65,0,0,0,1,1,21,-19,7,26697,998,66,20,0,1,9,97,0,0,0,995,9.8,998,998,998,99.8,99.8,99.8,23.8007164397398,5,3
11738,16,122,1-16-2018-122-05,5,2,JF2GPAKC4D28,17,48,403,2013,14,3,14,0,1,R,1,1425,5,0,2,1,1,40,1,0,0,995,0,0,0,45245,1,2,2,3,4,3,2,1,1,1,3,3,0,0,3,1,1,2,1,0,1,2,17,1,1,1,5,L,87,0,0,0,0,0,0,0,0,0,0,65,340,0,0,0,1,1,19,-6,-18,25984,998,30,20,0,1,2,5,0,4,0,995,9.8,998,998,998,99.8,99.8,99.8,23.8007164397398,5,3
11741,32,135,1-32-2018-135-06,6,1,JTHBK1EG4A23,17,59,31,2010,4,1,4,0,1,L,2,1624,5,0,1,1,1,48,1,0,1,0,2,0,0,75040,3,2,2,4,2,1,1,1,1,4,0,0,0,0,1,1,2,2,9,0,1,2,17,99,1,1,5,L,89,0,0,0,0,0,0,0,0,0,0,105,205,0,0,0,1,1,32,-11,30,22085,998,44,18,0,1,2,5,0,4,0,995,9.8,998,998,998,99.8,99.8,99.8,1263.35397987386,7,3
11741,32,135,1-32-2018-135-06,6,2,1ZVFT80N1652,17,12,3,2006,2,1,3,0,1,F,2,1516,5,0,1,1,1,48,1,0,0,995,0,0,0,75040,2,9,2,3,2,1,1,1,1,2,0,0,0,0,1,1,0,0,9,0,1,4,66,99,1,1,5,L,88,0,0,0,0,0,0,0,0,0,0,205,105,0,0,0,1,1,34,-34,-6,124764,998,-25,45,0,1,0,0,0,0,0,995,9.8,998,998,998,99.8,99.8,99.8,1263.35397987386,7,3
11743,48,18,1-48-2018-018-04,4,1,1G1BE5SMXG72,17,20,25,2016,4,1,3,0,1,F,1,1399,5,0,2,1,1,89,1,0,0,995,0,0,0,84337,1,2,0,4,2,1,2,1,1,1,1,4,0,0,1,1,0,0,1,0,1,6,87,2,1,1,1,C,13,0,0,0,0,0,0,0,0,0,0,998,998,0,1,0,1,12,999,999,999,9999999,999,999,999,6,0,0,0,0,0,0,998,9.8,998,998,998,99.8,99.8,99.8,743.916360820647,12,3
11744,54,16,1-54-2018-016-01,1,1,1B7FL26Y8WS6,17,7,472,1998,34,5,31,0,1,T,2,1579,5,0,1,1,1,64,1,9,8,997,8,9,3,35581,1,2,3,4,2,1,2,2,3,4,0,0,0,0,1,2,0,0,9,1,14,1,6,99,4,4,1,A,2,1,4,1,2,1,4,68,1,1,29,997,997,0,1,0,2,6,999,999,999,9999999,999,999,999,7,0,2,5,0,1,3,997,0.0,120,44,44,19.6,3.8,19.5,300.475672984998,9,3
11747,25,67,1-25-2018-067-07,7,1,3C4FY58B45T6,17,6,52,2005,6,1,2,0,1,R,1,1408,5,0,1,4,1,48,1,0,0,995,0,0,0,04105,1,2,0,4,3,2,2,1,1,1,1,2,0,0,1,1,0,0,1,0,10,2,16,1,1,1,4,J,70,0,0,0,0,0,0,0,0,0,0,20,330,0,0,0,1,3,20,10,-18,29897,998,-13,23,0,4,0,0,0,0,0,995,9.8,998,998,998,99.8,99.8,99.8,2169.12541175987,2,3
11747,25,67,1-25-2018-067-07,7,2,4T1BE46K19U3,17,49,40,2009,4,1,4,0,1,F,1,1500,5,0,1,1,1,48,1,0,0,995,0,0,0,04240,9,9,0,4,3,1,2,1,1,1,1,2,0,0,1,1,0,0,1,0,1,4,60,99,1,1,4,J,71,0,0,0,0,0,0,0,0,0,0,330,20,0,0,0,1,3,16,-16,3,12887,998,-5,14,0,4,0,0,0,0,0,995,9.8,998,998,998,99.8,99.8,99.8,2169.12541175987,2,3
11748,59,69,1-59-2018-069-03,3,1,1C6RR7LT1GS2,17,7,482,2016,34,5,31,0,1,B,9,2336,5,9999,9,0,0,64,1,0,0,995,0,0,0,65711,9,9,0,1,5,2,2,1,1,1,3,3,0,0,1,8,0,0,9,0,5,3,51,99,1,1,6,M,98,0,0,0,0,0,0,0,0,0,0,190,190,0,0,0,2,0,999,999,999,9999999,999,999,999,9,0,95,95,95,95,0,995,9.8,998,998,998,99.8,99.8,99.8,210.650772460817,6,3
11748,59,69,1-59-2018-069-03,3,2,4T1BK1EB3HU2,17,49,43,2017,4,1,4,0,1,B,1,1610,5,0,1,4,1,64,1,0,0,995,0,0,0,47842,9,9,0,1,5,2,2,1,1,1,3,3,0,0,1,8,0,0,9,0,5,3,53,99,1,1,2,D,21,0,0,0,0,0,0,0,0,0,0,190,190,0,0,0,1,12,999,999,999,9999999,999,999,999,2,0,1,1,0,4,0,995,9.8,998,998,998,99.8,99.8,99.8,210.650772460817,6,3
11748,59,69,1-59-2018-069-03,3,3,1G1PC5SH3C71,17,20,25,2012,4,1,3,0,1,F,1,1407,5,0,1,4,1,64,1,0,0,995,0,0,0,46902,1,2,0,1,5,2,2,1,1,1,3,3,0,0,1,8,0,0,9,0,1,3,50,99,1,1,2,D,20,0,0,0,0,0,0,0,0,0,0,190,190,0,0,0,1,12,999,999,999,9999999,999,999,999,2,0,1,1,0,4,0,995,9.8,998,998,998,99.8,99.8,99.8,210.650772460817,6,3
11750,14,53,1-14-2018-053-01,1,1,4V5KC9DF5GN9,17,51,881,2016,63,8,60,0,1,F,9,,,,,,0,72,1,0,0,995,0,0,0,78130,9,9,2,3,2,1,2,2,1,2,1,3,0,0,1,2,1,2,9,0,1,4,66,7,1,1,5,L,88,,,,,,,,,,,,,,,,,,,,,,,,,,,95,95,95,95,,,9.8,998,998,998,99.8,99.8,99.8,439.421680839542,8,3
11750,14,53,1-14-2018-053-01,1,2,WDBEA26D6HA4,17,42,31,1987,4,1,4,0,1,L,3,1455,5,0,1,1,1,72,1,0,1,0,3,0,1,78130,1,9,2,1,5,2,2,2,1,2,1,3,0,0,1,2,1,2,9,0,1,4,66,99,1,1,5,L,89,0,0,0,0,0,0,0,0,0,0,140,210,0,0,0,1,5,999,999,999,9999999,999,999,43,4,0,6,75,1,1,0,995,9.8,998,998,998,99.8,99.8,99.8,439.421680839542,8,3
11751,52,66,1-52-2018-066-08,8,1,1GCCS1963581,17,20,473,2005,34,5,30,0,1,L,1,1636,5,0,1,4,1,40,1,0,0,995,0,0,0,59101,9,9,2,4,2,1,2,1,1,1,0,0,0,0,1,1,2,2,9,0,11,2,15,1,1,1,4,K,82,0,0,0,0,0,0,0,0,0,0,35,170,0,0,0,1,3,20,-17,10,46082,998,-80,23,0,4,0,0,0,0,0,995,0.0,6,6,119,0.3,0.7,0.8,69.4970678276295,12,3
11751,52,66,1-52-2018-066-08,8,2,WVGCM67L44D0,17,30,421,2004,15,3,15,0,1,F,1,2404,5,0,1,1,1,40,1,0,0,995,0,0,0,59101,1,2,2,4,3,2,2,1,1,1,3,2,0,0,1,1,0,0,1,0,1,4,67,2,1,1,4,K,83,0,0,0,0,0,0,0,0,0,0,170,35,0,0,0,1,3,14,-14,-3,15422,998,-84,11,0,4,1,3,0,4,0,995,9.8,998,998,998,99.8,99.8,99.8,69.4970678276295,12,3
11752,52,68,1-52-2018-068-09,9,1,3D7LU38C24G2,17,7,482,2004,34,5,31,0,1,F,1,3041,5,227,1,2,0,40,1,0,0,995,0,0,0,59063,9,9,2,4,3,1,2,1,1,1,1,0,0,0,1,1,1,2,1,0,1,3,55,2,1,1,5,L,88,0,0,0,0,0,0,0,0,0,0,180,90,0,0,0,1,5,999,999,999,9999999,999,999,4,1,0,95,95,95,95,0,995,9.8,998,998,998,99.8,99.8,99.8,437.081784178633,12,3
11752,52,68,1-52-2018-068-09,9,2,1NXBR32E54Z2,17,49,32,2004,4,1,2,0,1,L,1,1135,5,0,1,1,1,56,1,0,0,995,0,0,0,59101,7,2,2,4,3,1,2,1,1,1,1,1,0,0,1,1,1,2,1,0,1,2,17,1,1,1,5,L,89,0,0,0,0,0,0,0,0,0,0,90,180,0,0,0,1,5,999,999,999,9999999,999,999,16,2,0,1,2,0,6,0,995,0.4,120,15,15,0.4,0.3,0.4,437.081784178633,12,3
11753,66,54,1-66-2018-054-04,4,1,1C4RDJDG8EC5,17,7,422,2014,15,3,15,0,1,F,1,2262,5,0,1,1,1,80,1,0,0,995,0,7,0,65605,1,2,2,4,2,1,2,2,1,1,0,0,0,0,1,2,0,0,1,0,1,2,17,4,1,1,5,L,88,0,0,0,0,0,0,0,0,0,0,110,0,0,0,0,1,1,6,-5,-2,13987,998,-139,9,0,4,0,0,0,0,0,995,9.8,998,998,998,99.8,99.8,99.8,233.828031985004,6,3
11753,66,54,1-66-2018-054-04,4,2,1G1ND52F55M2,17,20,37,2005,4,1,3,0,1,L,1,1440,5,0,1,2,0,80,1,0,0,995,0,7,0,65605,9,9,2,4,2,1,2,2,1,1,0,0,0,0,1,2,2,1,1,0,1,2,17,1,1,1,5,L,89,0,0,0,0,0,0,0,0,0,0,0,110,0,0,0,1,1,9,-6,7,7248,998,-219,6,0,4,95,95,95,95,0,995,9.8,998,998,998,99.8,99.8,99.8,233.828031985004,6,3
11754,66,55,1-66-2018-055-07,7,1,3GCUKSE2XBG1,17,20,481,2011,34,5,31,0,1,F,1,2397,5,0,1,1,1,89,1,0,0,995,0,7,0,65712,1,2,2,4,2,1,2,2,1,1,1,2,0,0,1,2,0,0,1,0,1,2,18,2,1,1,4,J,71,0,0,0,0,0,0,0,0,0,0,85,115,0,0,0,1,5,999,999,999,9999999,999,999,10,2,0,0,0,0,0,0,995,9.8,998,998,998,99.8,99.8,99.8,294.432783247259,6,3
11754,66,55,1-66-2018-055-07,7,2,3C6UR5FJ2HG6,17,7,482,2017,34,5,31,0,1,R,1,3005,5,9999,9,2,0,89,1,0,0,995,0,7,0,65712,9,9,2,4,2,1,2,2,1,1,4,1,0,0,1,2,0,0,9,1,10,2,10,1,1,2,4,J,70,0,0,0,0,0,0,0,0,0,0,115,85,1,0,0,1,5,999,999,999,9999999,999,999,999,1,0,95,95,95,95,0,995,9.8,998,998,998,99.8,99.8,99.8,294.432783247259,6,3
11755,27,61,1-27-2018-061-04,4,1,4T1BF1FK4GU1,17,49,40,2016,4,1,4,0,1,F,1,1467,5,0,1,1,1,64,1,8,9,998,8,7,9,01463,1,2,2,1,3,2,2,1,1,1,3,1,0,2,1,1,1,2,3,0,1,3,50,2,1,1,2,D,20,0,0,0,0,0,0,0,0,0,0,0,0,0,0,0,1,1,18,-18,0,14956,998,-6,16,0,4,0,0,0,0,0,995,9.8,998,998,998,99.8,99.8,99.8,343.472495839924,3,3
11755,27,61,1-27-2018-061-04,4,2,1FTNR1ZM9FKA,17,12,462,2015,21,4,21,0,1,B,1,2268,5,0,1,2,0,64,1,8,9,998,8,7,9,01201,9,9,2,1,3,2,2,1,1,1,1,1,0,2,1,1,1,2,1,0,5,3,52,1,1,1,2,D,21,0,0,0,0,0,0,0,0,0,0,0,0,0,0,0,1,1,12,12,0,17427,998,0,14,0,4,95,95,95,95,0,995,9.8,998,998,998,99.8,99.8,99.8,343.472495839924,3,3
11755,27,61,1-27-2018-061-04,4,3,WDDGF8BB1BA4,17,42,42,2011,4,1,3,0,1,B,9,1695,5,9999,9,0,0,64,1,9,9,998,8,9,9,07444,9,9,2,1,3,2,2,1,1,1,1,1,0,2,1,1,1,2,1,0,5,3,52,1,1,1,6,M,98,0,0,0,0,0,0,0,0,0,0,0,0,0,0,0,2,0,999,999,999,9999999,999,999,999,9,0,95,95,95,95,0,995,9.8,998,998,998,99.8,99.8,99.8,343.472495839924,3,3
11756,27,62,1-27-2018-062-03,3,1,YV1SW61R1212,17,51,43,2002,6,1,3,0,1,R,1,1528,5,9999,9,0,0,48,1,0,0,995,0,0,0,12168,9,9,2,1,3,2,2,2,1,1,1,1,0,0,1,8,1,2,1,0,11,2,15,99,1,1,4,J,68,0,0,0,0,0,0,0,0,0,0,95,350,0,0,0,1,3,18,-9,-16,32700,998,59,21,0,4,95,95,95,95,0,995,9.8,998,998,998,99.8,99.8,99.8,93.7931550085029,3,3
11756,27,62,1-27-2018-062-03,3,2,5N1AT2MV1HC8,17,35,51,2017,6,1,3,0,1,F,1,1610,5,0,1,1,1,48,1,0,0,995,0,0,0,01226,2,2,2,1,3,2,2,2,1,1,1,1,0,0,1,8,1,2,1,0,1,4,62,4,1,1,4,J,69,0,0,0,0,0,0,0,0,0,0,350,95,0,0,0,1,3,16,-15,6,14095,998,61,13,0,4,0,0,0,4,0,995,9.8,998,998,998,99.8,99.8,99.8,93.7931550085029,3,3
11757,29,72,1-29-2018-072-06,6,1,JTMBF4DV6B50,17,49,402,2011,14,3,14,0,1,L,1,1579,5,0,1,1,1,48,1,8,9,998,8,7,9,02740,1,1,2,3,2,1,2,1,1,2,0,0,0,0,1,1,2,2,2,0,10,3,53,1,1,1,4,K,78,0,0,0,0,0,0,0,0,0,0,135,190,0,0,0,1,1,9,-8,3,4442,998,-31,8,0,1,1,2,0,4,0,995,9.8,998,998,998,99.8,99.8,99.8,116.656867532703,2,3
11757,29,72,1-29-2018-072-06,6,2,1FTFW1EV0AFD,17,12,481,2010,34,5,31,0,1,R,1,2522,5,0,1,1,1,48,1,8,9,998,8,7,9,02347,1,2,2,4,3,1,2,1,1,1,1,2,0,0,1,1,0,0,1,0,1,4,65,2,1,1,4,K,79,0,0,0,0,0,0,0,0,0,0,190,135,0,0,0,1,1,6,1,-6,6811,998,-86,7,0,1,0,0,0,0,0,995,9.8,998,998,998,99.8,99.8,99.8,116.656867532703,2,3
11758,29,73,1-29-2018-073-06,6,1,1HGCP26709A1,17,37,32,2009,4,1,4,0,1,F,1,1523,5,0,1,1,1,56,1,0,0,995,0,0,0,02721,9,9,1,3,1,1,2,2,2,9,1,2,0,0,1,8,6,2,9,1,14,1,6,99,3,4,1,A,2,0,0,0,0,0,0,0,0,0,0,998,998,0,0,0,1,1,11,-11,4,10271,998,76,11,0,4,1,2,0,4,0,998,0.0,120,999,999,0.0,0.0,0.0,116.6568675079,2,3
11759,22,62,1-22-2018-062-04,4,1,2G1WF52E1593,17,20,2,2005,4,1,4,0,1,F,1,1572,5,0,1,2,0,97,1,0,0,995,0,0,0,99111,9,9,0,4,2,1,2,1,3,1,1,2,3,3,1,1,0,0,3,1,14,3,54,99,4,2,3,I,66,0,0,0,0,0,0,0,0,0,0,45,320,0,0,0,1,1,18,-3,-17,38203,998,-226,14,0,3,95,95,95,95,0,995,9.8,998,998,998,99.8,99.8,99.8,330.825757378838,12,3
11759,22,62,1-22-2018-062-04,4,2,1GC2KVEG3FZ1,17,20,481,2015,34,5,31,0,1,L,1,2991,5,0,1,1,1,97,1,8,0,995,0,7,0,99163,1,2,0,4,2,1,2,1,2,1,1,2,3,3,1,1,0,0,1,0,14,4,62,4,1,1,3,I,66,0,0,0,0,0,0,0,0,0,0,320,45,0,0,0,1,1,9,-8,1,36447,998,-128,14,0,3,0,0,0,4,0,995,9.8,998,998,998,99.8,99.8,99.8,330.825757378838,12,3