CASEID,PSU,CASENO,CASENUMBER,CATEGORY,VEHNO,VIN,VINLENGTH,MAKE,MODEL,MODELYR,BODYTYPE,BODYCAT,VEHCLASS,SPECUSE,TRANSTAT,DAMPLANE,DAMSEV,CURBWT,CURBSRC,CARGOWT,CARGOSRC,INSPTYPE,TOWSTAT,SPEEDLIMIT,DRPRESENT,PARALCOHOL,ALCTEST,ALCTESTRESULT,ALCTESTSRC,PARDRUG,DRUGTEST,ZIP,RACE,ETHNICITY,RELTOJUNCT,TRAFFLOW,RDLANES,INITLANE,SURFTYPE,SURFCOND,ALIGNMENT,PROFILE,LINERIGHT,LINELEFT,RUMBINIT,RUMBROAD,LIGHTCOND,WEATHER,TRAFDEV,TRAFFUNCT,DISTRACT,PREFHE,PREMOVE,CRITCAT,CRITEVENT,MANEUVER,PRESTAB,PRELOC,CRASHCAT,CRASHCONF,CRASHTYPE,ROLLTYPE,ROLLTURN,ROLLINTRPT,ROLLPREMAN,ROLLINITYP,ROLLINLOC,ROLLOBJ,ROLLTRIP,ROLLDIR,ROLLDIST,DVANGTHIS,DVANGOTH,TOWHITCH,TRAJDOC,TREEPOLE,DVEVENT,DVBASIS,DVTOTAL,DVLONG,DVLAT,DVENERGY,DVSPEED,DVMOMENT,DVBES,DVEST,DVCONF,VAIS,VISS,VINJURED,VTREAT,INITOBJCLASS,HEADANGLECAT,SHLDRWIDTH,STRKLENGTH,STRKWIDTH,STRKHEIGHT,EDGEDISTX,EDGEDISTY,EDGEDISTZ,CASEWGT,PSUSTRAT,VERSION
11826,52,70,1-52-2018-070-03,3,2,JF2GPADC9F82,17,48,403,2015,14,3,14,0,1,F,3,1410,5,0,1,1,1,97,1,0,1,0,2,0,2,59106,1,2,2,4,2,1,2,1,1,1,1,2,0,0,1,1,6,2,1,0,1,4,66,1,1,1,5,L,88,0,0,0,0,0,0,0,0,0,0,275,195,0,0,0,1,3,52,-40,-33,81530,998,-104,30,0,4,2,5,0,4,0,995,9.8,998,998,998,99.8,99.8,99.8,106.719620397414,12,3
11826,52,70,1-52-2018-070-03,3,3,JM1CR293X803,17,41,52,2008,6,1,3,0,1,L,9,1553,5,9999,9,0,0,80,1,0,0,995,0,0,0,59106,9,9,2,4,2,1,2,1,1,1,1,2,0,0,1,1,2,2,9,0,5,4,62,1,1,1,6,M,98,0,0,0,0,0,0,0,0,0,0,10,210,0,0,0,4,0,999,999,999,9999999,999,999,999,9,0,95,95,95,95,0,995,9.8,998,998,998,99.8,99.8,99.8,106.719620397414,12,3
11827,16,127,1-16-2018-127-03,3,1,JM1GJ1V56G14,17,41,50,2016,4,1,4,0,1,B,2,1474,5,0,1,1,1,89,1,0,0,995,0,0,0,45102,1,2,0,3,5,3,2,1,1,1,3,3,0,2,1,1,0,0,1,1,15,2,11,1,1,2,2,D,27,0,0,0,0,0,0,0,0,0,0,230,210,0,0,0,1,5,999,999,999,9999999,999,999,27,3,0,1,2,0,4,0,995,9.8,998,998,998,99.8,99.8,99.8,139.616504973943,5,3
11827,16,127,1-16-2018-127-03,3,2,15GGD271XC11,17,92,981,2012,52,7,58,3,3,F,9,,,,,,,,,,,,,,,,,,,,,,,,,,,,,,,,,,,,,,,,,,,,,,,,,,,,,,,,,,,,,,,,,,,,,,,95,95,95,95,,,,,,,,,,139.616504973943,5,3
11828,31,59,1-31-2018-059-06,6,1,1B3CB3HA7BD1,17,7,25,2011,5,1,2,0,1,F,2,1408,5,0,2,1,1,89,1,0,0,995,0,0,0,62954,1,2,2,4,2,1,2,1,1,1,1,4,0,0,1,1,0,0,9,0,1,3,50,2,1,1,2,D,20,0,0,0,0,0,0,0,0,0,0,135,135,0,0,0,1,3,31,-31,0,38497,998,2,26,0,4,1,1,0,0,0,995,9.8,998,998,998,99.8,99.8,99.8,1090.68301152201,6,3
11828,31,59,1-31-2018-059-06,6,2,3C6UR5FJ9JG1,17,7,482,2018,34,5,31,0,1,B,1,3090,5,9999,9,0,0,89,1,0,0,995,0,0,0,62954,9,9,2,4,2,1,2,1,1,1,0,4,0,0,1,1,0,0,9,0,5,3,53,1,1,1,2,D,21,0,0,0,0,0,0,0,0,0,0,135,135,0,0,0,1,3,15,15,0,42984,998,0,19,0,4,95,95,95,95,0,995,9.8,998,998,998,99.8,99.8,99.8,1090.68301152201,6,3
11829,22,63,1-22-2018-063-06,6,1,1FTFW1EF6BKD,17,12,481,2011,34,5,31,0,1,L,2,2522,5,50,1,1,1,105,1,0,0,995,0,0,0,83501,1,2,2,1,3,2,2,1,1,1,1,2,1,3,1,1,0,0,3,1,1,2,12,1,1,4,1,B,6,1,3,2,2,1,4,61,1,1,18,997,997,0,0,0,2,6,999,999,999,9999999,999,999,999,7,0,0,0,0,0,3,997,1.8,4,6,72,30.7,1.3,30.8,31.0338750462274,12,3
11831,13,105,1-13-2018-105-03,3,1,1HGCD565XTA1,17,37,32,1996,4,1,3,0,1,F,9,1305,5,9999,9,0,0,64,1,0,0,995,0,0,0,76120,9,9,2,1,4,4,1,1,1,1,5,0,0,0,1,1,0,0,9,0,11,2,15,99,1,1,4,J,68,0,0,0,0,0,0,0,0,0,0,120,30,0,0,0,1,0,999,999,999,9999999,999,999,999,9,0,95,95,95,95,0,995,9.8,998,998,998,99.8,99.8,99.8,2762.58040041835,7,3
11831,13,105,1-13-2018-105-03,3,2,1MEHM50U93G6,17,14,17,2003,4,1,3,0,1,L,9,1514,8,9999,9,0,0,64,1,0,0,995,0,0,0,75050,9,9,2,1,4,1,1,1,1,1,0,5,0,0,1,1,0,0,9,0,1,4,62,99,1,1,4,J,69,0,0,0,0,0,0,0,0,0,0,30,120,0,0,0,1,0,999,999,999,9999999,999,999,999,9,0,95,95,95,95,0,995,9.8,998,998,998,99.8,99.8,99.8,2762.58040041835,7,3
11831,13,105,1-13-2018-105-03,3,3,ZACCJABB2JPG,17,2,408,2018,14,3,14,0,1,R,1,1372,8,0,1,3,1,64,1,0,0,995,0,0,0,75253,1,1,2,1,3,2,1,1,1,1,5,5,0,0,1,1,0,0,1,0,3,4,61,1,1,1,6,M,98,0,0,0,0,0,0,0,0,0,0,30,0,0,0,0,2,12,999,999,999,9999999,999,999,999,6,0,1,1,0,0,0,995,9.8,998,998,998,99.8,99.8,99.8,2762.58040041835,7,3
11832,33,85,1-33-2018-085-05,5,1,1C3CDZAB2CN3,17,7,26,2012,4,1,3,0,1,R,2,1636,5,0,1,1,1,89,1,0,0,995,0,0,0,95928,1,1,2,4,2,1,2,1,1,1,0,2,0,0,1,1,2,2,9,0,1,2,17,1,1,1,5,L,87,0,0,0,0,0,0,0,0,0,0,110,20,0,0,0,1,4,35,-23,-27,30803,998,-19,21,0,4,3,17,1,3,0,995,9.8,998,998,998,99.8,99.8,99.8,55.6550624194165,12,3
11832,33,85,1-33-2018-085-05,5,2,1B7HC16Z1WS5,17,7,482,1998,34,5,31,0,1,F,2,1848,5,9999,9,4,1,89,1,0,1,0,2,0,0,95954,1,2,2,4,3,2,2,1,1,1,3,1,0,0,1,1,0,0,9,0,1,4,66,99,1,1,5,L,86,1,1,2,2,5,4,31,1,2,2,20,110,0,0,0,1,4,33,-25,21,204771,998,139,39,0,4,3,10,1,3,2,995,9.8,998,998,998,99.8,99.8,99.8,55.6550624194165,12,3
11833,18,62,1-18-2018-062-03,3,1,1C4NJRFB0ED6,17,2,407,2014,14,3,14,0,1,T,1,1428,5,0,1,1,1,40,1,0,0,995,0,0,0,54888,1,2,2,1,2,1,2,1,1,1,0,1,0,0,1,1,2,2,1,0,4,2,17,9,1,1,5,L,87,1,2,2,5,1,1,61,1,2,6,997,997,0,0,0,2,6,999,999,999,9999999,999,999,999,6,0,1,1,0,4,3,997,9.8,998,998,998,99.8,99.8,99.8,367.539247853615,6,3
11833,18,62,1-18-2018-062-03,3,2,1FTFW1EF0EKD,17,12,481,2014,34,5,31,0,1,F,1,2600,5,46,1,1,1,56,1,0,0,995,0,0,0,54701,1,2,2,1,3,1,2,1,1,1,0,3,0,0,1,1,0,0,1,0,1,4,66,2,1,1,5,L,86,0,0,0,0,0,0,0,0,0,0,175,270,0,0,0,1,1,15,-14,5,57836,998,91,21,0,1,1,1,0,4,0,995,9.8,998,998,998,99.8,99.8,99.8,367.539247853615,6,3
11834,18,63,1-18-2018-063-03,3,1,1G6KD54Y53U1,17,19,3,2003,4,1,5,0,1,L,1,1804,5,0,1,1,1,89,1,0,1,0,2,0,2,54768,1,9,2,4,2,1,2,2,1,1,1,2,0,0,1,8,2,2,9,0,4,2,17,99,1,1,5,L,89,0,0,0,0,0,0,0,0,0,0,0,90,0,1,0,1,1,21,-7,19,17191,998,99,13,0,3,2,5,0,4,0,995,9.8,998,998,998,99.8,99.8,99.8,367.539247860764,6,3
11834,18,63,1-18-2018-063-03,3,2,2C4RC1GG8ER1,17,6,441,2014,20,4,20,0,1,F,1,2115,5,0,1,1,1,105,1,0,0,995,0,0,0,54405,1,2,2,1,2,2,1,2,1,1,3,1,0,0,1,8,0,0,1,0,1,4,66,3,1,1,5,L,88,0,0,0,0,0,0,0,0,0,0,90,0,0,1,0,1,1,17,-16,-6,55077,998,-55,24,0,3,1,1,0,4,0,995,9.8,998,998,998,99.8,99.8,99.8,367.539247860764,6,3
11835,17,124,1-17-2018-124-08,8,1,1FDXE45S76HA,17,12,870,2006,61,8,60,0,1,F,9,,,,,,1,48,1,9,0,995,0,9,0,61276,9,9,2,2,6,3,2,1,2,1,3,1,0,0,1,1,1,2,9,0,14,3,55,99,1,1,5,L,88,,,,,,,,,,,,,,,,,,,,,,,,,,,95,95,95,95,,,9.8,998,998,998,99.8,99.8,99.8,744.987751314539,4,3
11835,17,124,1-17-2018-124-08,8,2,1J4GK48K56W1,17,2,405,2006,14,3,14,0,1,L,1,1819,5,0,1,1,1,48,1,9,0,995,0,9,0,61265,1,2,2,1,3,2,1,1,1,1,3,1,0,0,1,1,1,2,2,0,1,2,17,1,1,1,5,L,89,0,0,0,0,0,0,0,0,0,0,10,80,0,0,0,1,5,999,999,999,9999999,999,999,18,2,0,1,1,0,4,0,995,9.8,998,998,998,99.8,99.8,99.8,744.987751314539,4,3
11836,17,125,1-17-2018-125-02,2,1,3FA6P0D9XJR1,17,12,23,2018,4,1,4,0,1,R,2,1558,5,0,1,1,1,89,1,9,1,0,2,9,1,61201,3,2,2,4,2,1,2,1,2,2,0,2,0,0,1,1,2,2,9,0,10,2,16,1,1,1,4,K,78,0,0,0,0,0,0,0,0,0,0,130,100,0,0,0,3,5,999,999,999,9999999,999,999,34,3,0,1,2,0,4,0,995,9.8,998,998,998,99.8,99.8,99.8,63.3469708223775,4,3
11836,17,125,1-17-2018-125-02,2,2,1XKWD49X3KR2,17,85,881,2019,62,8,60,0,1,F,9,,,,,,0,89,1,9,0,995,0,9,0,61235,9,9,2,4,2,1,2,1,3,1,1,2,0,0,1,1,0,0,9,0,14,4,65,99,1,1,4,K,79,,,,,,,,,,,,,,,,,,,,,,,,,,,95,95,95,95,,,9.8,998,998,998,99.8,99.8,99.8,63.3469708223775,4,3
11837,21,113,1-21-2018-113-09,9,1,WDBUF56XX8B1,17,42,48,2008,4,1,4,0,1,T,1,1785,5,0,1,1,1,113,1,0,0,995,0,0,0,91601,9,9,0,2,3,2,2,1,1,9,1,3,0,3,1,1,0,0,9,1,6,2,11,99,1,2,2,F,46,1,8,2,2,5,4,31,1,2,69,997,997,0,0,0,2,6,999,999,999,9999999,999,999,999,6,0,1,1,0,8,2,997,9.8,998,998,998,99.8,99.8,99.8,5904.16669452911,11,3
11837,21,113,1-21-2018-113-09,9,2,2FUYDXYB1XA9,17,82,881,1999,66,8,68,0,1,L,9,,,,,,0,89,1,0,0,995,0,0,0,92345,9,9,0,2,3,1,2,1,1,9,1,1,0,3,1,1,0,0,9,0,1,4,61,1,1,1,2,F,45,,,,,,,,,,,,,,,,,,,,,,,,,,,95,95,95,95,,,9.8,998,998,998,99.8,99.8,99.8,5904.16669452911,11,3
11838,22,65,1-22-2018-065-09,9,1,1HGES26751L0,17,37,31,2001,4,1,2,0,1,R,1,1095,5,0,1,1,1,105,1,8,0,995,0,7,0,99403,1,2,0,1,4,3,2,1,1,1,3,2,1,1,1,1,0,0,1,1,15,2,11,2,1,2,2,F,46,0,0,0,0,0,0,0,0,0,0,245,195,0,0,0,1,1,13,12,-4,16450,998,-34,17,0,3,1,1,0,4,0,995,9.8,998,998,998,99.8,99.8,99.8,99.0741863872232,12,3
11838,22,65,1-22-2018-065-09,9,2,JT2BG22K3W01,17,49,40,1998,4,1,3,0,1,R,2,1415,5,0,1,1,1,105,1,0,0,995,0,0,0,83540,1,2,0,1,5,1,2,1,1,1,1,3,0,1,1,1,0,0,1,1,15,2,10,4,1,1,2,F,47,1,16,2,2,1,4,61,1,2,30,997,997,0,0,0,2,6,999,999,999,9999999,999,999,999,7,0,1,2,0,4,3,997,9.8,998,998,998,99.8,99.8,99.8,99.0741863872232,12,3
11839,26,130,1-26-2018-130-03,3,1,4V4NC9TG9DN5,17,51,881,2013,66,8,67,0,1,F,9,,,,,,1,105,1,0,0,995,0,0,0,94806,9,9,0,2,5,2,2,1,1,9,3,3,0,0,2,1,0,0,9,0,15,3,51,99,1,2,2,D,32,,,,,,,,,,,,,,,,,,,,,,,,,,,95,95,95,95,,,9.8,998,998,998,99.8,99.8,99.8,1155.50222195378,10,3
11839,26,130,1-26-2018-130-03,3,2,1N4AL3AP0EC1,17,35,47,2014,4,1,4,0,1,B,1,1451,5,0,1,1,1,105,1,0,0,995,0,0,0,95843,2,2,0,2,5,1,2,1,1,9,1,3,0,0,2,1,0,0,9,0,1,4,60,99,1,1,2,D,32,0,0,0,0,0,0,0,0,0,0,40,45,0,0,0,1,5,999,999,999,9999999,999,999,9,1,0,1,1,0,4,0,995,4.6,999,999,999,99.9,8.2,99.9,1155.50222195378,10,3
11840,26,131,1-26-2018-131-01,1,1,WBACA5323RFG,17,34,34,1994,4,1,3,0,1,L,9,1300,5,9999,9,0,1,72,1,9,1,0,4,9,2,95835,2,2,0,1,2,2,2,1,1,1,3,0,0,0,2,1,0,0,9,1,1,2,12,99,1,4,1,B,6,0,0,0,0,0,0,0,0,0,0,998,998,0,1,1,2,0,999,999,999,9999999,999,999,999,9,0,1,1,0,1,0,998,0.0,120,16,16,0.0,0.0,0.0,70.5622998718766,10,3
11841,26,132,1-26-2018-132-02,2,1,1N4AL3AP6DN5,17,35,47,2013,4,1,4,0,1,F,9,1420,5,9999,9,0,1,56,1,0,0,995,0,0,0,95827,1,9,0,5,3,1,2,1,1,1,1,2,0,0,1,1,5,2,2,0,1,3,50,99,1,1,2,D,20,0,0,0,0,0,0,0,0,0,0,170,170,0,0,0,1,0,999,999,999,9999999,999,999,999,9,0,99,99,0,99,0,995,9.8,998,998,998,99.8,99.8,99.8,80.9886365209461,10,3
11841,26,132,1-26-2018-132-02,2,2,5TEJU4GN1AZ7,17,49,472,2010,34,5,30,0,1,F,1,1567,5,9999,9,4,0,56,1,0,0,995,0,0,0,95827,9,9,0,5,3,1,2,1,1,1,1,2,0,0,1,1,5,2,9,0,5,3,53,99,1,1,2,D,21,0,0,0,0,0,0,0,0,0,0,160,170,1,0,0,2,5,999,999,999,9999999,999,999,999,6,0,95,95,95,95,0,995,9.8,998,998,998,99.8,99.8,99.8,80.9886365209461,10,3
11841,26,132,1-26-2018-132-02,2,3,1C4PJLCB0JD5,17,2,404,2018,14,3,14,0,1,B,1,1669,5,9999,9,4,1,56,1,0,1,0,2,0,1,95827,2,9,0,5,3,1,2,1,1,1,1,2,0,0,1,1,5,2,9,0,5,3,53,99,1,1,6,M,98,0,0,0,0,0,0,0,0,0,0,170,160,0,0,0,2,12,999,999,999,9999999,999,999,999,6,0,2,5,0,4,0,995,9.8,998,998,998,99.8,99.8,99.8,80.9886365209461,10,3
11841,26,132,1-26-2018-132-02,2,4,1FTEX18L3VKC,17,12,481,1997,34,5,30,0,1,B,9,2093,5,9999,9,0,0,56,1,8,0,995,0,7,0,95827,9,9,0,5,3,1,2,1,1,1,1,2,0,0,1,1,5,2,9,0,5,3,53,99,1,1,6,M,98,0,0,0,0,0,0,0,0,0,0,170,170,0,0,0,3,0,999,999,999,9999999,999,999,999,9,0,95,95,95,95,0,995,9.8,998,998,998,99.8,99.8,99.8,80.9886365209461,10,3
11842,15,117,1-15-2018-117-06,6,1,1N4AL2AP0AN4,17,35,47,2010,4,1,4,0,1,F,9,1437,5,9999,9,0,1,48,1,0,1,0,2,0,0,11558,9,9,2,3,1,1,2,1,3,1,1,2,0,0,1,1,3,2,9,0,14,2,17,99,1,1,5,L,90,0,0,0,0,0,0,0,0,0,0,315,185,0,0,0,1,0,999,999,999,9999999,999,999,999,9,0,1,1,0,4,0,995,9.8,998,998,998,99.8,99.8,99.8,368.850173699619,1,3
11842,15,117,1-15-2018-117-06,6,2,4S4BSALC7G32,17,48,45,2016,6,1,3,0,1,F,2,1614,5,9999,9,4,0,48,1,0,0,995,0,0,0,11518,9,9,2,3,3,2,2,1,1,1,3,3,0,0,1,1,0,0,9,0,1,4,66,99,1,1,5,L,90,0,0,0,0,0,0,0,0,0,0,185,315,0,0,0,1,12,999,999,999,9999999,999,999,999,7,0,95,95,95,95,0,995,9.8,998,998,998,99.8,99.8,99.8,368.850173699619,1,3
11843,15,118,1-15-2018-118-03,3,1,KNADM4A31H60,17,63,32,2017,4,1,2,0,1,F,1,1131,5,0,1,1,1,48,1,1,9,998,8,0,9,11362,9,9,0,4,2,1,2,1,1,1,0,2,0,0,1,1,0,0,9,1,1,2,13,99,1,4,1,C,11,0,0,0,0,0,0,0,0,0,0,130,130,0,0,0,1,3,15,-15,0,10508,998,63,14,0,4,99,99,0,0,0,995,9.8,998,998,998,99.8,99.8,99.8,277.893823135431,1,3
11843,15,118,1-15-2018-118-03,3,2,1C4HJXEG1JW2,17,2,403,2018,14,3,14,0,2,B,1,1948,5,9999,9,0,,,,,,,,,,,,,,,,,,,,,,,,,,,,,,,,,,,,,,,,,,,,,,,,,,,,,,,,,,,,,,,,,,95,95,95,95,,,,,,,,,,277.893823135431,1,3
11843,15,118,1-15-2018-118-03,3,3,WA1BY74L68D0,17,32,401,2008,14,3,14,0,2,B,1,2290,5,9999,9,5,,,,,,,,,,,,,,,,,,,,,,,,,,,,,,,,,,,,,,,,,,,,,,,,,,,,,,,,,,,,,,,,,,95,95,95,95,,,,,,,,,,277.893823135431,1,3
11846,24,88,1-24-2018-088-03,3,1,1B4HS28N4YF1,17,7,402,2000,14,3,14,0,1,R,1,2086,5,0,1,1,1,40,1,0,0,995,0,0,0,08234,1,1,2,1,2,1,2,1,1,4,0,2,0,0,1,1,0,0,1,0,1,2,17,1,1,1,5,L,87,0,0,0,0,0,0,0,0,0,0,270,170,0,0,0,1,1,14,-7,-12,10212,998,-67,10,0,1,0,0,0,0,0,995,9.8,998,998,998,99.8,99.8,99.8,280.393723887966,1,3
11846,24,88,1-24-2018-088-03,3,2,1C4RJFBG1EC1,17,2,422,2014,15,3,15,0,1,F,1,2211,5,0,1,1,1,40,1,0,0,995,0,0,0,08203,9,9,2,4,2,1,2,1,1,1,0,0,0,0,1,1,2,2,9,0,1,2,17,3,1,1,5,L,86,0,0,0,0,0,0,0,0,0,0,170,270,0,0,0,1,1,14,-13,5,30850,998,50,18,0,1,99,99,0,0,0,995,9.8,998,998,998,99.8,99.8,99.8,280.393723887966,1,3
11847,14,55,1-14-2018-055-03,3,1,1FAFP24116G1,17,12,21,2006,4,1,4,0,1,L,1,1662,5,0,2,4,1,97,1,0,0,995,0,0,0,78676,1,2,0,4,2,1,2,1,1,1,1,2,0,0,1,1,0,0,1,1,12,2,21,1,1,7,6,M,98,0,0,0,0,0,0,0,0,0,0,150,250,0,0,0,1,98,999,999,999,9999999,999,999,999,6,0,0,0,0,0,0,995,9.8,998,998,998,99.8,99.8,99.8,1092.74526860939,8,3
11847,14,55,1-14-2018-055-03,3,2,KM8J33A24HU5,17,55,402,2017,14,3,14,0,1,F,9,1560,5,9999,9,0,1,97,1,0,0,995,0,0,0,78132,1,2,0,4,2,1,2,1,1,1,1,2,0,0,1,1,0,0,1,0,1,4,64,2,1,1,6,M,98,0,0,0,0,0,0,0,0,0,0,250,150,0,0,0,1,0,999,999,999,9999999,999,999,999,9,0,1,2,0,4,0,995,9.8,998,998,998,99.8,99.8,99.8,1092.74526860939,8,3
11853,11,44,1-11-2018-044-04,4,1,3MYDLBYV2HY1,17,49,51,2017,4,1,2,0,1,F,1,1095,5,0,3,1,1,72,1,0,0,995,0,0,0,23238,7,2,1,2,2,1,2,1,1,1,3,1,0,0,5,1,0,0,1,1,16,3,50,2,1,2,2,D,20,0,0,0,0,0,0,0,0,0,0,250,260,0,0,0,1,3,16,-16,0,8494,998,-15,14,0,4,0,0,0,0,0,995,9.8,998,998,998,99.8,99.8,99.8,5879.70992800352,8,3
11853,11,44,1-11-2018-044-04,4,2,JN8AT2MV5HW2,17,35,51,2017,6,1,3,0,1,B,1,1610,5,9999,9,0,0,72,1,0,0,995,0,0,0,23236,9,9,1,1,2,1,2,1,1,1,3,1,0,0,5,1,0,0,1,0,5,3,53,1,1,1,2,D,21,0,0,0,0,0,0,0,0,0,0,260,250,0,0,0,1,3,11,11,-2,12109,998,44,13,0,4,95,95,95,95,0,995,9.8,998,998,998,99.8,99.8,99.8,5879.70992800352,8,3
11854,11,45,1-11-2018-045-10,10,1,3VWSC29M1YM0,17,30,40,2000,4,1,1,0,1,F,1,1331,5,0,1,1,1,72,1,0,0,995,0,0,0,23112,9,9,0,1,2,1,2,1,1,1,1,2,0,0,2,1,0,0,1,1,1,2,12,3,1,4,1,B,6,0,0,0,0,0,0,0,0,0,0,998,998,0,0,1,1,1,23,-23,0,29416,998,-1,23,0,4,0,0,0,0,0,998,9.9,54,54,85,39.7,7.3,40.2,23936.8367783949,8,3
11856,77,37,1-77-2018-037-02,2,1,1FD0W5HT2GEC,17,12,881,2016,61,8,60,0,1,F,9,,,,,,1,72,1,0,0,995,0,0,0,23093,9,9,2,1,6,4,2,1,1,1,1,1,0,0,1,1,1,2,1,0,1,2,17,1,1,1,4,J,69,,,,,,,,,,,,,,,,,,,,,,,,,,,95,95,95,95,,,9.8,998,998,998,99.8,99.8,99.8,191.424290157716,9,3
11856,77,37,1-77-2018-037-02,2,2,2C4RDGBG1ER1,17,7,442,2014,20,4,20,0,1,R,2,2050,5,0,1,1,1,72,1,0,0,995,0,0,0,22911,9,9,2,1,5,5,2,1,1,1,1,2,0,0,1,1,1,2,1,0,11,4,63,1,1,1,4,J,68,0,0,0,0,0,0,0,0,0,0,180,50,0,0,0,1,5,999,999,999,9999999,999,999,31,3,0,9,97,0,0,0,995,9.8,998,998,998,99.8,99.8,99.8,191.424290157716,9,3
11857,24,89,1-24-2018-089-06,6,1,WBA3B5G55DNS,17,34,34,2013,4,1,4,0,1,F,1,1630,5,0,1,1,1,64,1,8,0,995,0,0,0,08201,1,2,0,2,3,2,2,1,1,4,3,3,0,0,1,1,0,0,9,0,1,3,51,1,1,1,2,D,24,0,0,0,0,0,0,0,0,0,0,110,115,0,0,0,1,1,14,-14,2,16010,998,-16,16,0,1,1,1,0,4,0,995,9.8,998,998,998,99.8,99.8,99.8,121.864975884872,1,3
11857,24,89,1-24-2018-089-06,6,2,1LNFM92V1WY7,17,13,2,1998,2,1,4,0,1,F,1,1709,5,0,1,1,1,64,1,8,0,995,0,0,0,08215,1,1,0,2,3,3,2,1,1,4,3,2,0,0,1,1,0,0,1,1,15,2,11,1,1,2,2,D,25,0,0,0,0,0,0,0,0,0,0,105,110,0,0,0,2,3,19,-19,0,28731,998,0,20,0,4,1,2,0,4,0,995,0.0,120,999,999,0.0,0.0,0.0,121.864975884872,1,3
11857,24,89,1-24-2018-089-06,6,3,4F2YU08152KM,17,41,402,2002,14,3,14,0,1,B,1,1567,5,0,1,1,1,64,1,8,0,995,0,7,0,08232,2,2,0,2,3,3,2,1,1,4,3,2,0,0,1,1,0,0,1,0,1,4,60,2,1,1,6,M,98,0,0,0,0,0,0,0,0,0,0,110,105,0,0,0,2,3,21,21,-4,23992,998,-11,19,0,4,0,0,0,0,0,995,9.8,998,998,998,99.8,99.8,99.8,121.864975884872,1,3
11858,24,90,1-24-2018-090-03,3,1,1D7RV1GT1AS2,17,7,482,2010,34,5,31,0,1,R,2,2385,5,0,1,1,1,40,1,0,0,995,0,0,0,07631,1,1,2,3,4,1,2,1,1,1,0,1,0,0,1,1,1,2,1,0,1,2,17,1,1,1,5,L,87,0,0,0,0,0,0,0,0,0,0,240,150,0,0,0,1,98,999,999,999,9999999,999,999,999,7,0,2,9,0,3,0,995,9.8,998,998,998,99.8,99.8,99.8,104.04718571765,1,3
11858,24,90,1-24-2018-090-03,3,2,2G61M5S33G91,17,19,23,2016,4,1,4,0,1,F,2,1817,5,0,1,1,1,40,1,0,0,995,0,0,0,08360,1,1,2,3,5,2,2,1,1,1,1,1,0,0,1,1,1,2,1,0,1,4,66,1,1,1,5,L,86,0,0,0,0,0,0,0,0,0,0,998,998,0,0,1,3,1,35,-35,0,92825,998,-21,35,0,4,2,5,0,4,0,998,0.0,35,35,999,1.9,1.8,2.5,104.04718571765,1,3
11860,12,67,1-12-2018-067-02,2,1,1FTZF0727XKA,17,12,481,1999,34,5,30,0,1,T,1,1873,5,0,1,1,1,105,1,0,0,995,0,0,0,73401,9,1,0,4,2,1,2,1,1,1,1,4,0,0,1,8,0,0,1,1,1,4,62,4,1,2,3,I,65,1,4,2,2,1,4,61,1,2,14,997,997,0,0,0,2,6,999,999,999,9999999,999,999,999,6,0,1,2,0,6,3,997,9.8,998,998,998,99.8,99.8,99.8,313.736819946938,9,3
11860,12,67,1-12-2018-067-02,2,2,5NPD74LF4JH3,17,55,35,2018,4,1,3,0,1,F,1,1275,9,0,1,1,1,105,1,0,0,995,0,0,0,73456,1,2,0,4,2,1,2,1,1,1,1,2,0,0,1,8,0,0,3,1,1,2,10,1,1,2,3,I,64,0,0,0,0,0,0,0,0,0,0,235,90,0,0,0,1,1,14,-13,-2,9041,998,-98,11,0,4,3,14,1,3,0,995,9.8,998,998,998,99.8,99.8,99.8,313.736819946938,9,3
11861,24,91,1-24-2018-091-04,4,1,JN8AZ1FY9EW3,17,35,49,2014,1,1,4,0,1,R,1,2012,8,0,1,1,1,80,1,0,0,995,0,0,0,08330,1,2,3,4,2,1,2,1,1,1,0,0,0,0,5,1,0,0,1,0,11,2,15,1,1,1,4,K,76,0,0,0,0,0,0,0,0,0,0,275,230,0,0,0,1,12,999,999,999,9999999,999,999,12,2,0,0,0,0,0,0,995,9.8,998,998,998,99.8,99.8,99.8,318.179565896149,1,3
11861,24,91,1-24-2018-091-04,4,2,1B7FL26X2TS5,17,7,472,1996,34,5,30,0,1,F,9,9999,9,9999,9,0,1,80,1,0,0,995,0,0,0,08234,1,2,3,4,5,2,2,1,1,1,3,2,0,0,5,1,0,0,1,0,1,4,70,2,1,1,4,K,77,0,0,0,0,0,0,0,0,0,0,230,275,0,0,0,1,0,999,999,999,9999999,999,999,999,9,0,0,0,0,0,0,995,9.8,998,998,998,99.8,99.8,99.8,318.179565896149,1,3