CASEID,PSU,CASENO,CASENUMBER,CATEGORY,VEHNO,VIN,VINLENGTH,MAKE,MODEL,MODELYR,BODYTYPE,BODYCAT,VEHCLASS,SPECUSE,TRANSTAT,DAMPLANE,DAMSEV,CURBWT,CURBSRC,CARGOWT,CARGOSRC,INSPTYPE,TOWSTAT,SPEEDLIMIT,DRPRESENT,PARALCOHOL,ALCTEST,ALCTESTRESULT,ALCTESTSRC,PARDRUG,DRUGTEST,ZIP,RACE,ETHNICITY,RELTOJUNCT,TRAFFLOW,RDLANES,INITLANE,SURFTYPE,SURFCOND,ALIGNMENT,PROFILE,LINERIGHT,LINELEFT,RUMBINIT,RUMBROAD,LIGHTCOND,WEATHER,TRAFDEV,TRAFFUNCT,DISTRACT,PREFHE,PREMOVE,CRITCAT,CRITEVENT,MANEUVER,PRESTAB,PRELOC,CRASHCAT,CRASHCONF,CRASHTYPE,ROLLTYPE,ROLLTURN,ROLLINTRPT,ROLLPREMAN,ROLLINITYP,ROLLINLOC,ROLLOBJ,ROLLTRIP,ROLLDIR,ROLLDIST,DVANGTHIS,DVANGOTH,TOWHITCH,TRAJDOC,TREEPOLE,DVEVENT,DVBASIS,DVTOTAL,DVLONG,DVLAT,DVENERGY,DVSPEED,DVMOMENT,DVBES,DVEST,DVCONF,VAIS,VISS,VINJURED,VTREAT,INITOBJCLASS,HEADANGLECAT,SHLDRWIDTH,STRKLENGTH,STRKWIDTH,STRKHEIGHT,EDGEDISTX,EDGEDISTY,EDGEDISTZ,CASEWGT,PSUSTRAT,VERSION
11862,23,120,1-23-2018-120-04,4,1,1FADP3J29FL2,17,12,37,2015,4,1,3,0,1,F,1,1340,5,9999,9,4,1,89,1,0,0,995,0,0,0,44833,9,9,0,4,2,1,2,1,1,1,1,4,0,0,2,1,0,0,1,0,1,6,88,99,1,1,1,C,13,0,0,0,0,0,0,0,0,0,0,998,998,0,0,0,1,12,999,999,999,9999999,999,999,999,6,0,0,0,0,0,0,998,9.8,998,998,998,99.8,99.8,99.8,858.765017876009,5,3
11863,23,121,1-23-2018-121-03,3,1,3FA6P0LU8HR2,17,12,23,2017,4,1,4,0,1,F,1,1660,5,0,1,1,1,72,1,0,0,995,0,0,0,43221,1,2,2,4,6,2,2,2,2,1,1,3,0,0,2,2,1,2,1,0,14,4,62,4,1,1,4,J,69,0,0,0,0,0,0,0,0,0,0,245,30,0,0,0,1,1,22,-22,4,11772,998,-14,13,0,4,0,0,0,0,0,995,9.8,998,998,998,99.8,99.8,99.8,282.006683210584,5,3
11863,23,121,1-23-2018-121-03,3,2,JHMFC1F76JX0,17,37,31,2018,4,1,3,0,1,F,2,1320,8,0,1,1,1,72,1,0,0,995,0,0,0,43085,9,9,2,4,6,4,2,2,2,1,1,2,0,0,2,2,1,2,3,0,11,2,15,4,1,1,4,J,68,0,0,0,0,0,0,0,0,0,0,30,245,0,0,0,1,1,28,-24,-14,84359,998,-96,32,0,4,99,99,0,5,0,995,9.8,998,998,998,99.8,99.8,99.8,282.006683210584,5,3
11864,23,122,1-23-2018-122-03,3,1,1FT8W4DT1HEB,17,12,880,2017,67,8,60,0,1,F,9,,,,,,0,105,1,0,0,995,0,0,0,43201,9,9,0,2,3,1,2,1,1,1,1,3,2,3,1,1,0,0,9,0,1,3,50,99,1,1,2,D,20,,,,,,,,,,,,,,,,,,,,,,,,,,,95,95,95,95,,,9.8,998,998,998,99.8,99.8,99.8,282.006683210584,5,3
11864,23,122,1-23-2018-122-03,3,2,1N4AL3AP1HN3,17,35,47,2017,4,1,4,0,1,B,1,1453,5,0,1,1,1,105,1,0,0,995,0,0,0,43201,9,9,0,2,3,1,2,1,1,1,1,3,2,3,1,1,0,0,9,0,5,3,53,99,1,1,2,D,21,0,0,0,0,0,0,0,0,0,0,235,235,0,0,0,1,5,999,999,999,9999999,999,999,22,2,0,2,5,0,3,0,995,9.8,998,998,998,99.8,99.8,99.8,282.006683210584,5,3
11865,73,24,1-73-2018-024-08,8,1,5TBBT44116S4,17,49,482,2006,34,5,30,0,1,F,1,2060,5,0,1,1,1,999,1,0,0,995,0,0,0,04462,9,9,0,4,2,1,2,1,1,9,9,9,0,0,1,1,0,0,3,1,1,2,10,1,1,4,1,B,6,0,0,0,0,0,0,0,0,0,0,998,998,0,0,9,2,1,10,-10,-3,14334,998,-134,10,0,4,9,97,0,99,0,998,9.9,999,999,999,99.9,99.9,99.9,212.395625754255,3,3
11866,54,18,1-54-2018-018-08,8,1,1G2NE52E25M1,17,22,18,2005,4,1,3,0,1,F,1,1393,8,0,2,0,1,89,1,0,0,995,0,0,0,35630,1,2,2,4,2,1,2,2,1,1,1,2,0,0,3,2,2,2,3,0,1,3,51,2,2,1,2,D,24,0,0,0,0,0,0,0,0,0,0,30,30,0,0,0,1,3,20,-20,0,17432,998,0,18,0,4,1,1,0,4,0,995,9.8,998,998,998,99.8,99.8,99.8,289.649312795195,9,3
11866,54,18,1-54-2018-018-08,8,2,1GNES16S1462,17,20,403,2004,14,3,14,0,1,B,1,2165,5,0,2,1,1,89,1,0,0,995,0,0,0,35653,1,2,2,4,2,1,2,2,1,1,1,2,0,0,3,2,2,2,1,0,2,3,53,1,1,1,2,D,26,0,0,0,0,0,0,0,0,0,0,30,30,0,0,0,1,3,12,12,0,18346,998,-8,14,0,4,2,5,0,3,0,995,9.8,998,998,998,99.8,99.8,99.8,289.649312795195,9,3
11867,59,73,1-59-2018-073-01,1,1,2B3AA4CT9AH2,17,7,24,2010,4,1,5,0,1,L,3,1719,5,0,1,4,1,48,1,8,1,214,3,7,1,47858,1,2,0,1,3,2,2,2,1,1,3,3,0,0,3,2,0,0,9,0,1,3,51,7,1,1,2,D,24,0,0,0,0,0,0,0,0,0,0,998,998,0,0,3,2,12,999,999,999,9999999,999,999,999,8,0,6,75,2,1,0,998,9.9,999,999,999,6.2,2.2,6.3,94.2118507285493,6,3
11867,59,73,1-59-2018-073-01,1,2,1G1BF5SM0H72,17,20,25,2017,4,1,3,0,1,B,9,1356,8,9999,9,0,1,48,1,0,1,0,2,0,0,78666,9,9,0,1,3,2,2,2,1,1,3,3,0,0,3,2,0,0,9,0,2,3,53,99,1,1,2,D,25,0,0,0,0,0,0,0,0,0,0,180,180,0,0,0,1,0,999,999,999,9999999,999,999,999,9,0,0,0,0,4,0,995,9.9,999,999,999,3.4,3.1,4.6,94.2118507285493,6,3
11869,77,36,1-77-2018-036-06,6,1,KL1TD66E79B3,17,20,39,2009,5,1,1,0,1,R,1,1155,5,0,1,1,1,80,1,0,0,995,0,0,0,22903,2,2,0,4,2,1,2,2,1,1,1,2,1,0,2,2,0,0,1,1,1,1,5,3,4,4,1,B,7,0,0,0,0,0,0,0,0,0,0,998,998,0,1,0,4,1,10,-7,-6,4339,998,-13,10,0,1,0,0,0,4,0,998,0.9,35,35,75,6.6,5.7,9.2,1781.93118373216,9,3
11870,48,20,1-48-2018-020-10,10,1,1GNEK13RXVJ3,17,20,421,1997,15,3,15,0,1,R,2,2396,5,91,1,1,1,129,1,9,0,995,0,9,0,97206,9,9,0,2,2,1,2,1,3,2,2,3,2,3,2,1,0,0,9,1,14,1,9,8,3,2,6,M,98,1,4,2,5,1,1,61,1,2,30,997,997,1,1,0,1,5,999,999,999,9999999,999,999,999,7,0,0,0,0,0,3,997,9.8,998,998,998,99.8,99.8,99.8,2962.3499343741,12,3
11872,32,142,1-32-2018-142-03,3,1,3D6WA7EL5BG5,17,7,881,2011,64,8,60,0,1,R,9,,,,,,0,72,1,0,0,995,0,0,0,75154,9,9,2,1,2,2,1,1,1,1,3,0,0,0,3,1,0,0,9,1,15,2,11,1,1,2,2,F,46,,,,,,,,,,,,,,,,,,,,,,,,,,,95,95,95,95,,,9.8,998,998,998,99.8,99.8,99.8,1532.52161653561,7,3
11872,32,142,1-32-2018-142-03,3,2,1C3CCCCG8FN7,17,6,18,2015,4,1,3,0,1,L,1,1575,5,0,1,1,1,72,1,0,0,995,0,0,0,75104,2,2,2,1,2,1,1,1,1,1,0,3,0,0,3,1,0,0,1,0,1,4,60,1,1,1,2,F,45,0,0,0,0,0,0,0,0,0,0,350,5,0,0,0,1,5,999,999,999,9999999,999,999,999,6,0,1,1,0,6,0,995,0.0,18,18,120,10.8,3.6,11.1,1532.52161653561,7,3
11873,32,143,1-32-2018-143-02,2,1,2GNALBEK1G62,17,20,404,2016,14,3,14,0,1,L,1,1706,5,0,1,1,1,72,1,0,0,995,0,0,0,75211,1,2,2,1,3,2,1,1,1,1,1,1,0,0,1,1,1,2,1,0,1,4,62,2,1,1,6,M,98,1,5,2,5,1,1,61,1,1,20,40,160,0,0,0,1,1,13,-8,10,15764,998,-67,13,0,1,2,5,0,4,3,995,9.8,998,998,998,99.8,99.8,99.8,65.2595091258562,7,3
11873,32,143,1-32-2018-143-02,2,2,JTHBK1GG9F22,17,59,31,2015,4,1,4,0,1,F,1,1610,5,0,1,1,1,72,1,0,0,995,0,0,0,76226,1,1,2,1,4,4,1,1,1,1,1,2,0,0,1,1,1,2,1,0,12,2,21,2,1,1,6,M,98,0,0,0,0,0,0,0,0,0,0,160,40,0,0,0,1,1,15,-15,-3,16998,998,-54,15,0,1,1,1,0,6,0,995,9.8,998,998,998,99.8,99.8,99.8,65.2595091258562,7,3
11874,25,70,1-25-2018-070-03,3,1,1FADP3F22FL3,17,12,37,2015,4,1,3,0,1,F,1,1340,5,0,1,1,1,56,1,0,0,995,0,0,0,04029,1,2,2,4,2,1,2,2,1,1,0,2,0,0,1,2,2,2,1,0,4,2,17,2,1,4,5,L,89,0,0,0,0,0,0,0,0,0,0,998,998,0,0,1,2,1,15,-15,0,13355,998,-19,15,0,3,1,1,0,5,0,998,0.0,50,30,30,1.5,1.6,1.0,490.235064827761,2,3
11874,25,70,1-25-2018-070-03,3,2,1C4BJWDG2FL7,17,2,403,2015,14,3,14,0,1,F,1,1940,5,9999,9,0,0,56,1,0,0,995,0,0,0,04240,9,9,2,4,2,1,2,2,1,1,1,2,0,0,1,2,0,0,1,0,1,4,66,99,1,1,5,L,88,0,0,0,0,0,0,0,0,0,0,210,130,0,0,0,1,3,4,-4,-2,1502,998,-71,4,0,4,95,95,95,95,0,995,9.8,998,998,998,99.8,99.8,99.8,490.235064827761,2,3
11875,16,128,1-16-2018-128-10,10,1,1LNLM81W2NY7,17,13,1,1992,4,1,5,0,1,R,1,1830,5,0,1,1,1,56,1,0,0,995,0,0,0,45239,2,2,0,4,4,1,2,2,1,4,0,3,0,0,1,2,0,0,1,1,1,4,60,8,8,4,1,A,2,0,0,0,0,0,0,0,0,0,0,998,998,0,1,1,2,8,999,999,999,9999999,999,999,999,6,0,1,1,0,4,0,998,2.0,29,29,999,4.9,2.0,4.9,5436.19071512728,5,3
11876,16,129,1-16-2018-129-03,3,1,1G6DM5774401,17,19,18,2004,4,1,4,0,1,F,1,1620,5,0,1,1,1,56,1,0,0,995,0,0,0,45205,9,9,0,4,3,2,2,2,3,2,3,2,0,0,5,8,6,2,1,1,14,2,10,99,1,2,3,G,50,0,0,0,0,0,0,0,0,0,0,160,30,0,0,0,1,1,19,-15,-12,44355,998,-101,21,0,4,99,99,0,8,0,995,9.8,998,998,998,99.8,99.8,99.8,234.508506238991,5,3
11876,16,129,1-16-2018-129-03,3,2,KNADM4A37F64,17,63,32,2015,4,1,2,0,1,F,2,1131,5,0,1,1,1,32,1,0,0,995,0,0,0,45205,2,2,0,4,3,1,2,2,1,4,0,2,0,0,5,8,6,2,1,0,1,4,62,99,1,1,3,G,51,0,0,0,0,0,0,0,0,0,0,30,160,0,0,0,1,1,26,-26,5,26284,998,-17,23,0,4,1,2,0,6,0,995,9.8,998,998,998,99.8,99.8,99.8,234.508506238991,5,3
11879,52,72,1-52-2018-072-09,9,1,KNDJC7330656,17,63,402,2006,14,3,14,0,1,R,2,1990,5,0,2,1,1,72,1,0,0,995,0,0,0,59106,1,2,2,4,2,1,2,1,1,1,1,2,0,0,2,1,8,2,3,0,11,2,15,1,1,1,4,J,68,0,0,0,0,0,0,0,0,0,0,20,280,0,0,0,1,3,32,-16,-28,145301,998,68,38,0,4,1,1,0,0,0,995,9.8,998,998,998,99.8,99.8,99.8,51.1220292688425,12,3
11879,52,72,1-52-2018-072-09,9,2,1D3HW42KX8S5,17,7,472,2008,34,5,30,0,1,F,2,2041,5,0,1,1,1,72,1,0,0,995,0,0,0,59102,9,9,2,4,2,1,2,1,1,1,1,2,0,0,2,1,8,2,9,0,1,4,62,2,2,1,4,J,69,0,0,0,0,0,0,0,0,0,0,280,20,0,0,0,1,3,32,-30,11,88167,998,129,26,0,4,1,1,0,6,0,995,0.5,30,30,90,13.5,7.6,15.7,51.1220292688425,12,3
11879,52,72,1-52-2018-072-09,9,3,1G11H5SL0EF1,17,20,37,2014,4,1,3,0,1,F,1,1620,5,9999,9,2,0,80,1,0,0,995,0,0,0,59106,9,9,2,4,2,1,2,1,1,1,1,2,0,0,2,1,2,2,1,0,5,4,66,1,1,1,6,M,98,0,0,0,0,0,0,0,0,0,0,190,220,0,0,0,2,98,999,999,999,9999999,999,999,999,6,0,95,95,95,95,0,995,9.8,998,998,998,99.8,99.8,99.8,51.1220292688425,12,3
11880,15,119,1-15-2018-119-02,2,1,WAUB8GFF6G10,17,32,48,2016,4,1,2,0,1,F,1,1525,5,0,1,1,1,48,1,8,0,995,0,7,9,11758,1,9,2,4,3,1,2,1,1,1,1,1,0,0,1,8,1,2,9,0,1,2,17,9,1,1,5,L,89,0,0,0,0,0,0,0,0,0,0,998,998,0,0,1,2,1,18,-18,0,21715,998,29,18,0,1,1,2,0,4,0,998,0.0,30,30,50,0.4,0.4,0.5,18.0420147313026,1,3
11880,15,119,1-15-2018-119-02,2,2,YV4A22RL0J10,17,51,50,2018,6,1,3,0,1,F,1,1935,5,9999,9,0,1,48,1,8,9,998,8,7,9,11530,1,2,2,4,3,1,2,1,1,1,0,1,0,0,1,8,1,2,9,0,1,4,66,99,1,1,5,L,88,0,0,0,0,0,0,0,0,0,0,80,350,0,0,0,1,3,8,-6,-5,5398,998,-126,6,0,4,0,0,0,0,0,995,9.8,998,998,998,99.8,99.8,99.8,18.0420147313026,1,3
11881,15,120,1-15-2018-120-03,3,1,5YFBURHE7GP4,17,49,32,2016,4,1,3,0,1,B,9,1265,5,9999,9,0,0,89,1,0,0,995,0,0,0,11373,9,9,0,2,4,4,2,1,2,1,1,2,0,0,1,1,0,0,9,0,14,2,18,99,1,1,6,M,98,0,0,0,0,0,0,0,0,0,0,105,105,0,0,0,2,0,999,999,999,9999999,999,999,999,9,0,95,95,95,95,0,995,9.8,998,998,998,99.8,99.8,99.8,508.67119428845,1,3
11881,15,120,1-15-2018-120-03,3,2,1C4RJFBG1JC2,17,2,422,2018,15,3,15,0,1,B,9,2121,5,9999,9,0,1,89,1,0,0,995,0,0,0,11714,9,9,0,2,4,4,2,1,2,1,1,2,0,0,1,1,0,0,9,0,2,3,53,99,1,1,2,D,29,0,0,0,0,0,0,0,0,0,0,105,105,0,0,0,1,0,999,999,999,9999999,999,999,999,9,0,99,99,0,99,0,995,9.8,998,998,998,99.8,99.8,99.8,508.67119428845,1,3
11881,15,120,1-15-2018-120-03,3,3,1GYS4SKJ0FR5,17,19,421,2015,15,3,15,0,1,F,2,2740,5,9999,9,4,1,89,1,8,9,998,8,7,9,11369,9,9,0,2,4,4,2,1,2,1,1,2,0,0,1,1,0,0,9,0,14,3,52,99,1,1,2,D,28,0,0,0,0,0,0,0,0,0,0,105,105,0,0,0,1,12,999,999,999,9999999,999,999,999,7,0,0,0,0,99,0,995,9.8,998,998,998,99.8,99.8,99.8,508.67119428845,1,3
11882,52,71,1-52-2018-071-07,7,1,JHMGE8H59CC0,17,37,39,2012,5,1,1,0,1,F,2,1121,5,0,1,1,1,56,1,0,0,995,0,0,0,59106,1,2,0,4,2,1,2,2,1,1,1,2,0,0,3,2,0,0,1,0,1,3,50,1,1,1,2,D,20,0,0,0,0,0,0,0,0,0,0,270,270,0,0,0,1,1,25,-25,0,30897,998,3,26,0,1,1,1,0,0,0,995,9.8,998,998,998,99.8,99.8,99.8,57.7635756084152,12,3
11882,52,71,1-52-2018-071-07,7,2,JTDKB20U8631,17,49,46,2006,5,1,3,0,1,B,1,1335,5,150,1,1,1,56,1,0,0,995,0,0,0,59105,1,2,0,4,2,1,2,2,1,1,1,2,0,0,3,2,0,0,1,0,5,3,53,1,1,1,2,D,21,0,0,0,0,0,0,0,0,0,0,270,270,0,0,0,1,1,19,19,0,19583,998,-6,18,0,1,1,1,0,0,0,995,9.8,998,998,998,99.8,99.8,99.8,57.7635756084152,12,3
11882,52,71,1-52-2018-071-07,7,3,1HGCF86621A0,17,37,32,2001,4,1,3,0,1,B,2,1375,5,0,1,2,0,56,1,0,0,995,0,0,0,59101,9,9,0,4,2,1,2,2,1,1,1,2,0,0,3,2,0,0,1,0,5,3,53,1,1,1,6,M,98,0,0,0,0,0,0,0,0,0,0,270,270,0,0,0,2,3,28,28,0,57525,998,0,33,0,4,95,95,95,95,0,995,9.8,998,998,998,99.8,99.8,99.8,57.7635756084152,12,3
11882,52,71,1-52-2018-071-07,7,4,5FNYF4H46CB0,17,37,421,2012,15,3,15,0,1,B,1,2058,5,0,1,2,0,56,1,0,0,995,0,0,0,59105,9,9,0,4,2,1,2,2,1,1,1,2,0,0,3,2,0,0,9,0,5,3,53,1,1,1,6,M,98,0,0,0,0,0,0,0,0,0,0,996,996,0,0,0,3,7,999,999,999,9999999,999,999,999,6,0,95,95,95,95,0,996,9.8,998,998,998,99.8,99.8,99.8,57.7635756084152,12,3
11883,31,60,1-31-2018-060-04,4,1,5NPE24AF3GH3,17,55,33,2016,4,1,4,0,1,F,1,1475,5,0,1,1,1,89,1,0,0,995,0,0,0,62931,1,2,0,4,2,1,2,1,1,1,1,4,0,0,5,1,0,0,1,0,1,6,87,2,1,1,1,C,13,0,0,0,0,0,0,0,0,0,0,998,998,0,0,0,1,10,999,999,999,9999999,999,0,14,2,0,0,0,0,0,0,998,9.8,998,998,998,99.8,99.8,99.8,374.440990182247,6,3
11885,16,131,1-16-2018-131-03,3,1,3N1AB7AP0FY2,17,35,43,2015,4,1,3,0,1,F,2,1293,5,0,1,1,1,89,1,0,0,995,0,0,0,45225,1,2,1,2,5,1,2,2,1,2,1,3,2,3,3,2,0,0,1,1,1,1,5,8,8,4,1,A,2,0,0,0,0,0,0,0,0,0,0,998,998,0,0,0,3,1,31,-27,15,76366,998,99,31,0,4,1,1,0,6,0,998,4.0,999,999,999,10.2,3.9,10.9,234.508506238991,5,3
11886,29,77,1-29-2018-077-03,3,1,5J6RM4H32FL1,17,37,402,2015,14,3,14,0,1,F,2,1586,5,0,1,1,1,40,1,8,0,995,0,7,0,02675,1,2,0,3,2,1,2,1,1,1,0,3,0,0,1,1,0,0,9,1,1,2,13,2,1,4,1,A,1,0,0,0,0,0,0,0,0,0,0,998,998,0,0,0,3,1,31,-31,5,72809,998,56,31,0,1,0,0,0,4,0,998,0.0,50,34,17,0.0,0.0,0.0,113.65185221137,2,3
11888,19,100,1-19-2018-100-04,4,1,5FNYF4H98EB0,17,37,421,2014,15,3,15,0,1,B,1,2068,5,0,1,2,0,999,1,0,0,995,0,0,0,36265,9,9,0,1,3,3,2,1,1,1,3,2,0,0,1,1,0,0,9,0,2,3,53,1,1,1,2,D,29,0,0,0,0,0,0,0,0,0,0,120,120,0,0,0,1,1,13,13,0,8087,998,15,10,0,4,95,95,95,95,0,995,9.8,998,998,998,99.8,99.8,99.8,6772.99923761747,9,3
11888,19,100,1-19-2018-100-04,4,2,1G1JC5SH6F41,17,20,28,2015,4,1,1,0,1,F,1,1245,5,0,1,1,1,999,1,0,0,995,0,0,0,35904,1,2,0,1,3,3,2,1,1,1,3,2,0,0,1,1,0,0,3,0,1,3,52,2,1,1,2,D,28,0,0,0,0,0,0,0,0,0,0,120,120,0,0,0,1,1,19,-19,0,24928,998,7,22,0,4,0,0,0,0,0,995,9.8,998,998,998,99.8,99.8,99.8,6772.99923761747,9,3
11889,13,106,1-13-2018-106-10,10,1,1C3EL46X25N6,17,6,43,2005,4,1,3,0,1,F,1,1439,5,0,1,1,1,999,1,0,0,995,0,0,0,79601,2,9,2,4,2,1,1,2,1,1,0,0,0,0,2,2,0,0,9,1,11,2,12,1,1,4,1,B,6,0,0,0,0,0,0,0,0,0,0,998,998,0,0,0,1,98,999,999,999,9999999,999,999,999,6,0,0,0,0,0,0,998,0.0,999,20,20,0.0,0.0,0.0,23936.8367783949,7,3
11890,13,107,1-13-2018-107-05,5,1,2G1WF5EK8B13,17,20,2,2011,4,1,4,0,1,F,9,1613,5,9999,9,0,1,105,1,0,1,242,2,0,0,35802,2,2,0,2,5,2,2,1,1,1,3,3,0,3,3,1,0,0,3,1,1,1,8,1,1,4,1,B,7,0,0,0,0,0,0,0,0,0,0,998,998,0,0,0,1,0,999,999,999,9999999,999,999,999,9,0,1,1,0,4,0,998,2.3,120,999,999,0.0,0.0,0.0,117.559599916803,7,3
11891,27,65,1-27-2018-065-04,4,1,KNDJE7231671,17,63,401,2006,14,3,14,0,1,L,2,1600,5,9999,9,4,1,56,1,0,0,995,0,0,0,01201,1,2,0,4,2,1,2,1,3,1,1,2,0,0,1,1,0,0,1,0,14,4,62,1,1,1,3,I,66,0,0,0,0,0,0,0,0,0,0,70,250,0,0,0,1,8,999,999,999,9999999,999,999,999,7,0,2,5,0,4,0,995,9.8,998,998,998,99.8,99.8,99.8,120.599176871409,3,3
11891,27,65,1-27-2018-065-04,4,2,5FNYF6H65GB1,17,37,421,2016,15,3,15,0,1,F,2,1930,5,0,1,1,1,56,1,0,0,995,0,0,0,10025,1,2,0,4,2,1,2,1,2,1,1,2,0,0,1,1,0,0,1,0,14,4,62,8,1,1,3,I,66,0,0,0,0,0,0,0,0,0,0,250,70,0,0,0,1,8,999,999,999,9999999,999,999,999,7,0,0,0,0,0,0,995,2.3,999,13,15,0.0,0.0,0.0,120.599176871409,3,3
11892,27,66,1-27-2018-066-06,6,1,3GNDA23D27S5,17,20,23,2007,6,1,2,0,1,F,1,1440,5,0,1,1,1,48,1,0,0,995,0,0,0,01247,1,2,2,4,2,1,2,2,1,3,0,2,0,0,3,2,0,0,1,0,1,4,64,10,1,2,6,M,98,0,0,0,0,0,0,0,0,0,0,998,998,0,0,0,3,1,18,-18,0,19501,998,-20,18,0,4,1,1,0,3,0,998,0.0,8,8,55,15.7,15.4,22.3,38.4635395116383,3,3
11892,27,66,1-27-2018-066-06,6,2,3C3CFFBR1CT3,17,36,38,2012,3,1,1,0,1,L,1,1068,5,0,1,1,1,48,1,0,0,995,0,0,0,01451,9,9,2,4,2,1,2,2,1,4,0,2,0,0,3,2,0,0,9,0,12,2,21,1,1,1,6,M,98,0,0,0,0,0,0,0,0,0,0,285,340,0,0,0,1,3,17,6,16,19469,998,48,19,0,4,99,99,0,0,0,995,9.8,998,998,998,99.8,99.8,99.8,38.4635395116383,3,3
11893,31,61,1-31-2018-061-09,9,1,1FMCU24X2TUB,17,12,401,1996,14,3,14,0,1,R,1,1545,5,0,1,1,1,89,1,0,0,995,0,0,0,62938,9,9,0,4,2,1,2,2,1,4,1,4,0,0,2,2,0,0,9,1,1,2,13,99,9,4,1,A,1,1,4,1,2,1,3,61,1,2,17,998,998,0,0,8,1,8,999,999,999,9999999,999,999,999,6,0,1,1,0,4,3,998,0.4,23,23,120,19.4,6.2,20.2,481.738562538001,6,3
11894,17,126,1-17-2018-126-08,8,1,2G1WT58K7693,17,20,2,2006,4,1,4,0,1,F,2,1630,5,0,1,1,1,48,1,9,2,996,1,7,0,61201,9,9,3,4,2,1,2,2,1,1,0,2,0,0,2,2,0,0,9,0,1,4,67,1,1,1,4,K,83,0,0,0,0,0,0,0,0,0,0,0,250,0,0,0,1,1,35,-34,-6,100466,998,-39,38,0,1,0,0,0,0,0,995,9.8,998,998,998,99.8,99.8,99.8,122.802674410142,4,3
11894,17,126,1-17-2018-126-08,8,2,1GNET16S1561,17,20,403,2005,14,3,14,0,1,L,1,2271,5,0,1,1,1,48,1,9,0,995,0,7,0,61265,1,2,3,3,1,1,2,2,1,1,0,0,0,0,2,2,0,0,2,0,11,2,15,1,1,1,4,K,82,0,0,0,0,0,0,0,0,0,0,250,0,0,0,0,1,1,24,-12,21,46279,998,-64,20,0,1,2,5,0,3,0,995,9.8,998,998,998,99.8,99.8,99.8,122.802674410142,4,3
11895,17,127,1-17-2018-127-03,3,1,2G4WS52J6111,17,18,7,2001,4,1,3,0,1,F,1,1528,5,0,1,2,0,48,1,9,0,995,0,9,0,61201,9,9,2,4,5,3,2,1,1,1,1,2,0,0,1,1,1,2,9,0,11,2,15,2,1,1,4,K,83,0,0,0,0,0,0,0,0,0,0,280,150,0,0,0,1,1,13,-13,0,14333,998,-50,15,0,1,95,95,95,95,0,995,9.8,998,998,998,99.8,99.8,99.8,217.656829978784,4,3
11895,17,127,1-17-2018-127-03,3,2,2GKFLTEK3G63,17,23,402,2016,14,3,14,0,1,L,1,1823,5,0,1,1,1,48,1,9,0,995,0,9,0,61265,1,2,2,4,5,3,2,1,1,1,1,2,0,0,1,1,1,2,1,0,11,4,68,2,1,1,4,K,82,0,0,0,0,0,0,0,0,0,0,150,280,0,0,0,1,1,10,-7,8,4708,998,-16,8,0,1,1,1,0,4,0,995,9.8,998,998,998,99.8,99.8,99.8,217.656829978784,4,3
11896,26,133,1-26-2018-133-03,3,1,1FTEW1EG3JFB,17,12,481,2018,34,5,30,0,1,L,1,2130,5,0,1,1,1,64,1,1,8,997,8,0,0,95762,1,2,3,4,2,1,2,1,1,1,0,0,0,0,2,1,0,0,1,0,11,2,15,1,1,1,4,K,82,0,0,0,0,0,0,0,0,0,0,265,0,0,1,0,1,1,21,-7,20,14631,998,58,12,0,1,0,0,0,4,0,995,9.8,998,998,998,99.8,99.8,99.8,1733.30041031681,10,3
11896,26,133,1-26-2018-133-03,3,2,JM1BM1V76E11,17,41,51,2014,4,1,3,0,1,F,2,1366,5,0,1,1,1,64,1,0,0,995,0,0,0,95820,9,1,3,5,5,2,2,1,1,1,3,2,0,0,2,1,0,0,9,0,1,4,72,1,1,1,4,K,83,0,0,0,0,0,0,0,0,0,0,0,265,0,1,0,1,1,34,-33,-6,92602,998,-24,40,0,1,1,1,0,6,0,995,9.8,998,998,998,99.8,99.8,99.8,1733.30041031681,10,3
11898,66,58,1-66-2018-058-03,3,1,2G1WT58KX693,17,20,2,2006,4,1,4,0,1,F,1,1630,5,9999,9,4,0,48,1,0,0,995,0,7,0,65605,9,9,2,4,2,1,2,1,1,1,0,0,0,0,1,1,2,2,2,0,1,2,17,1,1,1,5,L,86,0,0,0,0,0,0,0,0,0,0,0,90,0,0,0,1,3,6,-5,3,2432,998,119,5,0,4,95,95,95,95,0,995,9.8,998,998,998,99.8,99.8,99.8,110.803837186245,6,3
11898,66,58,1-66-2018-058-03,3,2,KL4CJBSM8HB0,17,18,404,2017,14,3,14,0,1,R,1,1468,5,0,1,1,1,48,1,0,1,0,2,7,0,65605,1,2,2,4,2,1,2,1,1,1,0,0,0,0,1,1,0,0,1,0,1,4,66,2,1,1,5,L,87,1,4,2,5,7,1,1,2,2,21,90,0,0,0,0,1,3,7,-3,-6,4415,998,56,8,0,4,2,6,0,4,1,995,9.8,998,998,998,99.8,99.8,99.8,110.803837186245,6,3