CASEID,PSU,CASENO,CASENUMBER,CATEGORY,VEHNO,VIN,VINLENGTH,MAKE,MODEL,MODELYR,BODYTYPE,BODYCAT,VEHCLASS,SPECUSE,TRANSTAT,DAMPLANE,DAMSEV,CURBWT,CURBSRC,CARGOWT,CARGOSRC,INSPTYPE,TOWSTAT,SPEEDLIMIT,DRPRESENT,PARALCOHOL,ALCTEST,ALCTESTRESULT,ALCTESTSRC,PARDRUG,DRUGTEST,ZIP,RACE,ETHNICITY,RELTOJUNCT,TRAFFLOW,RDLANES,INITLANE,SURFTYPE,SURFCOND,ALIGNMENT,PROFILE,LINERIGHT,LINELEFT,RUMBINIT,RUMBROAD,LIGHTCOND,WEATHER,TRAFDEV,TRAFFUNCT,DISTRACT,PREFHE,PREMOVE,CRITCAT,CRITEVENT,MANEUVER,PRESTAB,PRELOC,CRASHCAT,CRASHCONF,CRASHTYPE,ROLLTYPE,ROLLTURN,ROLLINTRPT,ROLLPREMAN,ROLLINITYP,ROLLINLOC,ROLLOBJ,ROLLTRIP,ROLLDIR,ROLLDIST,DVANGTHIS,DVANGOTH,TOWHITCH,TRAJDOC,TREEPOLE,DVEVENT,DVBASIS,DVTOTAL,DVLONG,DVLAT,DVENERGY,DVSPEED,DVMOMENT,DVBES,DVEST,DVCONF,VAIS,VISS,VINJURED,VTREAT,INITOBJCLASS,HEADANGLECAT,SHLDRWIDTH,STRKLENGTH,STRKWIDTH,STRKHEIGHT,EDGEDISTX,EDGEDISTY,EDGEDISTZ,CASEWGT,PSUSTRAT,VERSION
11899,22,66,1-22-2018-066-03,3,1,1FTFX1EF6EFC,17,12,481,2014,34,5,31,0,1,F,1,2484,5,0,1,1,1,97,1,1,8,997,8,7,0,83855,1,2,0,4,2,1,2,2,1,1,1,4,0,0,2,8,0,0,9,0,1,3,51,1,1,1,2,D,24,1,4,2,2,5,4,31,1,2,17,230,230,0,0,0,1,1,14,-14,0,26264,998,0,16,0,1,4,29,1,3,2,995,1.8,120,120,999,47.8,5.4,47.5,107.651784893089,12,3
11899,22,66,1-22-2018-066-03,3,2,JT4RN01P9N70,17,49,471,1992,34,5,30,0,1,B,1,1516,5,0,1,2,0,97,1,8,0,995,0,7,0,83855,9,9,0,1,2,1,2,2,1,1,1,4,0,0,2,8,0,0,1,0,1,3,51,1,1,1,2,D,25,0,0,0,0,0,0,0,0,0,0,230,230,0,0,0,1,1,24,24,0,25192,998,0,21,0,1,95,95,95,95,0,995,9.8,998,998,998,99.8,99.8,99.8,107.651784893089,12,3
11900,21,114,1-21-2018-114-02,2,1,1GCGSCEN8H11,17,20,473,2017,34,5,31,0,1,F,2,1833,5,9999,9,4,1,89,1,0,0,995,0,0,0,92342,9,1,3,4,2,1,2,1,1,1,1,4,0,0,4,1,0,0,9,0,1,3,55,3,1,2,6,M,98,0,0,0,0,0,0,0,0,0,0,10,150,0,1,0,1,5,999,999,999,9999999,999,999,999,3,0,2,4,0,4,0,995,9.8,998,998,998,99.8,99.8,99.8,106.73399618422,11,3
11900,21,114,1-21-2018-114-02,2,2,1T7YU4C28511,17,94,983,2005,50,7,50,2,1,R,9,,,,,,1,89,1,0,0,995,0,0,0,92311,9,9,3,4,2,1,2,1,1,1,1,2,0,0,4,1,0,0,9,1,13,2,20,1,1,2,6,M,98,,,,,,,,,,,,,,,,,,,,,,,,,,,95,95,95,95,,,9.8,998,998,998,99.8,99.8,99.8,106.73399618422,11,3
11901,18,64,1-18-2018-064-03,3,1,1NXBR38E24Z2,17,49,32,2004,4,1,2,0,1,F,1,1135,5,0,1,5,1,72,1,0,0,995,0,0,0,54703,1,2,2,4,4,2,1,1,1,1,1,3,0,0,1,1,1,2,1,0,1,4,62,4,1,1,4,J,69,0,0,0,0,0,0,0,0,0,0,85,220,0,0,0,1,1,21,-20,7,10475,998,25,15,0,1,1,1,0,5,0,995,9.8,998,998,998,99.8,99.8,99.8,506.520789513014,6,3
11901,18,64,1-18-2018-064-03,3,2,JF2SJAHC9FH4,17,48,401,2015,14,3,14,0,1,F,1,1498,5,0,1,1,1,72,1,0,0,995,0,0,0,54755,1,2,2,1,5,5,1,1,1,1,0,0,0,0,1,1,0,0,1,0,11,2,15,1,1,1,4,J,68,0,0,0,0,0,0,0,0,0,0,220,85,0,0,0,1,1,16,-14,-8,34406,998,-106,19,0,1,1,1,0,0,0,995,9.8,998,998,998,99.8,99.8,99.8,506.520789513014,6,3
11902,30,76,1-30-2018-076-02,2,1,3C3CFFAR0ET2,17,36,38,2014,3,1,1,0,1,F,2,1068,5,0,1,1,1,48,1,0,0,995,0,0,0,85022,9,9,2,4,3,2,2,1,1,1,1,2,0,0,1,1,1,2,9,0,11,2,15,2,1,1,4,J,68,0,0,0,0,0,0,0,0,0,0,225,85,0,0,0,1,1,26,-23,-13,42174,998,-83,24,0,1,2,4,0,8,0,995,9.8,998,998,998,99.8,99.8,99.8,85.2645052139962,10,3
11902,30,76,1-30-2018-076-02,2,2,2C3KA53G77H7,17,6,51,2007,4,1,5,0,1,F,1,1708,5,50,2,1,1,48,1,0,0,995,0,0,0,85023,1,2,2,4,2,1,2,1,1,1,1,2,0,0,1,1,1,2,1,0,1,4,62,11,1,1,4,J,69,0,0,0,0,0,0,0,0,0,0,85,225,0,0,0,1,1,16,-16,3,23491,998,-4,18,0,1,2,5,0,3,0,995,9.8,998,998,998,99.8,99.8,99.8,85.2645052139962,10,3
11903,33,86,1-33-2018-086-03,3,1,3VWRG71KX6M7,17,30,40,2006,4,1,2,0,1,F,1,1465,5,0,1,1,1,89,1,0,0,995,0,0,0,95948,1,1,2,4,4,2,2,1,1,1,1,1,0,0,1,1,0,0,1,0,1,4,65,4,1,1,4,K,79,0,0,0,0,0,0,0,0,0,0,10,295,0,0,0,1,3,18,-18,-3,8700,998,4,12,0,4,1,1,0,5,0,995,9.8,998,998,998,99.8,99.8,99.8,49.7411395197452,12,3
11903,33,86,1-33-2018-086-03,3,2,3C6TRVDG7EE1,17,7,463,2014,21,4,21,0,1,L,1,2233,5,1361,2,0,1,56,1,0,0,995,0,0,0,95965,1,1,2,4,2,1,2,1,1,1,0,2,0,0,1,1,2,2,2,0,10,2,16,99,1,1,4,K,78,0,0,0,0,0,0,0,0,0,0,295,10,0,0,0,1,3,8,0,8,19797,998,-8,12,0,4,0,0,0,6,0,995,9.8,998,998,998,99.8,99.8,99.8,49.7411395197452,12,3
11905,20,113,1-20-2018-113-01,1,1,1GKEK13T61R1,17,23,421,2001,15,3,15,0,1,T,2,2318,5,0,1,1,1,105,1,9,9,998,8,9,9,93901,9,1,0,4,4,2,2,1,2,9,3,2,1,3,2,1,0,0,9,1,14,2,12,99,9,4,1,B,6,1,4,2,2,1,4,61,1,2,22,997,997,0,0,0,1,6,999,999,999,9999999,999,999,999,7,0,5,38,1,1,3,997,9.8,998,998,998,99.8,99.8,99.8,81.2478232206367,11,3
11905,20,113,1-20-2018-113-01,1,2,1G1PA5SG9F72,17,20,25,2015,4,1,3,0,1,F,2,1399,5,0,2,1,1,105,1,0,0,995,0,0,0,93930,1,1,0,4,4,2,2,1,3,9,3,2,1,3,2,1,0,0,1,0,14,3,50,4,1,1,6,M,98,0,0,0,0,0,0,0,0,0,0,180,35,0,0,0,2,3,36,-36,6,56318,998,2,30,0,4,3,10,1,3,0,995,9.8,998,998,998,99.8,99.8,99.8,81.2478232206367,11,3
11907,66,59,1-66-2018-059-04,4,1,1FTBF3A65GEA,17,12,481,2016,34,5,31,0,1,F,1,2726,5,0,1,1,1,113,1,0,0,995,0,7,0,65064,1,2,1,4,3,2,2,2,1,1,1,9,0,0,1,2,9,9,1,0,2,2,18,8,1,1,6,M,98,0,0,0,0,0,0,0,0,0,0,998,998,0,0,0,3,10,999,999,999,9999999,999,999,999,6,0,0,0,0,0,0,998,1.3,120,45,80,0.0,0.0,0.0,155.537836543619,6,3
11907,66,59,1-66-2018-059-04,4,2,4V4NC9EHXEN1,17,51,881,2014,66,8,67,0,1,F,9,,,,,,1,113,1,0,0,995,0,7,0,98424,9,9,1,4,3,2,2,2,1,1,1,9,0,0,1,2,9,9,1,0,1,3,52,2,9,1,6,M,98,,,,,,,,,,,,,,,,,,,,,,,,,,,95,95,95,95,,,9.8,998,998,998,99.8,99.8,99.8,155.537836543619,6,3
11908,33,88,1-33-2018-088-09,9,1,JTDKB20U5833,17,49,46,2008,5,1,3,0,1,F,9,1335,5,9999,9,0,1,64,1,9,0,995,0,9,0,99999,9,9,0,4,2,1,2,1,3,4,0,2,0,0,1,8,0,0,9,1,14,2,11,99,1,4,1,A,1,0,0,0,0,0,0,0,0,0,0,998,998,0,0,1,1,0,999,999,999,9999999,999,999,999,9,0,99,99,0,99,0,998,0.0,86,86,95,13.4,2.3,13.5,189.869369213436,12,3
11909,29,79,1-29-2018-079-06,6,1,KMHCT4AEXCU2,17,55,36,2012,4,1,2,0,1,F,1,1125,5,0,1,1,1,80,1,0,0,995,0,1,0,02915,9,9,0,4,4,1,2,1,1,1,1,3,0,0,2,8,0,0,9,1,1,6,87,99,3,4,1,A,2,1,2,2,2,2,4,68,4,2,5,998,998,0,0,0,1,10,999,999,999,9999999,999,-34,14,2,0,99,99,0,8,3,998,0.4,120,120,20,8.2,2.3,8.8,150.850799535278,2,3
11910,59,75,1-59-2018-075-04,4,1,5TDDKRFH8GS3,17,49,403,2016,14,3,14,0,1,F,2,2035,5,0,1,4,1,48,1,0,0,995,0,0,0,47885,9,9,2,4,2,1,2,1,1,1,0,0,0,0,1,8,0,0,9,0,1,4,66,99,1,1,5,L,86,0,0,0,0,0,0,0,0,0,0,180,270,0,0,0,1,12,999,999,999,9999999,999,999,999,3,0,0,0,0,0,0,995,9.8,998,998,998,99.8,99.8,99.8,1453.52499343073,6,3
11910,59,75,1-59-2018-075-04,4,2,1FAHP35N68W2,17,12,37,2008,4,1,2,0,1,R,1,1189,5,0,1,4,1,48,1,0,0,995,0,0,0,47471,9,9,2,4,2,1,2,1,1,1,0,0,0,0,1,8,2,2,3,0,1,2,17,99,1,1,5,L,87,0,0,0,0,0,0,0,0,0,0,270,180,0,0,0,1,12,999,999,999,9999999,999,999,999,2,0,1,1,0,4,0,995,9.8,998,998,998,99.8,99.8,99.8,1453.52499343073,6,3
11912,32,144,1-32-2018-144-02,2,1,1N4AL2APXCN4,17,35,47,2012,4,1,4,0,1,F,2,1437,5,0,1,1,1,56,1,1,1,0,2,1,2,75001,2,2,2,3,1,1,1,1,1,1,1,2,0,0,3,8,2,2,9,0,1,2,17,1,1,1,5,L,86,0,0,0,0,0,0,0,0,0,0,155,270,0,0,0,1,1,27,-24,14,55210,998,56,28,0,1,3,22,1,3,0,995,9.8,998,998,998,99.8,99.8,99.8,65.1792803171695,7,3
11912,32,144,1-32-2018-144-02,2,2,3C4PDCBB0GT1,17,7,27,2016,6,1,4,0,1,R,1,1834,5,0,1,1,1,56,1,0,1,0,2,0,1,76051,2,2,2,3,3,2,1,1,1,1,3,3,0,0,3,8,0,0,9,0,1,4,66,99,1,1,5,L,87,1,3,2,2,1,4,61,1,1,15,270,155,0,0,0,1,1,21,-18,-11,32366,998,-2,20,0,1,3,10,1,3,3,995,0.4,10,10,120,0.8,0.5,0.9,65.1792803171695,7,3
11917,11,46,1-11-2018-046-04,4,1,5XXGM4A70EG2,17,63,34,2014,4,1,4,0,1,F,1,1484,5,0,1,1,1,24,1,0,0,995,0,0,0,23236,1,2,3,4,2,1,2,1,1,2,0,0,0,0,1,1,2,2,1,0,1,2,17,1,1,1,5,L,86,0,0,0,0,0,0,0,0,0,0,185,275,0,0,0,1,1,16,-15,5,20879,998,34,18,0,1,0,0,0,6,0,995,9.8,998,998,998,99.8,99.8,99.8,8896.36773811856,8,3
11917,11,46,1-11-2018-046-04,4,2,KL1TD56646B5,17,20,39,2006,4,1,1,0,1,R,1,1075,5,0,1,1,1,72,1,0,0,995,0,0,0,23139,9,9,3,1,3,1,2,1,2,1,1,3,0,0,1,1,0,0,1,0,14,4,71,1,1,1,5,L,87,0,0,0,0,0,0,0,0,0,0,275,185,0,0,0,1,1,22,-7,-20,16155,998,-2,19,0,1,0,0,0,0,0,995,9.8,998,998,998,99.8,99.8,99.8,8896.36773811856,8,3
11918,11,47,1-11-2018-047-06,6,1,1C6RR6GP8DS6,17,7,482,2013,34,5,31,0,1,F,1,2235,5,0,1,1,1,56,1,0,0,995,0,0,0,23875,2,2,2,4,3,2,2,1,1,1,1,2,0,0,2,1,0,0,1,0,1,4,62,4,1,1,4,J,69,1,1,2,2,1,4,63,1,1,11,10,150,0,0,0,1,1,15,-14,5,16836,998,16,13,0,4,1,1,0,4,3,995,0.0,3,999,999,8.3,4.5,9.4,3958.02151841817,8,3
11918,11,47,1-11-2018-047-06,6,2,2G1WL52J9111,17,20,20,2001,4,1,3,0,1,F,1,1510,5,0,1,1,1,56,1,0,0,995,0,0,0,23860,1,1,2,4,2,1,2,1,1,1,1,2,0,0,2,1,0,0,1,0,11,2,15,1,1,1,4,J,68,0,0,0,0,0,0,0,0,0,0,150,10,0,0,0,1,1,23,-22,-8,54251,998,-115,24,0,1,2,5,0,4,0,995,9.8,998,998,998,99.8,99.8,99.8,3958.02151841817,8,3
11919,77,38,1-77-2018-038-02,2,1,1C4PJMBS7GW2,17,2,404,2016,14,3,14,0,1,F,2,1788,5,0,1,1,1,72,1,1,1,254,2,0,3,22959,1,2,0,4,2,1,2,1,3,1,0,0,0,0,2,1,0,0,3,1,14,2,13,3,1,4,1,A,1,0,0,0,0,0,0,0,0,0,0,998,998,0,1,1,2,1,35,-35,0,87186,998,2,35,0,1,3,14,1,3,0,998,0.0,29,29,79,25.8,2.0,26.2,538.772226463386,9,3
11922,73,25,1-73-2018-025-10,10,1,JHMES96695S0,17,37,31,2005,4,1,2,0,1,F,1,1239,5,0,1,4,1,113,1,0,0,995,0,0,0,04359,9,9,0,3,2,2,2,1,1,9,3,2,1,3,2,1,0,0,3,1,1,2,12,99,1,4,1,B,6,0,0,0,0,0,0,0,0,0,0,998,998,0,0,0,1,12,999,999,999,9999999,999,999,999,6,0,0,0,0,0,0,998,9.9,999,999,999,99.9,99.9,99.9,2881.76160579992,3,3
11923,23,123,1-23-2018-123-04,4,1,1C4SDJCTXCC3,17,7,422,2012,15,3,15,0,1,R,9,2418,5,9999,9,0,0,89,1,0,0,995,0,0,0,43315,9,9,3,4,2,1,1,1,1,9,0,0,0,0,1,1,0,0,9,0,1,2,17,99,1,1,5,L,87,0,0,0,0,0,0,0,0,0,0,345,275,0,0,0,1,0,999,999,999,9999999,999,999,999,9,0,95,95,95,95,0,995,9.8,998,998,998,99.8,99.8,99.8,1043.90294120322,5,3
11923,23,123,1-23-2018-123-04,4,2,2GKFLTEK7H61,17,23,402,2017,14,3,14,0,1,F,9,1823,5,9999,9,0,1,89,1,0,0,995,0,0,0,43315,9,9,3,4,2,1,2,1,1,1,0,0,0,0,1,1,0,0,1,0,1,4,71,99,1,1,5,L,86,0,0,0,0,0,0,0,0,0,0,275,345,0,0,0,1,0,999,999,999,9999999,999,999,999,9,0,0,0,0,0,0,995,9.8,998,998,998,99.8,99.8,99.8,1043.90294120322,5,3
11924,23,124,1-23-2018-124-07,7,1,2CTFLVE53B62,17,23,402,2011,14,3,14,0,1,F,1,1823,5,0,1,1,1,89,1,0,0,995,0,0,0,43035,1,2,0,4,2,1,2,1,1,1,1,3,0,0,1,8,0,0,1,0,1,3,51,2,1,1,2,D,24,0,0,0,0,0,0,0,0,0,0,0,0,0,0,0,1,3,14,-14,0,13013,998,0,13,0,4,0,0,0,0,0,995,9.8,998,998,998,99.8,99.8,99.8,1405.55337955197,5,3
11924,23,124,1-23-2018-124-07,7,2,1GYS4HKJ6HR2,17,19,421,2017,15,3,15,0,1,B,1,2740,5,9999,9,0,0,89,1,0,0,995,0,0,0,43015,9,9,0,4,2,1,2,1,1,1,1,3,0,0,1,8,0,0,1,0,2,3,53,99,1,1,2,D,25,0,0,0,0,0,0,0,0,0,0,0,0,0,0,0,1,3,10,10,0,11214,998,0,10,0,4,95,95,95,95,0,995,9.8,998,998,998,99.8,99.8,99.8,1405.55337955197,5,3
11925,23,125,1-23-2018-125-03,3,1,1G1BG5SM5G72,17,20,25,2016,4,1,3,0,1,F,2,1399,5,0,1,1,1,89,1,0,0,995,0,0,0,43015,9,9,2,4,5,3,2,1,1,1,1,2,0,0,1,8,1,2,1,0,11,2,15,99,1,1,4,J,68,0,0,0,0,0,0,0,0,0,0,340,195,0,0,0,1,1,26,-23,-13,31215,998,-65,21,0,2,99,99,0,8,0,995,9.8,998,998,998,99.8,99.8,99.8,342.8034443818,5,3
11925,23,125,1-23-2018-125-03,3,2,1FADP3K26HL3,17,12,37,2017,5,1,3,0,1,F,2,1327,5,0,1,1,1,89,1,0,0,995,0,0,0,43315,9,9,2,1,5,3,2,1,1,1,3,2,0,0,1,8,1,2,9,0,1,4,62,1,1,1,4,J,69,0,0,0,0,0,0,0,0,0,0,195,340,0,0,0,1,1,28,-27,5,59145,998,13,33,0,1,99,99,0,8,0,995,9.8,998,998,998,99.8,99.8,99.8,342.8034443818,5,3
11926,25,71,1-25-2018-071-08,8,1,JTMBK31V2860,17,49,402,2008,14,3,14,0,1,L,9,1658,5,9999,9,0,1,72,1,8,1,0,2,7,1,04040,1,2,3,4,2,1,4,1,1,1,0,0,0,0,1,1,0,0,3,1,1,1,6,99,3,4,1,A,2,0,0,0,0,0,0,0,0,0,0,998,998,0,0,9,1,0,999,999,999,9999999,999,999,999,9,0,4,21,1,3,0,998,9.9,999,999,999,99.9,99.9,99.9,86.4031094329406,2,3
11928,59,76,1-59-2018-076-04,4,1,1FAHP2MK5JG1,17,12,17,2018,4,1,4,5,1,U,1,1876,8,0,1,1,1,48,1,0,0,995,0,0,0,62433,9,9,0,4,4,1,2,1,1,9,0,3,0,0,3,8,8,2,9,1,10,2,13,99,1,4,1,A,1,0,0,0,0,0,0,0,0,0,0,998,998,0,0,0,1,12,999,999,999,9999999,999,999,999,1,0,0,0,0,0,0,998,9.9,999,999,999,6.6,6.2,9.0,637.178250530699,6,3
11929,59,77,1-59-2018-077-03,3,1,ZACCJABB5HPF,17,2,408,2017,14,3,14,0,1,F,1,1372,5,0,2,1,1,89,1,0,0,995,0,0,0,62433,1,2,0,4,2,1,2,1,1,1,1,4,0,0,2,1,0,0,1,0,1,6,87,1,1,1,1,C,13,0,0,0,0,0,0,0,0,0,0,998,998,0,0,0,1,10,999,999,999,9999999,999,0,14,2,0,1,1,0,0,0,998,9.8,998,998,998,99.8,99.8,99.8,175.317647355966,6,3
11930,76,15,1-76-2018-015-03,3,1,KMHCT4AE1EU7,17,55,36,2014,4,1,2,0,1,F,1,1180,5,0,1,1,1,89,1,8,9,998,8,7,9,12565,1,2,0,4,2,1,2,1,1,1,1,4,0,0,2,1,0,0,9,0,1,6,87,99,1,1,1,C,13,0,0,0,0,0,0,0,0,0,0,998,998,0,0,0,1,10,999,999,999,9999999,999,-15,14,2,0,1,1,0,4,0,998,9.8,998,998,998,99.8,99.8,99.8,528.93556076956,3,3
11931,48,21,1-48-2018-021-07,7,1,1YVHZ8BH7B5M,17,41,50,2011,4,1,4,0,1,F,1,1486,5,0,2,1,1,97,1,0,0,995,0,0,0,84337,1,2,0,4,3,1,2,1,1,1,1,2,0,0,5,1,0,0,1,0,1,6,87,4,1,1,1,C,13,0,0,0,0,0,0,0,0,0,0,998,998,0,1,0,1,10,999,999,999,9999999,999,-65,12,2,0,0,0,0,0,0,998,2.4,12,12,120,6.7,16.3,18.0,5310.99628174878,12,3
11932,54,19,1-54-2018-019-03,3,1,ML32F3FJXJHF,17,52,48,2018,4,1,2,0,1,F,2,975,5,0,1,1,1,105,1,0,0,995,0,0,0,35674,1,2,2,1,2,2,2,1,1,1,3,2,1,3,2,1,0,0,3,1,1,2,12,8,1,6,4,K,79,1,4,2,5,1,1,61,1,2,30,185,180,0,1,0,1,3,27,-25,-9,13454,998,-30,17,0,4,3,10,1,3,3,995,9.8,998,998,998,99.8,99.8,99.8,420.85225146369,9,3
11932,54,19,1-54-2018-019-03,3,2,1FTEW1EF3HKD,17,12,481,2017,34,5,31,0,1,L,1,2130,5,0,2,5,1,105,1,0,0,995,0,0,0,35653,1,2,2,4,2,1,2,1,2,1,1,3,2,3,2,1,2,2,1,0,10,4,60,9,1,1,4,K,78,0,0,0,0,0,0,0,0,0,0,180,185,0,1,0,1,3,14,12,7,36108,998,40,20,0,4,1,1,0,5,0,995,9.8,998,998,998,99.8,99.8,99.8,420.85225146369,9,3
11935,52,74,1-52-2018-074-03,3,1,1FTEW1EP1JKE,17,12,481,2018,34,5,31,0,1,L,1,2262,8,0,1,1,1,56,1,0,0,995,0,0,0,59222,9,9,2,4,2,1,2,2,1,1,0,0,0,0,3,8,2,2,9,0,10,2,16,2,1,1,4,K,78,0,0,0,0,0,0,0,0,0,0,185,270,0,0,0,1,1,8,-5,6,4445,998,120,6,0,4,99,99,0,99,0,995,9.8,998,998,998,99.8,99.8,99.8,113.793146521947,12,3
11935,52,74,1-52-2018-074-03,3,2,2G1WT57K9913,17,20,2,2009,4,1,4,0,1,F,1,1630,5,0,2,1,1,56,1,0,1,0,2,0,2,59222,1,2,2,4,4,1,2,2,1,1,0,3,0,0,3,8,0,0,3,0,1,4,65,1,1,1,4,K,79,0,0,0,0,0,0,0,0,0,0,270,185,0,0,0,1,1,10,-7,-6,13623,998,-100,11,0,4,2,5,0,4,0,995,9.8,998,998,998,99.8,99.8,99.8,113.793146521947,12,3
11937,32,145,1-32-2018-145-01,1,1,KL1TD5DE8AB1,17,20,39,2010,4,1,1,0,1,L,3,1170,5,0,1,1,1,113,1,0,1,0,3,0,2,75116,1,2,1,3,1,1,1,2,2,2,0,0,0,0,1,2,0,0,9,1,14,1,6,99,3,4,1,A,2,0,0,0,0,0,0,0,0,0,0,998,998,0,0,0,1,1,44,0,44,95026,998,19,44,0,1,6,75,1,1,0,998,2.2,78,78,106,22.2,3.1,23.1,199.049503412155,7,3
11938,32,146,1-32-2018-146-03,3,1,ML32A3HJ5JH0,17,52,48,2018,5,1,1,0,1,F,3,940,5,0,1,1,1,113,1,0,0,995,0,0,0,76119,2,2,0,2,5,2,2,1,1,9,3,3,0,0,3,1,0,0,9,0,1,3,50,99,1,1,2,D,20,0,0,0,0,0,0,0,0,0,0,80,80,0,0,0,1,3,67,-67,0,103439,998,0,51,0,4,9,97,0,8,0,995,9.8,998,998,998,99.8,99.8,99.8,2550.45308018249,7,3
11938,32,146,1-32-2018-146-03,3,2,2GCEC19K9S12,17,20,481,1995,34,5,31,0,1,B,2,1865,5,9999,9,0,0,113,1,0,0,995,0,0,0,75223,9,9,0,2,5,2,2,1,1,9,3,3,0,0,3,1,0,0,9,0,5,3,53,99,1,1,2,D,21,0,0,0,0,0,0,0,0,0,0,80,80,0,0,0,1,3,37,37,0,178448,998,0,50,0,4,95,95,95,95,0,995,9.8,998,998,998,99.8,99.8,99.8,2550.45308018249,7,3
11939,32,147,1-32-2018-147-02,2,1,1FMCU0GX3FUC,17,12,402,2015,14,3,14,0,1,F,1,1635,5,0,1,1,1,56,1,0,1,0,2,0,0,75230,1,2,2,1,4,4,1,1,1,1,1,0,0,0,1,8,1,2,1,1,11,2,12,1,1,4,1,B,6,0,0,0,0,0,0,0,0,0,0,998,998,0,0,0,1,1,17,-16,6,20821,998,31,17,0,4,1,1,0,3,0,998,0.0,120,27,78,1.0,0.7,1.0,108.472660004227,7,3
11939,32,147,1-32-2018-147-02,2,2,5NMZT3LB8JH0,17,55,401,2018,14,3,14,0,1,F,1,1569,5,0,1,1,1,56,1,0,0,995,0,0,0,75254,1,2,2,1,3,1,1,1,1,1,0,1,0,0,1,8,1,2,1,0,1,4,62,2,1,1,6,M,98,0,0,0,0,0,0,0,0,0,0,90,170,0,0,0,2,3,17,-17,-3,16777,998,-38,16,0,1,1,1,0,0,0,995,9.8,998,998,998,99.8,99.8,99.8,108.472660004227,7,3
11940,16,132,1-16-2018-132-06,6,1,3VWSE69M74M1,17,30,40,2004,4,1,1,0,1,R,2,1313,5,9999,9,0,1,64,1,0,0,995,0,0,0,45233,9,9,0,4,5,2,2,1,1,1,3,2,0,0,3,1,0,0,2,0,11,2,15,99,1,2,4,J,68,0,0,0,0,0,0,0,0,0,0,35,290,0,0,0,1,3,36,-18,-31,120250,998,57,45,0,4,0,0,0,0,0,995,9.8,998,998,998,99.8,99.8,99.8,717.560979305708,5,3
11940,16,132,1-16-2018-132-06,6,2,1N4AL2AP5BN4,17,35,47,2011,4,1,4,0,1,F,2,1437,5,0,1,1,1,64,1,0,0,995,0,0,0,45223,2,9,0,4,5,1,2,1,1,1,0,3,0,0,3,1,0,0,1,0,1,4,62,7,1,1,4,J,69,0,0,0,0,0,0,0,0,0,0,290,35,0,0,0,1,3,31,-29,11,45850,998,110,22,0,4,99,99,0,8,0,995,9.8,998,998,998,99.8,99.8,99.8,717.560979305708,5,3
11941,16,133,1-16-2018-133-04,4,1,1G1ZC5EU8CF3,17,20,37,2012,4,1,4,0,1,F,1,1551,5,0,1,1,1,105,1,0,0,995,0,0,0,45140,1,2,1,3,1,1,2,1,1,4,2,1,0,0,1,8,0,0,1,0,1,3,52,3,1,1,2,D,28,0,0,0,0,0,0,0,0,0,0,310,300,0,0,0,1,1,11,-11,-2,12059,998,25,14,0,1,0,0,0,0,0,995,9.8,998,998,998,99.8,99.8,99.8,1826.68687144968,5,3
11941,16,133,1-16-2018-133-04,4,2,2T1BURHE2FC2,17,49,32,2015,4,1,3,0,1,B,1,1265,5,0,1,1,1,105,1,0,0,995,0,0,0,45249,3,2,1,3,1,1,2,1,1,4,1,2,0,0,1,8,0,0,1,0,2,3,52,1,1,1,2,D,29,0,0,0,0,0,0,0,0,0,0,300,310,0,0,0,1,1,14,13,5,6369,998,-27,11,0,1,0,0,0,0,0,995,9.8,998,998,998,99.8,99.8,99.8,1826.68687144968,5,3
11942,16,134,1-16-2018-134-02,2,1,1HGCP2F37CA0,17,37,32,2012,4,1,4,0,1,F,2,1523,5,0,1,1,1,89,1,0,0,995,0,0,0,45211,2,2,1,2,3,3,2,1,1,1,1,2,0,0,1,1,0,0,1,1,1,2,11,1,1,1,2,F,48,0,0,0,0,0,0,0,0,0,0,998,998,0,0,0,3,1,29,-27,10,61331,998,72,29,0,1,1,2,0,4,0,998,2.5,999,999,999,0.0,0.0,0.0,20.9622359907078,5,3
11942,16,134,1-16-2018-134-02,2,2,1ZVHT80N9752,17,12,3,2007,2,1,3,0,1,R,1,1516,5,0,1,1,1,89,1,0,0,995,0,0,0,45122,1,2,1,3,3,1,2,1,1,1,1,2,0,0,1,1,0,0,1,0,1,3,51,4,1,1,2,F,48,0,0,0,0,0,0,0,0,0,0,998,998,0,0,0,2,1,6,-3,-5,2815,998,-62,6,0,4,1,1,0,4,0,998,1.8,999,999,999,0.0,0.0,0.0,20.9622359907078,5,3
11943,52,73,1-52-2018-073-03,3,1,3FA6P0G73FR2,17,12,23,2015,4,1,4,5,1,R,1,1554,5,0,1,1,1,56,1,0,0,995,0,0,0,59105,1,2,2,5,5,3,2,1,1,1,0,3,0,0,1,8,0,0,1,0,11,2,15,1,1,1,4,J,68,0,0,0,0,0,0,0,0,0,0,340,240,0,0,0,1,3,13,-2,-13,12769,998,23,14,0,4,0,0,0,0,0,995,9.8,998,998,998,99.8,99.8,99.8,113.793146521947,12,3
11943,52,73,1-52-2018-073-03,3,2,2GTEK19R1W15,17,23,481,1998,34,5,31,0,1,F,1,2168,5,9999,9,2,0,56,1,0,0,995,0,0,0,59105,9,9,2,5,5,1,2,1,1,1,4,4,0,0,1,8,0,0,9,0,1,4,62,99,1,1,4,J,69,0,0,0,0,0,0,0,0,0,0,240,340,0,0,0,1,3,10,-10,0,7937,998,16,10,0,4,95,95,95,95,0,995,9.8,998,998,998,99.8,99.8,99.8,113.793146521947,12,3