CASEID,PSU,CASENO,CASENUMBER,CATEGORY,VEHNO,VIN,VINLENGTH,MAKE,MODEL,MODELYR,BODYTYPE,BODYCAT,VEHCLASS,SPECUSE,TRANSTAT,DAMPLANE,DAMSEV,CURBWT,CURBSRC,CARGOWT,CARGOSRC,INSPTYPE,TOWSTAT,SPEEDLIMIT,DRPRESENT,PARALCOHOL,ALCTEST,ALCTESTRESULT,ALCTESTSRC,PARDRUG,DRUGTEST,ZIP,RACE,ETHNICITY,RELTOJUNCT,TRAFFLOW,RDLANES,INITLANE,SURFTYPE,SURFCOND,ALIGNMENT,PROFILE,LINERIGHT,LINELEFT,RUMBINIT,RUMBROAD,LIGHTCOND,WEATHER,TRAFDEV,TRAFFUNCT,DISTRACT,PREFHE,PREMOVE,CRITCAT,CRITEVENT,MANEUVER,PRESTAB,PRELOC,CRASHCAT,CRASHCONF,CRASHTYPE,ROLLTYPE,ROLLTURN,ROLLINTRPT,ROLLPREMAN,ROLLINITYP,ROLLINLOC,ROLLOBJ,ROLLTRIP,ROLLDIR,ROLLDIST,DVANGTHIS,DVANGOTH,TOWHITCH,TRAJDOC,TREEPOLE,DVEVENT,DVBASIS,DVTOTAL,DVLONG,DVLAT,DVENERGY,DVSPEED,DVMOMENT,DVBES,DVEST,DVCONF,VAIS,VISS,VINJURED,VTREAT,INITOBJCLASS,HEADANGLECAT,SHLDRWIDTH,STRKLENGTH,STRKWIDTH,STRKHEIGHT,EDGEDISTX,EDGEDISTY,EDGEDISTZ,CASEWGT,PSUSTRAT,VERSION
12010,59,78,1-59-2018-078-04,4,1,1C3CCCAB1GN1,17,6,18,2016,4,1,3,0,1,L,1,1575,5,0,1,5,1,64,1,0,0,995,0,0,0,47882,9,9,0,1,4,1,2,2,1,9,1,3,0,0,2,1,0,0,9,0,1,4,60,99,1,1,2,F,45,0,0,0,0,0,0,0,0,0,0,150,150,0,0,0,1,5,999,999,999,9999999,999,999,999,6,0,0,0,0,0,0,995,9.8,998,998,998,99.8,99.8,99.8,956.541097506535,6,3
12010,59,78,1-59-2018-078-04,4,2,3HSDJAPR6GN1,17,84,881,2016,66,8,67,0,1,R,9,,,,,,0,64,1,0,0,995,0,0,0,72714,9,9,0,1,4,2,2,2,1,9,3,0,0,0,2,1,0,0,9,1,15,2,11,99,1,2,2,F,46,,,,,,,,,,,,,,,,,,,,,,,,,,,95,95,95,95,,,9.8,998,998,998,99.8,99.8,99.8,956.541097506535,6,3
12011,59,79,1-59-2018-079-02,2,1,1G1LV1340NY1,17,20,19,1992,2,1,2,0,1,R,1,1191,5,0,1,1,1,48,1,0,0,995,0,0,0,47803,9,9,2,1,4,4,2,1,1,9,1,0,0,0,1,8,0,0,9,0,11,2,15,99,1,1,4,J,68,0,0,0,0,0,0,0,0,0,0,300,180,0,0,0,1,3,11,-8,-7,10429,998,-41,14,0,4,99,99,0,99,0,995,9.8,998,998,998,99.8,99.8,99.8,51.3567577406289,6,3
12011,59,79,1-59-2018-079-02,2,2,KL7CJLSB2FB2,17,20,406,2015,14,3,14,0,1,F,1,1382,5,0,1,5,1,48,1,0,0,995,0,0,0,47802,9,9,2,1,3,1,2,1,1,9,0,3,0,0,1,8,0,0,9,0,1,4,62,99,1,1,4,J,69,0,0,0,0,0,0,0,0,0,0,180,300,0,0,0,1,3,10,-9,3,1953,998,20,6,0,4,1,1,0,4,0,995,9.8,998,998,998,99.8,99.8,99.8,51.3567577406289,6,3
12012,59,80,1-59-2018-080-08,8,1,1FA6P8CF8G52,17,12,3,2016,2,1,3,0,1,R,1,1681,5,9999,9,0,0,64,1,0,0,995,0,0,0,47804,9,9,2,4,3,2,2,1,1,1,1,2,0,0,2,1,0,0,9,0,11,2,15,99,9,9,4,K,76,0,0,0,0,0,0,0,0,0,0,225,180,0,0,0,1,3,15,7,-13,21179,998,-34,18,0,4,95,95,95,95,0,995,9.8,998,998,998,99.8,99.8,99.8,194.293210758083,6,3
12012,59,80,1-59-2018-080-08,8,2,1FAFP52U9YG2,17,12,17,2000,4,1,3,0,1,F,1,1515,5,0,2,1,1,64,1,0,0,995,0,0,0,47885,1,2,2,1,4,2,2,1,1,1,3,1,0,0,2,1,0,0,1,0,1,4,65,2,1,1,4,K,77,0,0,0,0,0,0,0,0,0,0,180,225,0,0,0,1,3,15,-15,5,9129,998,32,12,0,4,1,1,0,4,0,995,9.8,998,998,998,99.8,99.8,99.8,194.293210758083,6,3
12014,31,63,1-31-2018-063-10,10,1,5TBBT44173S4,17,49,482,2003,34,5,31,0,1,F,1,2060,5,0,2,1,1,89,1,0,0,995,0,0,0,62934,1,2,0,4,2,1,2,1,1,1,1,2,0,0,2,1,0,0,1,0,1,6,87,1,1,1,1,C,13,0,0,0,0,0,0,0,0,0,0,998,998,0,0,0,1,10,999,999,999,9999999,999,6,14,2,0,0,0,0,0,0,998,9.8,998,998,998,99.8,99.8,99.8,7999.98239168312,6,3
12015,31,64,1-31-2018-064-07,7,1,3LNHL2GC7CR8,17,13,13,2012,4,1,3,0,1,F,1,1633,5,0,2,1,1,89,1,0,0,995,0,0,0,62979,1,2,0,4,2,1,2,1,1,1,1,4,0,0,2,1,0,0,1,0,1,6,87,1,1,1,1,C,13,0,0,0,0,0,0,0,0,0,0,998,998,0,0,0,1,10,999,999,999,9999999,999,1,13,2,0,0,0,0,0,0,998,9.8,998,998,998,99.8,99.8,99.8,1693.34649544896,6,3
12016,66,61,1-66-2018-061-10,10,1,2G1WL52J4111,17,20,20,2001,4,1,3,99,1,B,1,1497,5,9999,9,0,1,89,0,7,7,887,6,8,8,99998,8,8,0,4,2,1,2,1,1,2,1,2,0,0,1,1,0,0,0,8,0,8,98,0,0,0,2,D,32,0,0,0,0,0,0,0,0,0,0,315,315,0,0,0,1,3,21,21,0,35680,998,0,25,0,4,0,0,0,0,0,995,9.8,998,998,998,99.8,99.8,99.8,193.514799891217,6,3
12016,66,61,1-66-2018-061-10,10,2,1FM5K8AR0FGC,17,12,401,2015,14,3,14,5,1,F,1,2146,5,48,1,2,0,89,0,7,7,887,6,8,8,99998,9,9,0,4,2,1,2,1,1,2,1,2,0,0,1,1,0,0,0,8,0,8,98,0,0,0,2,D,32,0,0,0,0,0,0,0,0,0,0,315,315,0,0,0,1,3,15,-15,0,11872,998,66,11,0,4,95,95,95,95,0,995,9.8,998,998,998,99.8,99.8,99.8,193.514799891217,6,3
12017,29,84,1-29-2018-084-06,6,1,5NPET4AC6AH6,17,55,33,2010,4,1,3,0,1,F,1,1493,5,0,1,1,1,48,1,8,9,998,8,7,9,02703,9,9,2,4,4,2,2,3,1,1,3,2,0,0,3,9,0,0,9,0,11,2,15,99,1,1,4,J,68,0,0,0,0,0,0,0,0,0,0,10,225,0,0,0,1,3,24,-23,-8,40113,998,-41,25,0,4,2,4,0,4,0,995,9.8,998,998,998,99.8,99.8,99.8,251.508973904011,2,3
12017,29,84,1-29-2018-084-06,6,2,1N4AL3AP6HC1,17,35,47,2017,4,1,4,99,1,F,2,1453,5,9999,9,0,0,48,1,8,0,995,0,7,0,02703,9,9,2,4,4,1,2,3,1,1,1,3,0,0,3,9,0,0,9,0,1,4,62,2,1,1,4,J,69,0,0,0,0,0,0,0,0,0,0,225,10,0,0,0,1,3,26,-26,5,40113,998,38,26,0,4,95,95,95,95,0,995,9.8,998,998,998,99.8,99.8,99.8,251.508973904011,2,3
12018,29,85,1-29-2018-085-06,6,1,5FNYF4H27CB0,17,37,421,2012,15,3,15,0,1,F,2,2058,5,0,1,1,1,56,1,0,1,0,2,0,1,01902,7,1,2,2,2,1,2,1,1,4,1,3,0,0,3,1,1,2,3,1,10,2,10,2,1,4,1,B,6,0,0,0,0,0,0,0,0,0,0,998,998,0,0,0,5,1,31,-31,-5,83524,998,22,31,0,3,9,0,0,4,0,998,0.3,120,25,13,0.0,0.0,0.0,251.508973928696,2,3
12019,27,68,1-27-2018-068-04,4,1,3CZRU6H3XJM7,17,37,404,2018,14,3,14,0,1,F,2,1389,8,0,1,1,1,64,1,9,9,998,8,9,9,01245,1,2,3,4,2,1,2,3,3,1,1,1,0,0,1,8,0,0,1,1,14,1,5,3,2,1,2,E,34,0,0,0,0,0,0,0,0,0,0,245,300,0,0,0,1,3,25,-24,-9,40614,998,-55,25,0,4,0,0,0,0,0,995,9.8,998,998,998,99.8,99.8,99.8,475.592815146812,3,3
12019,27,68,1-27-2018-068-04,4,2,5TFUX4EN1BX0,17,49,472,2011,34,5,30,0,1,B,1,1794,5,0,1,4,0,64,1,9,9,998,8,9,9,01245,9,9,3,4,2,1,2,3,3,1,1,2,0,0,1,8,0,0,1,0,10,3,53,1,1,1,2,E,35,0,0,0,0,0,0,0,0,0,0,300,245,0,0,0,1,3,19,17,-10,51533,998,146,20,0,4,95,95,95,95,0,995,9.8,998,998,998,99.8,99.8,99.8,475.592815146812,3,3
12020,27,69,1-27-2018-069-03,3,1,5NPET46C09H4,17,55,33,2009,4,1,3,0,1,F,1,1476,5,9999,9,4,1,40,1,8,0,995,0,7,0,01230,1,2,2,4,3,2,2,1,3,1,1,2,0,0,1,1,1,2,3,0,1,3,50,2,1,1,2,D,20,0,0,0,0,0,0,0,0,0,0,110,110,0,0,0,1,12,999,999,999,9999999,999,999,999,6,0,1,1,0,4,0,995,9.8,998,998,998,99.8,99.8,99.8,129.871681603485,3,3
12020,27,69,1-27-2018-069-03,3,2,WAU3GAFR2EA0,17,32,52,2014,2,1,3,0,1,B,1,1820,5,0,1,3,1,40,1,8,0,995,0,7,0,01230,1,2,2,4,3,2,2,1,3,1,1,2,0,0,1,1,1,2,1,0,5,3,53,1,1,1,2,D,21,0,0,0,0,0,0,0,0,0,0,110,110,0,0,0,1,12,999,999,999,9999999,999,999,999,6,0,1,3,0,4,0,995,9.8,998,998,998,99.8,99.8,99.8,129.871681603485,3,3
12021,10,76,1-10-2018-076-01,1,1,1N4AL21E98C2,17,35,47,2008,4,1,4,0,1,L,3,1429,5,0,1,5,1,56,1,0,1,0,2,0,0,45417,2,2,0,4,2,1,2,1,1,1,0,2,0,0,3,8,0,0,1,1,1,1,6,99,2,4,1,B,7,0,0,0,0,0,0,0,0,0,0,998,998,0,1,1,3,11,999,999,999,9999999,999,999,999,8,0,6,75,1,1,0,998,0.0,110,8,6,0.0,0.0,0.0,30.1529001463205,4,3
12023,19,103,1-19-2018-103-08,8,1,1N4AL11D15C1,17,35,47,2005,4,1,4,0,1,F,2,1378,5,0,1,1,1,56,1,1,1,282,2,9,1,35954,2,2,0,4,3,2,2,2,2,2,3,2,0,0,3,2,0,0,9,1,14,1,6,99,4,4,1,B,7,0,0,0,0,0,0,0,0,0,0,998,998,0,0,0,1,1,25,-24,-9,45477,998,-66,25,0,4,5,35,1,3,0,998,0.0,120,8,67,1.6,1.9,2.3,993.113431141589,9,3
12023,19,103,1-19-2018-103-08,8,2,5FNYF28617B0,17,37,421,2007,15,3,15,0,1,F,1,2007,5,0,1,1,1,56,1,0,0,995,0,0,0,35987,1,2,0,4,3,1,2,2,3,4,1,2,0,0,3,2,0,0,1,0,14,4,62,2,1,1,6,M,98,0,0,0,0,0,0,0,0,0,0,165,275,0,0,0,2,1,14,-13,-2,38516,998,-39,21,0,4,0,0,0,0,0,995,9.8,998,998,998,99.8,99.8,99.8,993.113431141589,9,3
12024,17,131,1-17-2018-131-05,5,1,1B3LC56BX9N5,17,7,26,2009,4,1,3,0,1,F,2,1542,5,0,1,1,1,89,1,8,0,995,0,7,0,61264,1,2,2,4,2,1,2,1,1,1,1,4,0,0,1,1,0,0,3,0,1,3,50,4,1,1,2,D,20,0,0,0,0,0,0,0,0,0,0,320,320,0,0,0,1,3,31,-31,0,47011,998,-28,27,0,4,1,1,0,4,0,995,9.8,998,998,998,99.8,99.8,99.8,49.8202110566132,4,3
12024,17,131,1-17-2018-131-05,5,2,1GCSKSE32AZ1,17,20,481,2010,34,5,31,0,1,F,3,2408,5,9999,9,0,1,89,1,8,0,995,0,7,0,61233,1,2,2,4,2,1,2,1,1,1,1,4,0,0,1,1,0,0,1,0,5,3,53,1,1,1,2,D,22,0,0,0,0,0,0,0,0,0,0,320,130,0,0,0,2,3,49,-46,17,308757,998,86,51,0,4,1,2,0,6,0,995,9.8,998,998,998,99.8,99.8,99.8,49.8202110566132,4,3
12024,17,131,1-17-2018-131-05,5,3,5XYKWDA28CG2,17,63,402,2012,14,3,14,0,1,F,3,1837,5,0,1,1,1,89,1,9,1,0,2,7,1,61273,1,2,2,4,2,1,2,1,1,1,1,4,0,0,1,1,0,0,9,0,1,4,62,2,1,1,6,M,98,0,0,0,0,0,0,0,0,0,0,130,320,0,0,0,2,3,60,-59,10,276056,998,34,58,0,4,3,17,1,3,0,995,9.8,998,998,998,99.8,99.8,99.8,49.8202110566132,4,3
12025,17,132,1-17-2018-132-03,3,1,1G4GB5G33EF1,17,18,22,2014,4,1,4,0,1,F,2,1772,5,0,1,1,1,72,1,9,0,995,0,9,0,61361,1,2,2,1,6,4,2,1,1,1,1,2,0,0,3,1,1,2,1,0,11,2,15,1,1,1,4,J,68,0,0,0,0,0,0,0,0,0,0,210,90,0,0,0,1,12,999,999,999,9999999,999,999,999,7,0,1,1,0,4,0,995,9.8,998,998,998,99.8,99.8,99.8,412.234327985779,4,3
12025,17,132,1-17-2018-132-03,3,2,4T1BE30K15U9,17,49,40,2005,4,1,3,0,1,F,2,1455,5,0,1,1,1,72,1,9,0,995,0,9,0,61244,3,2,2,1,6,3,1,1,1,1,3,1,0,0,3,1,1,2,9,0,1,2,17,99,1,1,4,J,69,0,0,0,0,0,0,0,0,0,0,90,210,0,0,0,1,11,999,999,999,9999999,999,999,999,7,0,1,1,0,4,0,995,9.8,998,998,998,99.8,99.8,99.8,412.234327985779,4,3
12025,17,132,1-17-2018-132-03,3,3,1C3CDFBB2ED7,17,7,29,2014,4,1,3,0,1,L,1,1471,5,0,1,1,1,72,1,9,0,995,0,9,0,61264,1,2,2,1,4,1,1,1,2,1,0,1,0,0,3,1,1,2,1,0,10,4,78,9,1,1,6,M,98,0,0,0,0,0,0,0,0,0,0,50,130,0,0,0,3,3,6,-1,6,6141,998,-199,6,0,4,1,1,0,0,0,995,9.8,998,998,998,99.8,99.8,99.8,412.234327985779,4,3
12026,17,133,1-17-2018-133-03,3,1,3FADP4EJ3HM1,17,12,32,2017,4,1,1,0,1,F,1,1244,5,0,1,5,1,113,1,0,0,995,0,7,0,63673,1,2,0,1,2,1,2,1,1,1,1,3,2,3,4,1,0,0,3,0,1,3,51,1,1,1,2,D,24,0,0,0,0,0,0,0,0,0,0,90,90,0,0,0,1,5,999,999,999,9999999,999,999,999,2,0,1,1,0,0,0,995,9.8,998,998,998,99.8,99.8,99.8,412.234328005059,4,3
12026,17,133,1-17-2018-133-03,3,2,999999999999,99,99,890,9999,78,8,78,0,1,B,9,,,,,,0,113,1,9,0,995,0,7,0,99999,9,9,0,1,2,1,2,1,1,1,0,3,1,3,4,1,0,0,9,0,1,3,53,99,1,1,2,D,25,,,,,,,,,,,,,,,,,,,,,,,,,,,95,95,95,95,,,9.8,998,998,998,99.8,99.8,99.8,412.234328005059,4,3
12027,16,135,1-16-2018-135-04,4,1,2C3CCABG6EH3,17,6,51,2014,4,1,5,0,1,F,2,1797,5,0,1,1,1,72,1,0,0,995,0,0,0,47330,9,9,1,1,2,1,1,1,3,2,1,3,0,0,3,1,0,0,1,1,14,2,13,2,1,4,1,A,1,0,0,0,0,0,0,0,0,0,0,998,998,0,0,0,1,10,999,999,999,9999999,999,0,33,3,0,99,99,0,99,0,998,0.9,999,999,999,0.0,0.0,0.0,3068.66693725763,5,3
12028,16,136,1-16-2018-136-10,10,1,2CNDL73F8560,17,20,404,2005,14,3,14,0,1,F,1,1660,5,0,1,1,1,89,1,0,0,995,0,0,0,45238,1,2,1,3,2,2,2,2,3,1,1,2,0,0,1,2,0,0,1,1,14,1,6,1,4,4,1,B,7,1,1,1,1,6,4,54,3,1,14,998,998,0,0,0,1,1,18,-16,-9,27163,998,-64,18,0,2,1,1,0,0,3,998,1.7,999,999,999,0.0,0.0,0.0,21052.7797051232,5,3
12029,15,123,1-15-2018-123-07,7,1,2T1BU4EEXAC2,17,49,32,2010,4,1,2,0,1,F,1,1279,5,0,1,1,1,89,1,0,0,995,0,0,0,10010,3,2,0,2,4,2,2,1,1,9,3,3,0,0,1,1,0,0,3,0,1,3,52,1,1,1,2,D,28,0,0,0,0,0,0,0,0,0,0,105,105,0,0,0,1,3,14,-14,-2,9948,998,-36,13,0,4,0,0,0,0,0,995,9.8,998,998,998,99.8,99.8,99.8,5529.77130732279,1,3
12029,15,123,1-15-2018-123-07,7,2,5UXKR0C59JL0,17,34,421,2018,15,3,15,0,1,B,1,2173,5,9999,9,0,0,89,1,0,0,995,0,0,0,11797,9,9,0,2,4,2,2,1,1,9,3,3,0,0,1,1,0,0,9,0,2,3,53,99,1,1,2,D,29,0,0,0,0,0,0,0,0,0,0,105,105,0,0,0,1,3,9,8,1,7519,998,-45,9,0,4,95,95,95,95,0,995,9.8,998,998,998,99.8,99.8,99.8,5529.77130732279,1,3
12030,21,117,1-21-2018-117-01,1,1,WDBRF64J72F1,17,42,42,2002,4,1,3,0,1,F,2,1500,5,9999,9,1,1,113,1,0,0,995,0,0,0,90272,1,9,0,1,2,1,2,1,1,9,1,3,2,3,1,1,0,0,3,1,1,3,50,99,1,5,2,D,20,0,0,0,0,0,0,0,0,0,0,25,25,0,1,0,1,3,37,-37,0,83837,998,0,37,0,3,1,1,0,1,0,995,9.8,998,998,998,99.8,99.8,99.8,35.9364966777032,11,3
12030,21,117,1-21-2018-117-01,1,2,5TDKZ3DC7JS9,17,49,442,2018,20,4,20,0,2,B,9,2010,5,9999,9,0,,,,,,,,,,,,,,,,,,,,,,,,,,,,,,,,,,,,,,,,,,,,,,,,,,,,,,,,,,,,,,,,,,95,95,95,95,,,,,,,,,,35.9364966777032,11,3
12031,21,118,1-21-2018-118-02,2,1,1N4AL2AP7BC1,17,35,47,2011,4,1,4,0,1,R,2,1437,5,0,2,4,1,89,1,0,1,0,2,0,1,92376,9,1,0,4,2,1,2,1,3,9,1,2,0,0,1,1,0,0,9,1,6,1,6,7,9,2,3,I,64,0,0,0,0,0,0,0,0,0,0,20,285,0,0,0,2,12,999,999,999,9999999,999,999,999,3,0,2,8,0,3,0,995,9.8,998,998,998,99.8,99.8,99.8,22.0651289804351,11,3
12031,21,118,1-21-2018-118-02,2,2,1N6ED27T81C3,17,35,472,2001,34,5,30,0,1,L,1,1755,5,9999,9,4,0,89,1,0,0,995,0,0,0,92394,9,9,0,4,2,1,2,1,2,9,1,4,0,0,1,1,0,0,9,0,14,3,54,8,1,1,3,I,65,0,0,0,0,0,0,0,0,0,0,285,80,0,0,0,1,12,999,999,999,9999999,999,999,999,1,0,95,95,95,95,0,995,9.8,998,998,998,99.8,99.8,99.8,22.0651289804351,11,3
12031,21,118,1-21-2018-118-02,2,3,3N6CM0KN2HK7,17,35,446,2017,20,4,20,0,1,F,2,1479,5,9999,9,4,1,89,1,0,1,0,2,0,2,91767,1,9,0,4,2,1,2,1,2,9,1,4,0,0,1,1,0,0,9,1,14,4,62,8,1,4,6,M,98,0,0,0,0,0,0,0,0,0,0,285,20,0,0,0,2,12,999,999,999,9999999,999,999,999,3,0,3,22,1,3,0,995,9.8,998,998,998,99.8,99.8,99.8,22.0651289804351,11,3
12032,21,119,1-21-2018-119-03,3,1,JTHBK2623620,17,59,35,2006,4,1,3,0,1,F,9,1567,5,9999,9,4,0,105,1,0,0,995,0,0,0,92335,9,9,0,2,4,4,1,1,3,9,3,2,0,0,2,1,0,0,3,1,15,3,50,2,1,2,2,D,20,0,0,0,0,0,0,0,0,0,0,105,95,0,0,0,1,98,999,999,999,9999999,999,999,999,9,0,95,95,95,95,0,995,9.8,998,998,998,99.8,99.8,99.8,588.482827704226,11,3
12032,21,119,1-21-2018-119-03,3,2,JTDKN3DU0F18,17,49,46,2015,5,1,3,0,1,B,1,1380,5,0,2,4,1,105,1,0,0,995,0,0,0,92395,1,2,0,2,4,4,1,1,3,9,3,2,0,0,2,1,0,0,1,0,5,3,52,1,1,1,2,D,21,0,0,0,0,0,0,0,0,0,0,95,105,0,0,0,1,98,999,999,999,9999999,999,999,999,6,0,0,0,0,0,0,995,2.4,120,999,999,15.6,5.7,16.3,588.482827704226,11,3
12034,22,71,1-22-2018-071-08,8,1,1J4GW58N02C1,17,2,404,2002,14,3,14,0,1,L,3,1847,5,270,1,1,1,105,1,1,1,0,2,1,2,83501,1,2,0,1,3,2,1,1,3,1,1,3,2,3,1,8,0,0,9,1,14,2,13,99,1,4,1,A,1,1,6,1,2,1,4,61,1,1,24,997,997,0,1,0,2,6,999,999,999,9999999,999,999,999,8,0,3,14,2,3,3,997,2.7,3,6,57,14.2,2.1,14.0,86.8906787189178,12,3
12035,22,72,1-22-2018-072-09,9,1,1N4AL11D66N3,17,35,47,2006,4,1,4,0,1,R,1,1378,5,9999,9,2,0,48,1,0,0,995,0,0,0,83872,9,9,2,4,2,1,2,1,1,1,0,0,0,0,3,1,2,2,9,0,1,2,17,99,1,1,5,L,87,0,0,0,0,0,0,0,0,0,0,0,270,0,0,0,1,1,13,-8,-10,13196,998,167,10,0,1,95,95,95,95,0,995,9.8,998,998,998,99.8,99.8,99.8,467.328268364434,12,3
12035,22,72,1-22-2018-072-09,9,2,KMHHN65F74U1,17,55,37,2004,3,1,1,0,1,F,1,1333,5,0,2,1,1,48,1,0,0,995,0,0,0,83843,1,2,2,4,2,1,2,1,1,1,0,2,0,0,3,1,2,2,2,0,4,4,66,1,1,1,5,L,86,0,0,0,0,0,0,0,0,0,0,270,0,0,0,0,1,1,12,-9,8,18824,998,89,15,0,1,2,5,0,4,0,995,9.8,998,998,998,99.8,99.8,99.8,467.328268364434,12,3
12036,30,79,1-30-2018-079-03,3,1,3GKALMEX5JL2,17,23,402,2018,14,3,14,0,1,R,1,1509,5,0,1,1,1,72,1,0,1,0,2,0,0,85308,9,9,2,1,2,1,2,1,1,1,0,3,0,0,2,1,0,0,1,0,1,4,67,99,1,1,4,K,83,1,4,1,5,1,4,63,1,2,19,355,240,0,0,0,1,3,15,-9,-11,20108,998,75,16,0,4,3,14,1,3,3,995,0.0,999,15,14,0.0,0.0,0.0,1068.74097823118,10,3
12036,30,79,1-30-2018-079-03,3,2,5J6RM4H37FL0,17,37,402,2015,14,3,14,0,1,F,1,1586,5,0,2,0,1,64,1,0,0,995,0,0,0,85308,1,2,2,4,2,1,2,1,1,1,0,0,0,0,2,1,2,2,1,0,11,2,15,1,1,1,4,K,82,0,0,0,0,0,0,0,0,0,0,240,355,0,0,0,1,3,14,-13,2,10945,998,37,12,0,4,0,0,0,0,0,995,9.8,998,998,998,99.8,99.8,99.8,1068.74097823118,10,3
12037,18,68,1-18-2018-068-04,4,1,4T4BF1FK1FR5,17,49,40,2015,4,1,4,0,1,R,1,1467,5,46,2,1,1,48,1,0,0,995,0,0,0,60099,1,2,2,4,3,2,2,1,1,1,1,2,0,0,3,1,1,2,1,0,1,2,17,2,1,1,5,L,87,0,0,0,0,0,0,0,0,0,0,175,90,0,0,0,1,1,9,-5,-8,7280,998,-108,8,0,4,0,0,0,0,0,995,9.8,998,998,998,99.8,99.8,99.8,789.153015044807,6,3
12037,18,68,1-18-2018-068-04,4,2,19XFA16699E0,17,37,31,2009,4,1,3,0,1,F,1,1199,5,0,1,1,1,48,1,0,0,995,0,0,0,54703,1,2,2,4,3,2,2,1,1,1,3,2,0,0,3,1,0,0,1,0,1,4,66,1,1,1,5,L,86,0,0,0,0,0,0,0,0,0,0,90,175,0,0,0,1,1,12,-11,6,10062,998,49,13,0,4,1,1,0,0,0,995,9.8,998,998,998,99.8,99.8,99.8,789.153015044807,6,3
12038,20,116,1-20-2018-116-02,2,1,1GTG6DE39G12,17,23,472,2016,34,5,30,0,1,L,1,2032,5,0,1,2,0,89,1,0,0,995,0,0,0,93960,9,9,3,4,2,1,2,1,1,4,0,0,0,0,1,1,0,0,2,0,11,2,15,99,1,1,4,K,82,0,0,0,0,0,0,0,0,0,0,20,155,0,0,0,1,1,22,-14,17,47932,998,-123,20,0,1,95,95,95,95,0,995,0.3,120,110,60,3.6,1.7,4.0,81.7583035921336,11,3
12038,20,116,1-20-2018-116-02,2,2,1VWCA7A38JC0,17,30,46,2018,4,1,4,0,1,F,1,1689,8,0,1,1,1,89,1,0,1,0,2,0,0,93927,1,2,3,4,2,1,2,1,1,1,1,4,0,0,1,1,0,0,1,0,1,4,72,1,1,1,4,K,83,0,0,0,0,0,0,0,0,0,0,155,20,0,0,0,1,1,24,-24,0,53367,998,0,27,0,1,1,1,0,3,0,995,9.8,998,998,998,99.8,99.8,99.8,81.7583035921336,11,3
12039,25,75,1-25-2018-075-06,6,1,3FAHP07ZX9R2,17,12,23,2009,4,1,3,0,1,F,1,1429,5,0,1,3,1,48,1,0,0,995,0,0,0,04270,1,2,0,4,2,1,2,3,1,2,0,2,0,0,1,4,0,0,3,1,1,1,6,8,2,4,1,A,2,0,0,0,0,0,0,0,0,0,0,998,998,0,0,0,1,12,999,999,999,9999999,999,999,999,6,0,0,0,0,0,0,998,0.0,999,999,999,99.9,99.9,99.9,252.248028686747,2,3
12042,11,50,1-11-2018-050-03,3,1,1FTEW1EG1JKD,17,12,481,2018,34,5,31,0,1,F,3,2130,5,0,1,1,1,72,1,0,0,995,0,0,0,23803,9,9,0,4,4,2,2,1,1,1,3,1,0,0,2,1,0,0,1,0,1,3,52,1,1,1,2,D,28,0,0,0,0,0,0,0,0,0,0,185,175,0,0,0,1,1,42,-42,7,15126,998,1,13,0,4,99,99,0,0,0,995,9.8,998,998,998,99.8,99.8,99.8,1161.1175725622,8,3
12042,11,50,1-11-2018-050-03,3,2,1N4AL3AP6GC2,17,35,47,2016,4,1,4,0,1,B,3,1453,5,0,1,1,1,72,1,0,0,995,0,0,0,23225,9,9,0,4,4,2,2,1,1,1,1,3,0,0,2,1,0,0,1,0,2,3,53,7,1,1,2,D,29,0,0,0,0,0,0,0,0,0,0,175,185,0,0,0,1,1,62,62,0,364952,998,-15,79,0,4,9,97,0,0,0,995,9.8,998,998,998,99.8,99.8,99.8,1161.1175725622,8,3
12044,77,41,1-77-2018-041-10,10,1,WBA3C3C56EPV,17,34,34,2014,4,1,4,0,1,F,1,1565,5,0,1,2,0,56,1,0,0,995,0,0,0,08844,9,9,2,1,2,1,2,2,1,4,0,0,0,0,1,2,0,0,9,0,11,2,15,1,1,1,4,K,82,0,0,0,0,0,0,0,0,0,0,170,255,0,0,0,1,1,14,-11,9,12244,998,102,11,0,1,95,95,95,95,0,995,9.8,998,998,998,99.8,99.8,99.8,23936.8367783949,9,3
12044,77,41,1-77-2018-041-10,10,2,JF1SF63582G7,17,48,401,2002,14,3,14,0,1,R,1,1410,5,0,1,1,1,56,1,0,0,995,0,0,0,22903,1,2,2,1,1,1,2,2,2,4,1,0,0,0,1,2,0,0,9,0,14,4,72,2,1,1,4,K,83,0,0,0,0,0,0,0,0,0,0,255,170,0,0,0,1,1,14,-9,-11,17947,998,-28,17,0,1,0,0,0,0,0,995,9.8,998,998,998,99.8,99.8,99.8,23936.8367783949,9,3
12045,73,27,1-73-2018-027-10,10,1,1G2ZG58B9742,17,22,22,2007,4,1,4,0,1,F,1,1507,5,0,1,1,1,24,1,0,0,995,0,0,0,04976,1,2,0,4,2,1,2,3,3,4,0,0,0,0,1,4,0,0,1,1,14,2,13,3,2,4,1,A,2,0,0,0,0,0,0,0,0,0,0,998,998,0,0,1,1,1,15,-15,0,16944,998,69,15,0,4,0,0,0,0,0,998,0.0,21,19,87,9.0,3.1,9.9,719.82921523674,3,3