CASEID,PSU,CASENO,CASENUMBER,CATEGORY,VEHNO,VIN,VINLENGTH,MAKE,MODEL,MODELYR,BODYTYPE,BODYCAT,VEHCLASS,SPECUSE,TRANSTAT,DAMPLANE,DAMSEV,CURBWT,CURBSRC,CARGOWT,CARGOSRC,INSPTYPE,TOWSTAT,SPEEDLIMIT,DRPRESENT,PARALCOHOL,ALCTEST,ALCTESTRESULT,ALCTESTSRC,PARDRUG,DRUGTEST,ZIP,RACE,ETHNICITY,RELTOJUNCT,TRAFFLOW,RDLANES,INITLANE,SURFTYPE,SURFCOND,ALIGNMENT,PROFILE,LINERIGHT,LINELEFT,RUMBINIT,RUMBROAD,LIGHTCOND,WEATHER,TRAFDEV,TRAFFUNCT,DISTRACT,PREFHE,PREMOVE,CRITCAT,CRITEVENT,MANEUVER,PRESTAB,PRELOC,CRASHCAT,CRASHCONF,CRASHTYPE,ROLLTYPE,ROLLTURN,ROLLINTRPT,ROLLPREMAN,ROLLINITYP,ROLLINLOC,ROLLOBJ,ROLLTRIP,ROLLDIR,ROLLDIST,DVANGTHIS,DVANGOTH,TOWHITCH,TRAJDOC,TREEPOLE,DVEVENT,DVBASIS,DVTOTAL,DVLONG,DVLAT,DVENERGY,DVSPEED,DVMOMENT,DVBES,DVEST,DVCONF,VAIS,VISS,VINJURED,VTREAT,INITOBJCLASS,HEADANGLECAT,SHLDRWIDTH,STRKLENGTH,STRKWIDTH,STRKHEIGHT,EDGEDISTX,EDGEDISTY,EDGEDISTZ,CASEWGT,PSUSTRAT,VERSION
12046,12,71,1-12-2018-071-01,1,1,1GNSCBE03CR1,17,20,421,2012,15,3,15,0,1,F,3,2388,5,91,1,1,1,56,1,9,1,190,3,0,1,77521,9,1,0,4,4,1,2,1,3,1,0,3,0,0,3,1,0,0,9,1,14,2,13,99,9,4,1,A,1,0,0,0,0,0,0,0,0,0,0,998,998,0,0,0,2,1,53,-53,0,274351,998,0,52,0,4,3,14,1,1,0,998,0.0,120,11,120,12.3,1.1,12.5,435.645478650336,9,3
12047,12,72,1-12-2018-072-09,9,1,KNAFE1225855,17,63,33,2008,4,1,2,0,1,R,2,1348,5,0,1,1,1,56,1,0,0,995,0,0,0,73463,1,2,2,4,5,3,1,1,1,4,1,2,0,0,1,1,1,2,1,0,11,2,15,1,1,1,4,J,68,0,0,0,0,0,0,0,0,0,0,230,105,0,0,0,1,1,29,-25,-15,19636,998,29,18,0,1,1,1,0,4,0,995,9.8,998,998,998,99.8,99.8,99.8,3410.48591035157,9,3
12047,12,72,1-12-2018-072-09,9,2,2GCEK19K8S12,17,20,481,1995,34,5,30,0,1,F,1,2127,5,0,1,1,1,56,1,0,0,995,0,0,0,73401,1,2,2,4,5,2,1,1,1,4,1,1,0,0,1,1,1,2,1,0,1,4,62,2,1,1,4,J,69,0,0,0,0,0,0,0,0,0,0,105,230,0,0,0,1,1,19,-17,6,75806,998,99,25,0,1,1,1,0,4,0,995,9.8,998,998,998,99.8,99.8,99.8,3410.48591035157,9,3
12048,23,129,1-23-2018-129-04,4,1,2C4RC1BG8DR6,17,6,441,2013,20,4,20,0,1,F,1,2115,5,0,1,1,1,89,1,0,0,995,0,0,0,43074,9,9,2,4,2,1,2,1,1,1,1,2,0,0,1,8,0,0,3,0,1,3,50,3,1,1,2,D,20,0,0,0,0,0,0,0,0,0,0,175,180,0,0,0,1,1,24,-24,-4,28420,998,0,18,0,2,0,0,0,4,0,995,9.8,998,998,998,99.8,99.8,99.8,605.396670708061,5,3
12048,23,129,1-23-2018-129-04,4,2,2C4RVABG2ER1,17,30,443,2014,20,4,20,0,1,B,2,2039,5,0,1,1,1,89,1,0,0,995,0,0,0,43074,9,9,2,4,2,1,2,1,1,1,1,2,0,0,1,8,0,0,1,0,5,3,53,1,1,1,2,D,21,0,0,0,0,0,0,0,0,0,0,180,175,0,0,0,1,1,25,25,0,76789,998,42,29,0,1,0,0,0,0,0,995,9.8,998,998,998,99.8,99.8,99.8,605.396670708061,5,3
12049,23,130,1-23-2018-130-08,8,1,5FNRL5H60CB0,17,37,441,2012,20,4,20,0,1,F,9,2047,5,9999,9,0,0,89,1,0,0,995,0,0,0,43021,9,9,0,4,2,1,2,2,1,1,1,4,0,0,3,2,0,0,1,0,1,6,87,99,1,1,1,C,13,0,0,0,0,0,0,0,0,0,0,998,998,0,0,0,1,0,999,999,999,9999999,999,999,999,9,0,95,95,95,95,0,998,9.8,998,998,998,99.8,99.8,99.8,112.165839032403,5,3
12049,23,130,1-23-2018-130-08,8,2,1HGCM56386A0,17,37,32,2006,4,1,3,0,1,T,2,1440,5,0,1,1,1,89,1,0,0,995,0,0,0,43021,9,9,0,4,2,1,2,2,1,1,1,4,0,0,3,2,0,0,1,0,1,6,87,99,1,1,6,M,98,0,0,0,0,0,0,0,0,0,0,998,998,0,0,0,2,7,999,999,999,9999999,999,999,999,7,0,9,97,0,8,0,998,0.8,999,999,999,16.4,12.1,20.2,112.165839032403,5,3
12050,23,131,1-23-2018-131-06,6,1,1GCEK19JX7Z5,17,20,481,2007,34,5,30,0,1,F,1,2290,5,0,1,1,1,89,1,0,0,995,0,0,0,43334,9,9,0,4,2,1,2,1,1,1,1,4,0,0,2,8,0,0,3,0,1,3,52,2,1,1,2,D,28,0,0,0,0,0,0,0,0,0,0,0,0,0,0,0,1,1,23,-23,0,46915,998,0,23,0,4,99,99,0,5,0,995,9.8,998,998,998,99.8,99.8,99.8,263.8737461213,5,3
12050,23,131,1-23-2018-131-06,6,2,5N1AR2MM3DC6,17,35,401,2013,14,3,14,0,1,B,2,2044,5,0,1,1,1,89,1,0,0,995,0,0,0,43015,1,2,0,4,2,1,2,1,1,1,1,4,0,0,2,8,0,0,1,0,2,3,53,99,1,1,2,D,29,0,0,0,0,0,0,0,0,0,0,0,0,0,0,0,1,1,25,25,0,52168,998,0,25,0,4,1,2,0,4,0,995,9.8,998,998,998,99.8,99.8,99.8,263.8737461213,5,3
12053,28,70,1-28-2018-070-04,4,1,JF2SHADC5CH4,17,48,401,2012,14,3,14,0,1,F,1,1500,5,0,1,2,0,89,1,9,0,995,0,9,0,14727,9,9,0,4,2,1,2,1,1,1,1,2,1,0,1,1,0,0,9,1,98,1,8,99,4,4,6,M,98,0,0,0,0,0,0,0,0,0,0,998,998,0,0,0,3,8,999,999,999,9999999,999,999,999,6,0,95,95,95,95,0,998,0.8,120,43,72,6.8,0.8,6.9,696.424774316502,3,3
12053,28,70,1-28-2018-070-04,4,2,2C3CDXKT3GH2,17,7,24,2016,4,1,5,5,1,F,2,2051,8,184,8,1,1,89,1,0,0,995,0,0,0,16950,1,2,0,4,2,1,2,1,1,1,1,2,1,0,1,1,0,0,1,1,98,1,8,1,2,4,1,A,2,0,0,0,0,0,0,0,0,0,0,998,998,0,0,0,1,11,999,999,999,9999999,999,999,999,7,0,0,0,0,0,0,998,0.0,999,26,60,0.0,0.0,0.0,696.424774316502,3,3
12054,48,22,1-48-2018-022-02,2,1,1C4PJMDS0FW6,17,2,404,2015,14,3,14,0,1,F,2,1788,5,0,2,1,1,121,1,0,0,995,0,0,0,84301,1,2,0,2,3,1,1,1,1,1,1,3,2,3,1,1,0,0,3,1,1,2,13,1,1,4,1,A,1,1,6,1,2,1,4,61,1,1,23,998,998,0,1,2,2,10,999,999,999,9999999,999,-23,29,3,0,3,19,1,3,3,998,9.7,8,6,70,17.1,1.9,17.4,90.5530035524016,12,3
12055,32,151,1-32-2018-151-01,1,1,2C3CCABG1EH3,17,6,51,2014,4,1,5,0,1,L,3,1797,5,0,1,1,1,97,1,0,1,0,3,0,2,75215,2,2,1,2,5,1,1,1,3,9,1,3,0,0,1,1,0,0,9,1,16,2,13,3,9,4,1,A,1,1,3,1,5,4,4,49,4,1,20,996,996,0,0,1,3,7,999,999,999,9999999,999,999,999,8,0,6,75,1,1,3,996,3.7,999,999,999,45.0,10.5,46.0,68.9843135248396,7,3
12056,32,152,1-32-2018-152-04,4,1,1GC1KVEG7FF5,17,20,481,2015,34,5,31,0,1,R,1,2918,2,0,1,1,1,56,1,0,0,995,0,0,0,75150,1,1,2,4,2,1,2,1,1,1,0,2,0,0,1,1,2,2,9,1,1,2,13,1,9,4,1,A,1,1,1,2,2,1,4,48,1,1,3,997,997,0,0,0,2,6,999,999,999,9999999,999,999,999,6,0,0,0,0,0,3,997,0.0,120,28,40,3.9,1.0,3.9,2815.46610745497,7,3
12057,32,153,1-32-2018-153-04,4,1,1G1RD6E46FU1,17,20,26,2015,5,1,3,0,1,F,2,1715,5,0,1,1,1,113,1,0,0,995,0,0,0,75454,1,2,0,2,3,1,1,1,1,1,3,1,0,0,1,1,0,0,1,0,15,3,50,2,1,2,2,D,20,0,0,0,0,0,0,0,0,0,0,225,225,0,0,0,1,5,999,999,999,9999999,999,999,999,7,0,0,0,0,0,0,995,9.8,998,998,998,99.8,99.8,99.8,2815.46610761147,7,3
12057,32,153,1-32-2018-153-04,4,2,3AKJGEDV6HDH,17,82,881,2017,66,8,67,0,1,B,9,,,,,,0,113,1,0,0,995,0,0,1,76131,9,9,1,2,3,2,1,1,1,1,3,3,0,0,1,1,0,0,9,0,5,3,53,1,1,1,2,D,21,,,,,,,,,,,,,,,,,,,,,,,,,,,95,95,95,95,,,9.8,998,998,998,99.8,99.8,99.8,2815.46610761147,7,3
12059,52,78,1-52-2018-078-07,7,1,JHLRE4H76BC0,17,37,402,2011,14,3,14,0,1,L,1,1604,5,0,2,1,1,24,1,0,0,995,0,0,0,59101,1,2,4,2,2,1,2,1,3,1,3,3,0,0,1,1,0,0,1,1,11,2,15,1,1,3,4,J,72,0,0,0,0,0,0,0,0,0,0,320,340,0,0,0,1,3,5,-5,1,3034,998,-68,6,0,4,0,0,0,0,0,995,9.8,998,998,998,99.8,99.8,99.8,396.381374588992,12,3
12059,52,78,1-52-2018-078-07,7,2,1GNDT13W4Y21,17,20,401,2000,14,3,14,0,1,R,1,1871,5,0,1,2,0,24,1,0,0,995,0,0,0,59101,9,9,2,1,2,2,2,1,3,1,3,2,0,0,1,1,0,0,9,0,1,4,61,99,1,1,4,J,73,0,0,0,0,0,0,0,0,0,0,340,320,0,0,0,1,3,5,4,-2,1292,998,-96,3,0,4,95,95,95,95,0,995,9.8,998,998,998,99.8,99.8,99.8,396.381374588992,12,3
12060,76,17,1-76-2018-017-04,4,1,1G11A5SL1EF2,17,20,37,2014,4,1,3,0,1,F,1,1620,5,0,1,1,1,89,1,8,9,998,8,7,9,13846,1,2,0,4,2,1,2,3,1,1,0,2,0,0,1,4,0,0,9,1,1,1,5,2,2,4,1,A,2,0,0,0,0,0,0,0,0,0,0,998,998,0,0,1,1,1,14,-12,-7,13286,998,-43,14,0,4,0,0,0,0,0,998,0.0,30,30,35,9.7,4.4,10.5,668.347166180453,3,3
12061,54,21,1-54-2018-021-08,8,1,1FTRW07L73KD,17,12,481,2003,34,5,31,0,1,F,3,2107,5,0,2,1,1,105,1,0,0,995,0,0,0,35630,1,2,0,1,2,1,2,2,1,1,1,3,2,3,1,2,0,0,1,1,1,2,13,8,1,4,1,A,1,0,0,0,0,0,0,0,0,0,0,998,998,0,0,0,1,1,45,-45,0,168625,998,0,45,0,1,1,3,0,3,0,998,3.0,120,120,120,32.9,4.7,33.7,383.649637298053,9,3
12062,14,58,1-14-2018-058-04,4,1,3N1CN7AP8JL8,17,35,50,2018,4,1,2,0,1,F,1,1114,5,0,1,1,1,80,1,0,0,995,0,0,0,78133,1,1,0,4,2,1,2,1,2,1,1,2,0,0,3,8,0,0,1,0,14,6,87,99,1,1,1,C,13,0,0,0,0,0,0,0,0,0,0,998,998,0,0,0,1,10,999,999,999,9999999,999,-7,16,2,0,0,0,0,0,0,998,9.8,998,998,998,99.8,99.8,99.8,3411.94025411586,8,3
12063,14,59,1-14-2018-059-03,3,1,1FBSS3BL2DDA,17,12,461,2013,21,4,21,3,1,F,1,2683,5,0,2,1,1,48,1,0,0,995,0,0,0,78130,1,2,0,4,2,1,2,1,1,1,0,0,0,0,1,1,0,0,9,0,1,3,50,99,1,1,3,G,52,0,0,0,0,0,0,0,0,0,0,320,140,0,0,0,1,3,12,-11,-4,24043,998,-46,14,0,4,1,1,0,4,0,995,9.8,998,998,998,99.8,99.8,99.8,1023.94381710265,8,3
12063,14,59,1-14-2018-059-03,3,2,1G4HP52K65U2,17,18,2,2005,4,1,4,0,1,F,1,1618,5,0,1,4,0,48,0,7,7,887,6,8,8,99998,9,9,0,4,2,1,2,1,1,1,0,0,0,0,1,1,0,0,0,8,0,3,53,0,0,0,3,G,52,0,0,0,0,0,0,0,0,0,0,140,320,0,0,0,1,3,23,-21,-8,32843,998,-74,21,0,4,95,95,95,95,0,995,9.8,998,998,998,99.8,99.8,99.8,1023.94381710265,8,3
12064,52,79,1-52-2018-079-03,3,1,JT4RN62D3G00,17,49,401,1986,14,3,14,0,1,F,1,1547,5,113,2,1,1,56,1,0,0,995,0,0,0,59101,1,1,2,4,5,3,2,2,1,1,1,2,0,0,1,10,1,2,1,0,11,2,15,2,1,1,4,K,82,0,0,0,0,0,0,0,0,0,0,70,160,0,0,0,1,1,20,-19,7,37823,998,45,22,0,4,1,1,0,0,0,995,9.8,998,998,998,99.8,99.8,99.8,75.558221979394,12,3
12064,52,79,1-52-2018-079-03,3,2,3C4PDDBG3FT5,17,7,27,2015,6,1,4,0,1,R,1,1926,5,0,1,1,1,56,1,0,0,995,0,0,0,59079,1,2,2,4,5,2,2,2,1,1,1,1,0,0,1,10,1,2,9,0,1,4,67,7,1,1,4,K,83,0,0,0,0,0,0,0,0,0,0,160,70,0,0,0,1,1,17,-6,-16,16418,998,-35,14,0,4,1,1,0,0,0,995,9.8,998,998,998,99.8,99.8,99.8,75.558221979394,12,3
12065,27,70,1-27-2018-070-06,6,1,1HGCR3F81DA0,17,37,32,2013,4,1,4,0,1,F,2,1615,5,0,1,1,1,48,1,0,0,995,0,0,0,01201,1,2,0,4,2,1,2,1,1,1,1,2,0,0,1,8,0,0,3,0,1,3,50,7,1,1,2,D,20,0,0,0,0,0,0,0,0,0,0,100,100,0,0,0,1,11,999,999,999,9999999,999,999,999,7,0,2,5,0,1,0,995,3.7,22,22,90,21.2,0.6,21.2,145.336048978006,3,3
12065,27,70,1-27-2018-070-06,6,2,2G1WF55K8191,17,20,2,2001,4,1,4,0,1,B,2,1552,5,9999,9,4,1,48,1,0,0,995,0,0,0,01201,1,2,0,4,2,1,2,1,1,1,1,2,0,0,1,8,0,0,1,0,5,3,53,99,1,1,2,D,21,0,0,0,0,0,0,0,0,0,0,100,100,0,0,0,1,11,999,999,999,9999999,999,999,999,7,0,1,2,0,4,0,995,9.8,998,998,998,99.8,99.8,99.8,145.336048978006,3,3
12065,27,70,1-27-2018-070-06,6,3,JTHCF1D24F50,17,59,35,2015,4,1,4,0,1,B,9,1655,5,0,1,6,0,48,1,0,0,995,0,0,0,01201,9,9,0,4,2,1,2,1,1,1,1,2,0,0,1,8,0,0,1,0,5,3,53,99,1,1,6,M,98,0,0,0,0,0,0,0,0,0,0,100,100,0,0,0,2,11,999,999,999,9999999,999,999,999,9,0,95,95,95,95,0,995,9.8,998,998,998,99.8,99.8,99.8,145.336048978006,3,3
12065,27,70,1-27-2018-070-06,6,4,5FNRL18594B0,17,37,441,2004,20,4,20,0,1,B,1,1955,5,0,1,2,0,48,1,0,0,995,0,0,0,01267,9,9,0,4,2,1,2,1,1,1,1,2,0,0,1,8,0,0,1,0,5,3,53,99,1,1,6,M,98,0,0,0,0,0,0,0,0,0,0,105,105,0,0,0,4,3,11,11,0,9838,998,-67,10,0,4,95,95,95,95,0,995,9.8,998,998,998,99.8,99.8,99.8,145.336048978006,3,3
12066,24,99,1-24-2018-099-03,3,1,1HGCR3F87DA0,17,37,32,2013,4,1,4,0,1,L,1,1615,5,0,1,1,1,48,1,0,0,995,0,0,0,08205,1,1,2,2,2,1,2,1,1,1,1,2,0,0,1,1,2,2,1,0,3,2,17,3,1,1,5,L,89,0,0,0,0,0,0,0,0,0,0,250,340,0,0,0,1,1,19,-3,19,19826,998,33,17,0,1,0,0,0,0,0,995,9.8,998,998,998,99.8,99.8,99.8,480.637195145273,1,3
12066,24,99,1-24-2018-099-03,3,2,3KPFL4A78JE1,17,63,38,2018,4,1,3,0,1,F,1,1295,8,0,1,1,1,72,1,0,0,995,0,0,0,08527,1,2,2,4,2,1,2,1,1,1,0,2,0,0,1,1,0,0,1,0,1,4,66,1,1,1,5,L,88,0,0,0,0,0,0,0,0,0,0,340,250,0,0,0,1,1,24,-23,-4,36584,998,-36,25,0,1,1,1,0,4,0,995,9.8,998,998,998,99.8,99.8,99.8,480.637195145273,1,3
12067,24,100,1-24-2018-100-06,6,1,19XFB2F82DE2,17,37,31,2013,4,1,3,0,1,R,2,1250,8,0,1,1,1,80,1,0,0,995,0,0,0,08317,1,2,0,4,2,1,2,4,1,1,1,4,0,0,1,10,0,0,1,1,1,2,13,4,4,4,1,A,2,0,0,0,0,0,0,0,0,0,0,998,998,0,0,7,1,10,999,999,999,9999999,999,999,999,7,0,0,0,0,0,0,998,1.0,30,30,999,5.0,1.0,5.0,562.944973591199,1,3
12068,66,62,1-66-2018-062-03,3,1,3TMCZ5ANXHM1,17,49,472,2017,34,5,30,0,1,F,1,1984,5,0,1,1,1,105,1,0,1,0,2,7,0,64836,1,2,0,4,2,1,2,2,1,1,1,2,0,0,1,2,0,0,1,1,1,3,54,4,2,4,1,A,3,1,4,1,2,6,4,44,3,1,13,998,998,0,1,0,1,11,999,999,999,9999999,999,999,999,6,0,3,22,1,3,3,998,4.0,120,11,120,23.2,13.9,27.1,246.782155417001,6,3
12069,16,137,1-16-2018-137-07,7,1,1GCWGFCA6B11,17,20,470,2011,22,4,28,0,1,F,1,2537,5,91,1,1,1,48,1,0,0,995,0,0,0,45244,1,2,2,5,2,1,2,1,1,1,1,2,0,0,3,8,0,0,1,0,1,6,87,1,1,1,1,C,13,0,0,0,0,0,0,0,0,0,0,998,998,0,0,0,1,10,999,999,999,9999999,999,-30,14,2,0,0,0,0,0,0,998,9.8,998,998,998,99.8,99.8,99.8,806.598858881938,5,3
12070,16,138,1-16-2018-138-06,6,1,1J4NF1GB6BD1,17,2,407,2011,14,3,14,0,1,L,1,1410,5,0,1,1,1,40,1,0,0,995,0,0,0,45209,9,9,2,4,4,2,2,1,1,1,3,2,0,0,1,8,0,0,1,1,1,2,15,1,1,1,5,L,87,1,1,2,5,7,1,2,2,2,2,997,997,0,0,0,2,6,999,999,999,9999999,999,999,999,6,0,0,0,0,5,1,997,9.8,998,998,998,99.8,99.8,99.8,236.131622671324,5,3
12070,16,138,1-16-2018-138-06,6,2,JH4CL96854C0,17,54,39,2004,4,1,3,0,1,F,1,1465,5,0,1,1,1,40,1,0,0,995,0,0,0,45069,1,2,2,4,4,1,2,1,1,1,0,3,0,0,1,8,0,0,1,0,1,3,55,2,1,1,5,L,86,0,0,0,0,0,0,0,0,0,0,150,230,0,0,0,1,1,23,-22,4,61299,998,65,29,0,1,0,0,0,5,0,995,9.8,998,998,998,99.8,99.8,99.8,236.131622671324,5,3
12071,16,139,1-16-2018-139-02,2,1,1GKKNULS7HZ2,17,23,423,2017,15,3,15,0,1,F,2,1998,5,0,1,1,1,105,1,0,0,995,0,0,0,45246,1,2,0,2,4,1,2,1,1,9,1,3,2,3,1,8,0,0,1,0,1,4,60,7,1,1,2,F,45,0,0,0,0,0,0,0,0,0,0,998,998,0,0,0,3,1,29,-29,5,69186,998,15,29,0,1,1,1,0,4,0,998,3.5,999,999,999,0.0,0.0,0.0,36.8506544964151,5,3
12071,16,139,1-16-2018-139-02,2,2,1FMCU94156KA,17,12,402,2006,14,3,14,0,1,R,1,1571,5,0,1,1,1,105,1,0,0,995,0,0,0,45011,1,2,0,2,4,2,2,1,1,9,3,3,0,3,1,8,0,0,1,1,15,2,11,4,1,2,2,F,46,0,0,0,0,0,0,0,0,0,0,130,110,0,0,0,1,1,13,-8,-10,4843,998,-61,8,0,1,0,0,0,0,0,995,3.4,999,999,999,0.0,0.0,0.0,36.8506544964151,5,3
12074,59,81,1-59-2018-081-04,4,1,1C4PJLCB9FW6,17,2,404,2015,14,3,14,0,1,R,1,1669,5,0,2,1,1,48,1,0,0,995,0,0,0,47804,1,2,2,5,6,4,2,1,1,1,1,0,0,0,1,1,1,2,1,0,11,2,15,1,1,2,4,J,68,0,0,0,0,0,0,0,0,0,0,280,180,0,0,0,1,5,999,999,999,9999999,999,999,10,2,0,0,0,0,0,0,995,9.8,998,998,998,99.8,99.8,99.8,916.012817433459,6,3
12074,59,81,1-59-2018-081-04,4,2,1GDJG31U4512,17,23,461,2005,28,4,28,99,1,F,9,9999,9,9999,9,0,0,48,1,0,0,995,0,0,0,47874,9,9,2,5,6,2,2,1,1,1,1,1,0,0,1,1,1,2,9,0,1,4,62,99,1,1,4,J,69,0,0,0,0,0,0,0,0,0,0,180,280,0,0,0,1,0,999,999,999,9999999,999,999,999,9,0,95,95,95,95,0,995,9.8,998,998,998,99.8,99.8,99.8,916.012817433459,6,3
12075,59,82,1-59-2018-082-08,8,1,2C3AA53G45H1,17,6,51,2005,4,1,5,0,1,F,3,1710,5,0,1,5,1,48,1,1,1,120,1,0,0,47803,9,9,0,4,2,1,2,1,1,1,0,0,0,0,2,8,0,0,9,1,1,2,13,99,1,4,1,A,1,0,0,0,0,0,0,0,0,0,0,998,998,0,0,1,1,1,65,-65,0,302049,998,11,64,0,1,1,1,0,4,0,998,0.1,58,58,62,10.2,0.3,10.1,186.061081806773,6,3
12076,19,104,1-19-2018-104-08,8,1,JT3AC11RXM00,17,49,441,1991,20,4,20,0,1,F,2,1572,5,0,1,1,1,80,1,0,1,0,2,9,1,35973,1,2,0,1,2,1,2,1,2,1,1,3,0,0,3,1,0,0,9,1,14,2,13,99,9,4,1,A,1,1,8,2,2,1,4,61,1,1,31,998,998,0,1,7,1,11,999,999,999,9999999,999,999,999,7,0,3,14,1,3,3,998,0.7,999,999,999,40.0,5.8,41.0,214.820085213362,9,3
12077,19,105,1-19-2018-105-06,6,1,1G2ZG57B4941,17,22,22,2009,4,1,4,0,1,L,1,1507,5,0,1,1,1,40,1,9,0,995,0,9,0,35901,1,2,2,4,2,1,2,1,1,1,0,0,0,0,1,1,2,2,9,0,11,2,15,1,1,1,4,K,82,0,0,0,0,0,0,0,0,0,0,335,60,0,1,0,1,1,13,-4,12,14098,998,133,11,0,1,99,99,0,8,0,995,9.8,998,998,998,99.8,99.8,99.8,339.868808027278,9,3
12077,19,105,1-19-2018-105-06,6,2,KNAGN4A73B50,17,63,34,2011,4,1,4,0,1,F,1,1454,5,0,1,1,1,72,1,0,0,995,0,0,0,35905,1,2,2,1,3,2,2,1,2,1,3,3,0,0,1,1,0,0,1,0,14,4,67,1,1,1,4,K,83,0,0,0,0,0,0,0,0,0,0,60,335,0,1,0,1,1,14,-13,-5,17661,998,-44,16,0,1,2,5,0,4,0,995,9.8,998,998,998,99.8,99.8,99.8,339.868808027278,9,3
12079,15,125,1-15-2018-125-03,3,1,1N4BA41E45C8,17,35,39,2005,4,1,4,0,1,F,1,1571,5,0,1,4,1,48,1,0,0,995,0,0,0,11553,1,1,2,4,2,1,2,1,1,1,0,2,0,0,3,1,1,2,1,0,11,2,15,1,1,1,4,K,82,0,0,0,0,0,0,0,0,0,0,130,255,0,0,0,1,3,12,-11,6,13396,998,103,12,0,4,1,2,0,4,0,995,9.8,998,998,998,99.8,99.8,99.8,353.0282574892,1,3
12079,15,125,1-15-2018-125-03,3,2,2GNALCEK8G11,17,20,404,2016,14,3,14,0,1,F,1,1706,5,0,1,1,1,64,1,0,0,995,0,0,0,11554,9,9,2,4,4,1,2,1,1,1,1,1,0,0,3,1,1,2,9,0,1,4,67,99,1,1,4,K,83,0,0,0,0,0,0,0,0,0,0,255,130,0,0,0,1,3,12,-11,-4,11798,998,-28,13,0,4,99,99,0,8,0,995,9.8,998,998,998,99.8,99.8,99.8,353.0282574892,1,3
12080,29,86,1-29-2018-086-03,3,1,2T1BURHE9GC7,17,49,32,2016,4,1,3,0,1,B,1,1265,5,0,1,2,0,64,1,0,0,995,0,0,0,02860,9,9,2,4,2,1,2,1,1,1,1,2,0,0,1,8,0,0,1,0,5,3,52,1,1,1,6,M,98,0,0,0,0,0,0,0,0,0,0,40,35,0,0,0,2,1,15,15,3,5388,998,-9,10,0,1,95,95,95,95,0,995,9.8,998,998,998,99.8,99.8,99.8,154.760543046221,2,3
12080,29,86,1-29-2018-086-03,3,2,1C4PJMCS3FW5,17,2,404,2015,14,3,14,0,1,B,1,1669,5,0,1,1,1,64,1,0,0,995,0,0,0,02703,9,9,2,4,2,1,2,1,1,1,1,2,0,0,1,8,0,0,1,0,5,3,53,1,1,1,2,D,21,0,0,0,0,0,0,0,0,0,0,40,40,0,0,0,1,1,12,12,0,5883,998,0,10,0,1,0,0,0,4,0,995,9.8,998,998,998,99.8,99.8,99.8,154.760543046221,2,3
12080,29,86,1-29-2018-086-03,3,3,1C4HJXFG7JW1,17,2,403,2018,14,3,14,0,1,F,1,1969,5,0,1,2,0,64,1,0,0,995,0,0,0,02703,9,9,2,4,2,1,2,1,1,1,1,2,0,0,1,8,0,0,9,0,1,3,50,99,1,1,2,D,20,0,0,0,0,0,0,0,0,0,0,40,40,0,0,0,1,1,11,-11,0,12640,998,5,13,0,1,95,95,95,95,0,995,9.8,998,998,998,99.8,99.8,99.8,154.760543046221,2,3
12081,29,87,1-29-2018-087-07,7,1,2G1WG5E35C11,17,20,2,2012,4,1,4,1,1,F,1,1658,5,0,1,1,1,48,1,0,0,995,0,0,0,02745,7,2,0,4,2,1,2,1,2,1,0,2,0,0,3,1,0,0,3,1,14,2,13,99,1,4,1,A,1,0,0,0,0,0,0,0,0,0,0,998,998,0,0,0,3,1,13,-12,-2,10631,998,16,12,0,4,0,0,0,0,0,998,0.0,78,15,13,0.0,0.0,0.0,682.085851988878,2,3
12082,33,89,1-33-2018-089-01,1,1,4TAVN73F9SZ0,17,49,472,1995,34,5,30,0,1,F,1,1544,5,0,1,1,1,105,1,9,1,0,4,1,2,95973,1,2,0,4,2,1,2,1,1,1,1,2,2,3,2,1,0,0,9,1,1,2,13,99,1,4,1,A,1,0,0,0,0,0,0,0,0,0,0,998,998,0,1,7,1,10,999,999,999,9999999,999,34,24,2,0,4,17,1,1,0,998,2.8,999,999,999,34.0,4.0,34.1,43.9613018556608,12,3
12084,26,137,1-26-2018-137-02,2,1,JTMRF4DV6B50,17,49,402,2011,14,3,14,0,1,F,3,1613,5,9999,9,4,1,80,1,0,0,995,0,0,2,95660,1,9,2,4,2,1,2,1,1,1,1,2,0,0,3,1,0,0,9,1,1,2,10,99,1,2,3,I,64,0,0,0,0,0,0,0,0,0,0,180,10,0,0,0,2,3,56,-56,0,200050,998,0,55,0,4,3,10,1,3,0,995,9.8,998,998,998,99.8,99.8,99.8,23.7381053223445,10,3
12084,26,137,1-26-2018-137-02,2,2,YV1SW61R7120,17,51,43,2001,6,1,3,0,1,L,9,1528,5,9999,9,0,1,80,1,9,0,995,0,9,0,99999,9,9,2,4,3,2,2,1,1,2,3,2,0,0,3,1,0,0,9,0,1,4,62,99,1,1,3,I,65,0,0,0,0,0,0,0,0,0,0,10,180,0,0,0,1,0,999,999,999,9999999,999,999,999,9,0,99,99,0,99,0,995,9.8,998,998,998,99.8,99.8,99.8,23.7381053223445,10,3