CASEID,PSU,CASENO,CASENUMBER,CATEGORY,VEHNO,VIN,VINLENGTH,MAKE,MODEL,MODELYR,BODYTYPE,BODYCAT,VEHCLASS,SPECUSE,TRANSTAT,DAMPLANE,DAMSEV,CURBWT,CURBSRC,CARGOWT,CARGOSRC,INSPTYPE,TOWSTAT,SPEEDLIMIT,DRPRESENT,PARALCOHOL,ALCTEST,ALCTESTRESULT,ALCTESTSRC,PARDRUG,DRUGTEST,ZIP,RACE,ETHNICITY,RELTOJUNCT,TRAFFLOW,RDLANES,INITLANE,SURFTYPE,SURFCOND,ALIGNMENT,PROFILE,LINERIGHT,LINELEFT,RUMBINIT,RUMBROAD,LIGHTCOND,WEATHER,TRAFDEV,TRAFFUNCT,DISTRACT,PREFHE,PREMOVE,CRITCAT,CRITEVENT,MANEUVER,PRESTAB,PRELOC,CRASHCAT,CRASHCONF,CRASHTYPE,ROLLTYPE,ROLLTURN,ROLLINTRPT,ROLLPREMAN,ROLLINITYP,ROLLINLOC,ROLLOBJ,ROLLTRIP,ROLLDIR,ROLLDIST,DVANGTHIS,DVANGOTH,TOWHITCH,TRAJDOC,TREEPOLE,DVEVENT,DVBASIS,DVTOTAL,DVLONG,DVLAT,DVENERGY,DVSPEED,DVMOMENT,DVBES,DVEST,DVCONF,VAIS,VISS,VINJURED,VTREAT,INITOBJCLASS,HEADANGLECAT,SHLDRWIDTH,STRKLENGTH,STRKWIDTH,STRKHEIGHT,EDGEDISTX,EDGEDISTY,EDGEDISTZ,CASEWGT,PSUSTRAT,VERSION
12122,23,133,1-23-2018-133-04,4,2,1C4HJWEGXFL5,17,2,403,2015,14,3,14,0,1,B,9,1994,5,9999,9,0,0,72,1,0,0,995,0,0,0,43035,9,9,0,4,2,1,2,1,1,2,1,2,0,0,1,1,0,0,1,0,5,3,53,99,1,1,2,D,21,0,0,0,0,0,0,0,0,0,0,275,285,0,0,0,1,0,999,999,999,9999999,999,999,999,9,0,95,95,95,95,0,995,9.8,998,998,998,99.8,99.8,99.8,663.680280375642,5,3
12122,23,133,1-23-2018-133-04,4,3,2T3YFREV6EW0,17,49,402,2014,14,3,14,0,1,F,1,1560,5,9999,9,4,1,72,1,0,0,995,0,0,0,43065,9,9,0,4,2,1,2,1,1,2,1,2,0,0,1,1,0,0,9,0,1,3,50,99,1,1,2,D,20,0,0,0,0,0,0,0,0,0,0,285,275,0,0,0,1,12,999,999,999,9999999,999,999,999,2,0,0,0,0,0,0,995,9.8,998,998,998,99.8,99.8,99.8,663.680280375642,5,3
12123,54,22,1-54-2018-022-02,2,1,1GTEC19TXYZ2,17,23,481,2000,34,5,31,0,1,F,2,1932,5,0,1,1,1,16,1,0,0,995,0,0,0,35581,1,2,2,4,2,1,2,2,1,2,1,2,0,0,2,2,2,2,2,0,11,2,15,2,1,1,4,K,82,0,0,0,0,0,0,0,0,0,0,135,235,0,0,0,1,3,29,-22,18,70909,998,164,21,0,4,0,0,0,0,0,995,9.8,998,998,998,99.8,99.8,99.8,150.575933306736,9,3
12123,54,22,1-54-2018-022-02,2,2,1N4BL3AP3EN2,17,35,47,2014,4,1,4,0,1,R,2,1524,5,0,1,1,1,105,1,0,0,995,0,0,0,35593,1,2,2,1,3,1,2,2,1,1,1,3,2,2,2,2,0,0,1,0,1,4,67,1,1,1,4,K,83,0,0,0,0,0,0,0,0,0,0,235,135,0,0,0,1,3,36,-27,-23,167696,998,90,43,0,4,1,1,0,4,0,995,9.8,998,998,998,99.8,99.8,99.8,150.575933306736,9,3
12124,32,154,1-32-2018-154-03,3,1,1C6RR7GT7HS5,17,7,482,2017,34,5,31,0,1,F,9,9999,9,9999,9,0,1,113,1,0,0,995,0,0,0,38555,1,2,1,2,4,1,1,1,1,1,1,3,0,0,2,1,0,0,9,0,1,3,52,2,1,1,2,D,28,0,0,0,0,0,0,0,0,0,0,270,270,0,0,0,1,0,999,999,999,9999999,999,999,999,9,0,0,0,0,0,0,995,9.8,998,998,998,99.8,99.8,99.8,2718.55594127074,7,3
12124,32,154,1-32-2018-154-03,3,2,1ZVFT80N9551,17,12,3,2005,2,1,3,0,1,B,2,1497,5,9999,9,4,1,113,1,8,0,995,0,0,0,76001,1,1,1,2,4,1,1,1,1,1,1,3,0,0,2,1,0,0,9,0,2,3,53,1,1,1,2,D,29,0,0,0,0,0,0,0,0,0,0,270,270,0,0,0,1,9,999,999,999,9999999,999,999,999,7,0,0,0,0,0,0,995,9.8,998,998,998,99.8,99.8,99.8,2718.55594127074,7,3
12124,32,154,1-32-2018-154-03,3,3,2G11Y5SL8E92,17,20,2,2014,4,1,4,0,1,B,1,1670,5,0,1,3,1,113,1,0,0,995,0,0,0,75241,2,2,1,2,4,1,1,1,1,1,1,3,0,0,2,1,0,0,1,0,2,3,53,1,1,1,6,M,98,0,0,0,0,0,0,0,0,0,0,270,270,0,0,0,2,12,999,999,999,9999999,999,999,999,2,0,1,1,0,6,0,995,9.8,998,998,998,99.8,99.8,99.8,2718.55594127074,7,3
12125,32,155,1-32-2018-155-02,2,1,1C4BJWEG8FL7,17,2,403,2015,14,3,14,0,1,L,2,1994,5,0,1,1,1,56,1,0,0,995,0,0,0,71109,2,2,0,1,2,1,2,1,3,2,0,3,0,0,2,1,0,0,3,1,14,2,13,1,1,4,1,A,1,0,0,0,0,0,0,0,0,0,0,998,998,0,0,0,3,10,999,999,999,9999999,999,999,999,7,0,1,1,0,4,0,998,0.0,999,999,999,6.1,1.5,6.4,115.62219927339,7,3
12126,66,63,1-66-2018-063-01,1,1,1NKDXPTX5EJ4,17,85,881,2014,63,8,60,99,1,F,9,,,,,,1,97,1,0,0,995,0,7,0,65605,9,9,0,4,2,1,2,1,3,1,1,2,2,3,2,8,0,0,9,0,14,3,54,99,9,1,3,G,52,,,,,,,,,,,,,,,,,,,,,,,,,,,95,95,95,95,,,9.8,998,998,998,99.8,99.8,99.8,212.836136686825,6,3
12126,66,63,1-66-2018-063-01,1,2,1GNCT18W9VK1,17,20,401,1997,14,3,14,0,1,F,1,1806,5,0,1,1,1,97,1,9,0,995,0,7,0,65712,1,2,0,4,2,1,2,1,2,1,1,2,2,3,2,8,0,0,9,1,14,2,10,99,1,2,3,G,52,0,0,0,0,0,0,0,0,0,0,95,285,0,1,0,1,5,999,999,999,9999999,999,999,24,2,0,5,59,1,1,0,995,9.8,998,998,998,99.8,99.8,99.8,212.836136686825,6,3
12127,28,71,1-28-2018-071-04,4,1,1GNDV23188D1,17,20,444,2008,20,4,20,0,1,R,1,1939,5,0,1,1,1,56,1,0,0,995,0,0,0,16936,1,2,2,4,2,1,2,1,1,1,0,0,0,0,1,1,2,2,3,0,1,2,17,1,1,1,5,L,87,0,0,0,0,0,0,0,0,0,0,310,230,0,0,0,1,1,10,-5,-9,7799,998,-129,8,0,1,1,1,0,4,0,995,9.8,998,998,998,99.8,99.8,99.8,2966.0894928079,3,3
12127,28,71,1-28-2018-071-04,4,2,3GCUKREC7HG1,17,20,481,2017,34,5,31,0,1,F,1,2394,5,0,1,1,1,56,1,0,0,995,0,0,0,16901,1,2,2,4,2,1,2,1,1,1,0,0,0,0,1,1,0,0,1,0,1,4,66,1,1,1,5,L,86,0,0,0,0,0,0,0,0,0,0,230,310,0,0,0,1,1,8,-6,5,16182,998,122,10,0,1,1,1,0,4,0,995,9.8,998,998,998,99.8,99.8,99.8,2966.0894928079,3,3
12128,59,83,1-59-2018-083-02,2,1,1G11C5SL1FF1,17,20,37,2015,4,1,3,0,1,F,2,1625,5,0,1,1,1,48,1,0,1,0,2,0,1,47842,9,9,2,4,2,1,2,1,1,1,0,1,0,0,3,1,1,2,9,0,1,2,17,9,1,1,5,L,88,0,0,0,0,0,0,0,0,0,0,355,275,0,0,0,1,3,33,-28,-16,132325,998,-95,37,0,4,2,5,0,3,0,995,0.1,999,999,999,99.9,99.9,99.9,53.1508152396407,6,3
12128,59,83,1-59-2018-083-02,2,2,1FAFP53U25A3,17,12,17,2005,4,1,3,0,1,L,2,1500,5,0,1,1,1,48,1,0,0,995,0,0,0,47802,9,9,2,3,2,1,2,1,1,1,0,1,0,0,3,1,1,2,9,0,1,2,17,99,1,1,5,L,89,0,0,0,0,0,0,0,0,0,0,275,355,0,0,0,1,3,35,-12,33,57348,998,62,28,0,4,0,0,0,0,0,995,9.8,998,998,998,99.8,99.8,99.8,53.1508152396407,6,3
12128,59,83,1-59-2018-083-02,2,3,1N4DL01D21C1,17,35,47,2001,4,1,2,0,1,F,1,1300,5,9999,9,0,0,48,1,0,0,995,0,0,0,46580,9,9,2,4,2,1,2,1,1,1,0,2,0,0,3,1,1,2,9,0,5,3,52,99,1,1,6,M,98,0,0,0,0,0,0,0,0,0,0,190,330,0,0,0,3,3,16,-15,6,13988,998,67,15,0,4,95,95,95,95,0,995,9.8,998,998,998,99.8,99.8,99.8,53.1508152396407,6,3
12129,59,84,1-59-2018-084-08,8,1,1FTRW07W51KB,17,12,481,2001,34,5,31,0,1,T,1,2106,5,0,2,1,1,89,1,0,0,995,0,0,0,47850,1,2,0,4,2,1,2,5,1,1,1,2,0,0,1,98,0,0,1,1,1,2,13,4,9,4,1,A,2,1,5,9,2,4,4,48,4,1,21,997,997,0,0,0,2,6,999,999,999,9999999,999,999,999,6,0,1,1,0,4,3,997,1.7,999,999,999,3.6,0.4,3.7,1111.91569847705,6,3
12130,14,60,1-14-2018-060-04,4,1,1C4RJEAGXHC8,17,2,422,2017,15,3,15,0,1,F,1,2336,5,0,1,2,0,48,1,0,0,995,0,0,0,78130,9,9,2,4,2,1,2,1,1,1,0,0,0,0,1,1,2,2,3,0,1,2,17,1,1,1,5,L,86,0,0,0,0,0,0,0,0,0,0,210,300,0,0,0,1,3,14,-13,2,11872,998,40,11,0,4,95,95,95,95,0,995,9.8,998,998,998,99.8,99.8,99.8,4943.86429092228,8,3
12130,14,60,1-14-2018-060-04,4,2,1GNSCAKC0GR1,17,20,421,2016,15,3,15,0,1,R,1,2408,5,9999,9,3,1,48,1,0,0,995,0,0,0,78130,1,2,2,4,2,1,2,1,1,1,0,0,0,0,1,1,2,2,1,0,1,2,17,1,1,1,5,L,87,0,0,0,0,0,0,0,0,0,0,300,210,0,0,0,1,3,13,-2,-13,21883,998,25,15,0,4,0,0,0,0,0,995,9.8,998,998,998,99.8,99.8,99.8,4943.86429092228,8,3
12131,14,61,1-14-2018-061-04,4,1,1C4BJWEG8DL5,17,2,403,2013,14,3,14,0,1,F,2,1839,5,0,1,2,0,89,1,0,0,995,0,0,0,78260,9,9,3,4,2,1,2,1,1,1,1,2,0,0,1,8,0,0,9,0,1,3,52,99,1,1,2,D,28,0,0,0,0,0,0,0,0,0,0,280,280,0,0,0,1,1,25,-25,0,18680,998,-9,16,0,1,95,95,95,95,0,995,9.8,998,998,998,99.8,99.8,99.8,4943.86429092228,8,3
12131,14,61,1-14-2018-061-04,4,2,2C4RDGCG3FR6,17,7,442,2015,20,4,20,0,1,B,1,2050,5,0,1,1,1,89,1,0,0,995,0,0,0,78132,1,9,3,4,2,1,2,1,1,1,1,2,0,0,1,8,0,0,9,0,2,3,53,2,1,1,2,D,29,0,0,0,0,0,0,0,0,0,0,280,280,0,0,0,1,1,21,21,0,60967,998,-3,27,0,4,0,0,0,0,0,995,9.8,998,998,998,99.8,99.8,99.8,4943.86429092228,8,3
12132,52,80,1-52-2018-080-06,6,1,1GCNKPEX0BZ4,17,20,481,2011,34,5,31,0,1,B,1,2155,5,0,1,1,1,40,1,9,0,995,0,9,0,99999,9,9,0,4,2,1,2,1,1,1,0,0,0,0,3,1,0,0,9,1,13,2,13,11,9,4,6,M,92,0,0,0,0,0,0,0,0,0,0,998,998,0,0,0,1,10,999,999,999,9999999,999,999,999,6,0,99,99,0,99,0,998,0.0,119,5,60,2.0,1.4,2.5,62.099260348062,12,3
12133,52,81,1-52-2018-081-08,8,1,1FTZR15V0XTA,17,12,471,1999,34,5,30,0,1,F,1,1664,5,0,1,1,1,56,1,0,1,0,2,1,9,59101,1,2,0,4,4,1,2,1,1,1,0,3,0,0,3,1,0,0,3,1,1,2,13,99,1,4,1,A,1,0,0,0,0,0,0,0,0,0,0,998,998,0,0,7,1,10,999,999,999,9999999,999,48,14,2,0,1,2,0,4,0,998,0.0,25,25,110,16.0,0.5,16.0,39.2509347271043,12,3
12134,52,82,1-52-2018-082-09,9,1,1N4AL21E07C2,17,35,47,2007,4,1,4,0,1,L,1,1429,5,0,1,1,1,80,1,0,0,995,0,0,0,59044,1,2,2,4,2,1,2,4,1,1,1,2,0,0,1,4,0,0,9,0,1,1,6,4,3,1,2,F,48,0,0,0,0,0,0,0,0,0,0,70,50,0,0,0,1,3,11,-8,7,9211,998,-57,12,0,4,0,0,0,4,0,995,9.8,998,998,998,99.8,99.8,99.8,246.857444745046,12,3
12134,52,82,1-52-2018-082-09,9,2,5TEWN72NX2Z1,17,49,472,2002,34,5,30,0,1,B,1,1594,5,9999,9,0,0,80,1,0,0,995,0,0,0,59044,9,9,2,1,2,1,2,4,1,1,1,2,0,0,1,4,0,0,9,0,5,3,53,99,1,1,2,F,48,0,0,0,0,0,0,0,0,0,0,50,70,0,0,0,1,3,10,9,-3,6689,998,99,9,0,4,95,95,95,95,0,995,9.8,998,998,998,99.8,99.8,99.8,246.857444745046,12,3
12135,76,18,1-76-2018-018-05,5,1,JN8AS5MV6DW1,17,35,51,2013,6,1,3,0,1,T,1,1574,5,0,1,1,1,89,1,8,9,998,8,7,9,14424,1,2,0,4,2,1,2,3,3,4,1,2,0,0,1,4,5,2,9,1,14,1,6,3,3,4,1,A,2,1,4,2,2,1,4,61,1,2,14,997,997,0,0,0,1,6,999,999,999,9999999,999,999,999,6,0,1,1,0,4,3,997,9.8,998,998,998,99.8,99.8,99.8,165.142589341786,3,3
12136,12,73,1-12-2018-073-03,3,1,5N1AL0MM0EC5,17,58,403,2014,14,3,14,0,1,F,1,2024,5,0,1,1,1,113,1,0,0,995,0,0,0,75206,1,2,0,2,2,2,2,1,1,1,3,2,1,3,1,1,0,0,3,0,1,3,51,1,1,1,2,D,24,0,0,0,0,0,0,0,0,0,0,355,355,0,0,0,1,5,999,999,999,9999999,999,999,11,2,0,1,1,0,0,0,995,9.8,998,998,998,99.8,99.8,99.8,1707.37197730704,9,3
12136,12,73,1-12-2018-073-03,3,2,1XP5D09X77D6,17,87,884,2007,66,8,68,0,1,B,9,,,,,,0,113,1,0,0,995,0,0,0,73401,9,9,0,1,2,1,2,1,1,1,3,1,2,3,1,1,0,0,1,1,15,3,53,1,1,1,2,D,25,,,,,,,,,,,,,,,,,,,,,,,,,,,95,95,95,95,,,9.8,998,998,998,99.8,99.8,99.8,1707.37197730704,9,3
12137,12,74,1-12-2018-074-02,2,1,1GNALCEK8EZ1,17,20,404,2014,14,3,14,0,1,F,3,1706,5,0,1,1,1,56,1,1,1,309,2,0,0,73120,2,2,2,4,3,2,2,2,1,1,1,2,0,0,3,1,2,2,9,0,1,2,14,2,1,1,1,C,14,0,0,0,0,0,0,0,0,0,0,998,998,0,0,1,5,1,85,-84,15,510396,998,-25,85,0,4,3,27,1,3,0,998,0.0,3,3,120,8.3,0.0,8.3,264.649475704765,9,3
12138,25,78,1-25-2018-078-03,3,1,2FMDK4JC5DBE,17,12,24,2013,6,1,4,0,1,R,1,1993,5,0,1,1,1,40,1,8,0,995,0,7,0,04015,1,2,2,4,2,1,2,1,1,1,0,0,0,0,2,1,2,2,9,0,1,2,17,99,1,1,5,L,87,0,0,0,0,0,0,0,0,0,0,65,345,0,0,0,1,1,18,-6,-17,15427,998,-98,11,0,4,1,1,0,4,0,995,0.9,7,7,45,3.4,4.0,5.3,298.738739952287,2,3
12138,25,78,1-25-2018-078-03,3,2,1C4RJFAG7EC1,17,2,422,2014,15,3,15,0,1,F,1,2121,5,0,1,1,1,56,1,8,0,995,0,7,0,04039,1,2,2,4,2,1,2,1,1,1,2,1,0,0,2,1,0,0,1,0,1,4,66,1,1,1,5,L,86,0,0,0,0,0,0,0,0,0,0,345,65,0,0,0,1,1,17,-15,9,57168,998,81,23,0,4,1,2,0,4,0,995,9.8,998,998,998,99.8,99.8,99.8,298.738739952287,2,3
12139,27,71,1-27-2018-071-04,4,1,5NPEC4AC6DH6,17,55,33,2013,4,1,4,0,1,B,1,1475,5,0,1,1,1,72,1,8,9,998,8,7,9,01220,1,2,3,4,4,2,2,1,1,1,3,2,0,0,3,8,0,0,1,0,5,3,53,6,1,1,2,D,22,0,0,0,0,0,0,0,0,0,0,20,35,0,0,0,1,1,13,13,0,10106,998,-52,12,0,4,1,1,0,6,0,995,9.8,998,998,998,99.8,99.8,99.8,568.133966847527,3,3
12139,27,71,1-27-2018-071-04,4,2,5N1AT2MV7EC8,17,35,51,2014,6,1,3,0,1,F,1,1639,5,0,1,1,1,72,1,8,9,998,8,7,9,01247,1,2,3,4,4,2,2,1,1,1,3,2,0,0,3,8,0,0,1,0,1,3,50,4,1,1,2,D,20,0,0,0,0,0,0,0,0,0,0,35,20,0,0,0,1,1,12,-12,2,12887,998,-22,13,0,4,1,1,0,0,0,995,9.8,998,998,998,99.8,99.8,99.8,568.133966847527,3,3
12140,10,77,1-10-2018-077-03,3,1,JNKDA31A74T2,17,58,36,2004,4,1,3,0,1,F,2,1523,5,0,1,1,1,40,1,0,0,995,0,0,0,45406,2,2,2,3,1,1,2,2,1,1,0,0,0,0,1,2,5,2,1,0,1,2,17,99,1,1,5,L,88,0,0,0,0,0,0,0,0,0,0,270,190,0,0,0,1,1,27,-24,-14,115306,998,-98,36,0,1,1,1,0,0,0,995,9.8,998,998,998,99.8,99.8,99.8,292.554587571982,4,3
12140,10,77,1-10-2018-077-03,3,2,1N4AL3AP4HC2,17,35,47,2017,4,1,4,0,1,L,2,1453,5,0,1,1,1,40,1,0,0,995,0,0,0,45405,2,2,2,4,2,1,2,2,1,1,0,0,0,0,1,2,0,0,1,0,1,4,66,8,1,1,5,L,89,0,0,0,0,0,0,0,0,0,0,190,270,0,1,0,1,1,28,-10,27,31024,998,-119,18,0,1,1,2,0,4,0,995,0.0,999,999,999,5.1,7.5,9.1,292.554587571982,4,3
12141,73,28,1-73-2018-028-07,7,1,1J4NF2GB1AD6,17,2,407,2010,14,3,14,0,1,F,3,1474,5,0,1,1,1,89,1,0,0,995,0,0,0,04463,1,2,0,4,2,1,2,1,1,1,1,2,0,0,2,1,0,0,1,0,1,6,87,2,1,1,1,C,13,0,0,0,0,0,0,0,0,0,0,998,998,0,0,0,1,10,999,999,999,9999999,999,-26,43,4,0,0,0,0,0,0,998,9.8,998,998,998,99.8,99.8,99.8,286.094232014315,3,3
12142,16,140,1-16-2018-140-05,5,1,3GNCA13B49S6,17,20,23,2009,6,1,2,0,1,F,2,1431,5,9999,9,0,0,56,1,0,0,995,0,0,0,99999,9,9,2,4,2,1,2,1,1,1,0,2,0,0,2,1,0,0,1,0,1,3,52,99,1,1,2,D,28,0,0,0,0,0,0,0,0,0,0,180,180,0,0,0,1,3,30,-30,0,38933,998,0,27,0,4,95,95,95,95,0,995,9.8,998,998,998,99.8,99.8,99.8,110.981338209979,5,3
12142,16,140,1-16-2018-140-05,5,2,3FAHP0JG6AR1,17,12,23,2010,4,1,3,0,1,B,2,1563,5,0,1,1,1,56,1,0,0,995,0,0,0,45150,1,9,2,4,2,1,2,1,1,1,0,2,0,0,2,1,0,0,1,0,2,3,53,99,1,1,2,D,29,0,0,0,0,0,0,0,0,0,0,180,180,0,0,0,1,3,26,26,0,54198,998,-25,29,0,4,1,1,0,4,0,995,9.8,998,998,998,99.8,99.8,99.8,110.981338209979,5,3
12143,13,114,1-13-2018-114-05,5,1,1J8HG58296C2,17,2,406,2006,14,3,14,0,1,B,1,2289,5,9999,9,0,0,97,1,0,0,995,0,0,0,76054,9,9,1,2,3,1,1,1,1,3,1,3,0,0,1,1,0,0,9,0,1,3,52,99,1,1,2,D,28,0,0,0,0,0,0,0,0,0,0,180,180,0,0,0,2,3,21,21,0,47544,998,0,23,0,4,95,95,95,95,0,995,9.8,998,998,998,99.8,99.8,99.8,201.879832312611,7,3
12143,13,114,1-13-2018-114-05,5,2,5J8TB182X9A0,17,54,402,2009,14,3,14,0,1,F,2,1782,5,0,1,1,1,97,1,0,0,995,0,0,0,75052,2,2,1,2,3,1,1,1,1,3,1,3,0,0,1,1,0,0,1,0,1,3,52,2,1,1,6,M,98,0,0,0,0,0,0,0,0,0,0,180,180,0,0,0,2,3,25,-25,0,39753,998,43,22,0,4,1,3,0,4,0,995,9.8,998,998,998,99.8,99.8,99.8,201.879832312611,7,3
12143,13,114,1-13-2018-114-05,5,3,5N1AT2MT2FC9,17,35,51,2015,6,1,3,0,1,F,1,1550,5,9999,9,0,0,97,1,0,0,995,0,0,0,76016,9,9,1,2,3,1,1,1,1,3,1,3,0,0,1,1,0,0,9,0,1,3,52,99,1,1,6,M,98,0,0,0,0,0,0,0,0,0,0,180,180,0,0,0,3,3,11,-11,0,7265,998,0,11,0,4,95,95,95,95,0,995,9.8,998,998,998,99.8,99.8,99.8,201.879832312611,7,3
12143,13,114,1-13-2018-114-05,5,4,3GNBAADB2AS5,17,20,23,2010,6,1,2,0,1,B,9,1431,5,9999,9,0,0,97,1,0,0,995,0,0,0,76140,9,9,1,2,3,1,1,1,1,3,1,3,0,0,1,1,0,0,9,0,2,3,53,99,1,1,2,D,29,0,0,0,0,0,0,0,0,0,0,180,180,0,0,0,1,0,999,999,999,9999999,999,999,999,9,0,95,95,95,95,0,995,9.8,998,998,998,99.8,99.8,99.8,201.879832312611,7,3
12144,13,115,1-13-2018-115-02,2,1,1FTEW1C84AKA,17,12,481,2010,34,5,31,0,1,F,2,2349,5,0,1,1,1,105,1,0,0,995,0,0,0,75034,1,9,0,2,3,1,2,1,1,9,1,3,3,3,1,1,0,0,3,1,1,3,51,99,1,2,2,D,24,0,0,0,0,0,0,0,0,0,0,260,270,0,0,0,1,1,38,-38,0,138749,998,0,38,0,4,1,1,0,4,0,995,9.8,998,998,998,99.8,99.8,99.8,127.819425410476,7,3
12144,13,115,1-13-2018-115-02,2,2,1FTFX1C50JKE,17,12,481,2018,34,5,31,0,1,L,9,9999,9,9999,9,0,1,105,1,0,0,995,0,0,0,76054,1,9,0,2,3,1,2,1,1,9,1,3,3,3,1,1,0,0,9,0,1,3,53,99,1,1,2,D,25,0,0,0,0,0,0,0,0,0,0,999,999,0,0,0,99,0,999,999,999,9999999,999,999,999,9,0,2,5,0,4,0,995,9.9,999,999,999,99.9,0.0,0.0,127.819425410476,7,3
12147,29,88,1-29-2018-088-03,3,1,WBA3C3G5XENS,17,34,34,2014,4,1,4,0,1,F,1,1565,5,0,1,1,1,89,1,0,0,995,0,0,0,02809,9,9,0,2,3,3,2,2,1,9,3,2,1,3,3,2,0,0,9,1,1,1,6,99,3,4,1,A,2,0,0,0,0,0,0,0,0,0,0,998,998,0,0,0,1,1,13,-13,0,10463,998,0,13,0,4,0,0,0,4,0,998,9.9,120,999,999,0.0,0.0,0.0,160.272147431156,2,3
12148,29,89,1-29-2018-089-04,4,1,3VW4T7AU5FM1,17,30,42,2015,5,1,2,0,1,F,1,1378,5,0,2,1,1,48,1,0,0,995,0,0,0,02780,1,2,2,4,2,1,2,1,1,1,1,2,0,0,1,1,0,0,3,1,1,2,13,1,1,4,1,A,1,0,0,0,0,0,0,0,0,0,0,998,998,0,0,7,1,10,999,999,999,9999999,999,-18,13,2,0,0,0,0,0,0,998,0.3,20,20,2,6.3,0.2,6.5,574.79166298934,2,3
12150,22,76,1-22-2018-076-07,7,1,2GNFLGE53C63,17,20,404,2012,14,3,14,0,1,F,9,1782,5,0,1,6,0,56,1,8,0,995,0,7,0,83501,9,9,3,4,2,1,2,1,1,1,0,0,0,0,1,8,0,0,2,0,11,3,54,99,1,1,3,G,52,0,0,0,0,0,0,0,0,0,0,230,50,0,0,0,1,12,999,999,999,9999999,999,999,999,9,0,95,95,95,95,0,995,9.8,998,998,998,99.8,99.8,99.8,475.416865984437,12,3
12150,22,76,1-22-2018-076-07,7,2,1FMCU9DG6AKD,17,12,402,2010,14,3,14,0,1,F,1,1609,5,0,1,1,1,56,1,8,0,995,0,7,0,83501,1,2,3,5,9,99,2,1,1,1,0,0,0,0,1,8,0,0,1,0,11,3,54,2,1,1,3,G,52,0,0,0,0,0,0,0,0,0,0,50,230,0,0,0,1,12,999,999,999,9999999,999,999,999,2,0,0,0,0,0,0,995,9.8,998,998,998,99.8,99.8,99.8,475.416865984437,12,3
12151,22,77,1-22-2018-077-07,7,1,3C8FY68875T6,17,6,52,2005,6,1,2,0,1,F,1,1408,5,9999,9,2,0,56,1,8,0,995,0,7,0,83843,9,9,2,4,2,1,2,2,1,1,0,2,0,0,3,2,2,2,9,0,11,2,15,99,1,1,4,K,82,0,0,0,0,0,0,0,0,0,0,270,0,0,0,0,1,1,11,-11,2,11654,998,23,14,0,4,95,95,95,95,0,995,9.8,998,998,998,99.8,99.8,99.8,475.416866100792,12,3
12151,22,77,1-22-2018-077-07,7,2,2T1KE40E59C0,17,49,47,2009,6,1,2,0,1,R,1,1395,5,0,2,1,1,40,1,8,0,995,0,7,0,99161,1,2,2,5,5,1,2,2,1,1,0,3,0,0,3,2,0,0,1,0,1,4,67,1,1,3,4,K,83,0,0,0,0,0,0,0,0,0,0,0,270,0,0,0,1,1,10,-2,-10,3700,998,-87,7,0,4,0,0,0,0,0,995,9.8,998,998,998,99.8,99.8,99.8,475.416866100792,12,3
12152,22,78,1-22-2018-078-04,4,1,1GCVKREC6JZ3,17,20,481,2018,34,5,31,0,1,F,1,2366,5,0,1,1,1,97,1,8,0,995,0,7,0,99163,1,2,0,4,2,1,2,1,1,1,1,4,1,1,2,5,0,0,1,0,1,6,87,2,1,1,1,C,13,0,0,0,0,0,0,0,0,0,0,998,998,0,0,0,1,10,999,999,999,9999999,999,0,11,2,0,0,0,0,6,0,998,9.8,998,998,998,99.8,99.8,99.8,361.645439297952,12,3
12153,33,92,1-33-2018-092-08,8,1,1GCHK232X5F8,17,20,481,2005,34,5,31,0,1,L,3,2668,5,9999,9,1,1,89,1,9,1,16,2,9,1,95973,1,2,2,4,2,1,2,2,2,1,1,2,0,0,1,2,2,2,9,0,11,2,15,99,1,1,4,K,82,0,0,0,0,0,0,0,0,0,0,355,95,1,1,0,1,5,999,999,999,9999999,999,999,999,4,0,4,29,1,3,0,995,9.8,998,998,998,99.8,99.8,99.8,336.354842055829,12,3
12153,33,92,1-33-2018-092-08,8,2,1XPCDP9X8JD4,17,87,881,2018,66,8,68,0,1,F,9,,,,,,1,89,1,0,0,995,0,0,0,96080,9,9,2,4,2,1,2,2,3,9,1,2,0,0,1,2,0,0,1,0,14,4,67,3,1,1,4,K,83,,,,,,,,,,,,,,,,,,,,,,,,,,,95,95,95,95,,,9.8,998,998,998,99.8,99.8,99.8,336.354842055829,12,3
12154,33,93,1-33-2018-093-02,2,1,3TMCZ5AN5JM1,17,49,472,2018,34,5,31,0,1,F,3,2007,5,0,1,1,1,56,1,0,1,0,2,0,1,95973,3,2,2,4,2,1,2,1,1,1,1,2,0,0,2,1,0,0,1,0,1,3,50,9,1,1,2,D,20,0,0,0,0,0,0,0,0,0,0,998,998,0,0,1,3,1,47,-47,0,179233,998,-24,47,0,4,2,9,0,3,0,998,1.0,9,9,999,38.4,2.8,38.6,23.7983979496905,12,3