CASEID,PSU,CASENO,CASENUMBER,CATEGORY,VEHNO,VIN,VINLENGTH,MAKE,MODEL,MODELYR,BODYTYPE,BODYCAT,VEHCLASS,SPECUSE,TRANSTAT,DAMPLANE,DAMSEV,CURBWT,CURBSRC,CARGOWT,CARGOSRC,INSPTYPE,TOWSTAT,SPEEDLIMIT,DRPRESENT,PARALCOHOL,ALCTEST,ALCTESTRESULT,ALCTESTSRC,PARDRUG,DRUGTEST,ZIP,RACE,ETHNICITY,RELTOJUNCT,TRAFFLOW,RDLANES,INITLANE,SURFTYPE,SURFCOND,ALIGNMENT,PROFILE,LINERIGHT,LINELEFT,RUMBINIT,RUMBROAD,LIGHTCOND,WEATHER,TRAFDEV,TRAFFUNCT,DISTRACT,PREFHE,PREMOVE,CRITCAT,CRITEVENT,MANEUVER,PRESTAB,PRELOC,CRASHCAT,CRASHCONF,CRASHTYPE,ROLLTYPE,ROLLTURN,ROLLINTRPT,ROLLPREMAN,ROLLINITYP,ROLLINLOC,ROLLOBJ,ROLLTRIP,ROLLDIR,ROLLDIST,DVANGTHIS,DVANGOTH,TOWHITCH,TRAJDOC,TREEPOLE,DVEVENT,DVBASIS,DVTOTAL,DVLONG,DVLAT,DVENERGY,DVSPEED,DVMOMENT,DVBES,DVEST,DVCONF,VAIS,VISS,VINJURED,VTREAT,INITOBJCLASS,HEADANGLECAT,SHLDRWIDTH,STRKLENGTH,STRKWIDTH,STRKHEIGHT,EDGEDISTX,EDGEDISTY,EDGEDISTZ,CASEWGT,PSUSTRAT,VERSION
12154,33,93,1-33-2018-093-02,2,2,999999999999,99,98,703,2002,83,9,80,0,1,B,9,,,,,,1,56,1,8,9,998,8,7,9,95973,9,9,2,4,2,1,2,1,1,1,1,2,0,0,2,1,0,0,9,0,5,3,53,1,1,1,2,D,21,,,,,,,,,,,,,,,,,,,,,,,,,,,95,95,95,95,,,9.8,998,998,998,99.8,99.8,99.8,23.7983979496905,12,3
12155,17,137,1-17-2018-137-06,6,1,1FT8X3BT6BEA,17,12,481,2011,34,5,31,0,1,F,1,3025,5,0,1,1,1,80,1,9,0,995,0,9,0,61265,1,2,2,1,6,2,1,5,1,1,3,1,0,0,1,1,1,2,1,0,1,2,17,3,1,1,4,K,83,0,0,0,0,0,0,0,0,0,0,180,100,0,0,0,1,1,17,-16,-6,76985,998,-91,22,0,1,0,0,0,0,0,995,9.8,998,998,998,99.8,99.8,99.8,663.50792429883,4,3
12155,17,137,1-17-2018-137-06,6,2,KNDJE7235774,17,63,401,2007,14,3,14,0,1,L,2,1520,5,0,1,1,1,80,1,9,0,995,0,9,0,61265,1,1,2,4,3,2,1,5,1,1,1,2,0,0,1,1,1,2,1,0,11,4,66,9,1,1,4,K,82,0,0,0,0,0,0,0,0,0,0,100,180,0,0,0,1,1,32,-6,32,44700,998,52,25,0,1,2,6,0,3,0,995,9.8,998,998,998,99.8,99.8,99.8,663.50792429883,4,3
12156,17,138,1-17-2018-138-03,3,1,1FDWF31559EA,17,12,481,2009,34,5,31,0,1,F,1,2654,5,9999,9,0,0,48,1,9,0,995,0,7,0,52726,9,9,2,4,4,2,2,1,1,1,3,2,0,0,1,1,1,2,9,0,1,2,17,99,1,1,5,L,86,0,0,0,0,0,0,0,0,0,0,10,90,0,0,0,1,3,2,-1,2,1261,998,-47,3,0,4,95,95,95,95,0,995,9.8,998,998,998,99.8,99.8,99.8,499.890651743099,4,3
12156,17,138,1-17-2018-138-03,3,2,3GKALXEX2JL1,17,23,402,2018,14,3,14,0,1,R,1,1823,5,0,1,1,1,48,1,9,0,995,0,7,0,61201,1,2,2,3,1,1,2,1,1,1,0,0,0,0,1,1,1,2,1,0,1,2,17,1,1,1,5,L,87,0,0,0,0,0,0,0,0,0,0,90,10,0,0,0,1,3,5,-3,-5,3718,998,-102,6,0,4,1,2,0,4,0,995,9.8,998,998,998,99.8,99.8,99.8,499.890651743099,4,3
12157,17,139,1-17-2018-139-08,8,1,2G4WD5827811,17,18,22,2008,4,1,4,0,1,R,2,1588,8,0,1,1,1,89,1,9,1,247,2,9,2,61244,4,2,2,1,2,1,2,3,1,1,1,2,0,0,3,4,2,2,9,0,1,2,17,99,1,1,5,L,87,0,0,0,0,0,0,0,0,0,0,140,50,0,0,0,1,5,999,999,999,9999999,999,999,999,7,0,2,6,0,3,0,995,9.8,998,998,998,99.8,99.8,99.8,282.039892580743,4,3
12157,17,139,1-17-2018-139-08,8,2,1M1AW02Y4GM0,17,86,881,2016,63,8,60,0,1,F,9,,,,,,1,89,1,9,0,995,0,9,0,50135,9,9,2,1,4,1,2,3,1,1,1,3,2,3,3,4,0,0,9,0,1,2,17,99,1,1,5,L,86,,,,,,,,,,,,,,,,,,,,,,,,,,,95,95,95,95,,,9.8,998,998,998,99.8,99.8,99.8,282.039892580743,4,3
12158,21,122,1-21-2018-122-02,2,1,JN1CV7AP5HM6,17,58,41,2017,4,1,4,0,1,T,2,1638,5,0,1,1,1,113,1,0,0,995,0,0,0,92506,1,2,0,1,2,2,1,1,1,9,3,2,0,3,3,1,0,0,3,1,1,2,12,4,1,4,1,B,6,1,8,2,2,1,4,61,1,2,41,997,997,0,0,0,1,6,999,999,999,9999999,999,999,999,7,0,2,5,0,4,3,997,9.8,998,998,998,99.8,99.8,99.8,53.2625687150467,11,3
12159,21,123,1-21-2018-123-03,3,1,3VW447AU5HM0,17,30,42,2017,5,1,2,0,1,F,1,1378,5,0,1,5,1,48,1,0,1,0,2,0,2,92504,1,2,0,4,2,1,2,1,2,9,1,2,0,0,2,1,0,0,9,1,14,2,12,2,9,4,1,B,6,0,0,0,0,0,0,0,0,0,0,998,998,0,0,1,1,12,999,999,999,9999999,999,999,999,2,0,3,14,2,3,0,998,0.0,999,999,999,3.9,1.6,4.2,1420.52679924,11,3
12160,21,124,1-21-2018-124-04,4,1,1C3LC45KX8N1,17,6,43,2008,1,1,3,0,1,L,2,1744,5,9999,9,5,0,56,1,0,0,995,0,0,0,92324,9,9,0,4,5,1,2,2,1,1,0,3,0,0,3,2,0,0,9,1,12,2,10,1,1,1,6,M,98,0,0,0,0,0,0,0,0,0,0,125,195,0,0,0,1,3,33,0,33,121837,998,-16,42,0,4,95,95,95,95,0,995,9.8,998,998,998,99.8,99.8,99.8,3730.2371535899,11,3
12160,21,124,1-21-2018-124-04,4,2,4T1BF1FK8FU8,17,49,40,2015,4,1,4,0,1,F,2,1467,5,0,2,1,1,56,1,0,0,995,0,0,0,92324,2,2,0,4,5,2,2,2,1,1,3,1,0,0,3,2,0,0,1,0,1,4,61,98,1,1,6,M,98,0,0,0,0,0,0,0,0,0,0,195,125,0,0,0,1,3,37,-35,-13,52517,998,-72,27,0,1,1,1,0,4,0,995,9.8,998,998,998,99.8,99.8,99.8,3730.2371535899,11,3
12162,18,71,1-18-2018-071-07,7,1,JN8AS5MV3BW6,17,35,51,2011,6,1,3,0,1,F,1,1574,5,0,1,1,1,56,1,0,0,995,0,0,0,54701,1,2,2,1,5,4,2,1,1,1,1,1,0,0,3,8,1,2,1,0,1,3,50,2,1,1,2,D,20,0,0,0,0,0,0,0,0,0,0,330,320,0,0,0,1,3,16,-16,0,14142,998,-54,14,0,4,0,0,0,0,0,995,9.8,998,998,998,99.8,99.8,99.8,970.720527486297,6,3
12162,18,71,1-18-2018-071-07,7,2,1FTFW1EF7CFC,17,12,481,2012,34,5,31,0,1,B,1,2522,5,9999,9,0,0,56,1,0,0,995,0,0,0,54770,9,9,2,1,5,4,1,1,1,1,1,1,0,0,3,8,1,2,9,0,5,3,53,1,1,1,2,D,22,0,0,0,0,0,0,0,0,0,0,320,330,0,0,0,1,3,10,10,2,15790,998,-54,12,0,4,95,95,95,95,0,995,9.8,998,998,998,99.8,99.8,99.8,970.720527486297,6,3
12163,18,72,1-18-2018-072-04,4,1,3GNAL3EK8DS5,17,20,405,2013,14,3,14,0,1,F,9,2189,8,9999,9,0,0,40,1,0,0,995,0,0,0,54729,9,9,3,4,4,1,2,1,1,1,0,3,0,0,1,8,0,0,9,0,1,4,62,99,1,1,4,J,69,0,0,0,0,0,0,0,0,0,0,0,105,0,0,0,1,0,999,999,999,9999999,999,999,999,9,0,95,95,95,95,0,995,9.8,998,998,998,99.8,99.8,99.8,706.028916975917,6,3
12163,18,72,1-18-2018-072-04,4,2,1G1ZD5ST2JF2,17,20,37,2018,4,1,4,0,1,R,9,1400,5,9999,9,0,1,40,1,0,0,995,0,0,0,01720,1,2,3,4,4,2,2,1,1,1,3,2,0,0,1,8,0,0,3,0,11,2,15,1,1,1,4,J,68,0,0,0,0,0,0,0,0,0,0,105,0,0,0,0,1,0,999,999,999,9999999,999,999,999,9,0,0,0,0,0,0,995,9.8,998,998,998,99.8,99.8,99.8,706.028916975917,6,3
12164,15,127,1-15-2018-127-03,3,1,999999999999,99,37,32,2005,4,1,3,0,1,L,9,1389,5,9999,9,0,1,48,1,8,9,998,8,7,9,11576,9,9,2,4,2,1,2,1,1,1,0,0,0,0,1,1,5,2,9,0,11,2,15,99,1,1,4,K,82,0,0,0,0,0,0,0,0,0,0,350,80,0,0,0,1,0,999,999,999,9999999,999,999,999,9,0,99,99,0,0,0,995,0.2,20,9,9,0.3,0.2,0.3,809.117884354187,1,3
12164,15,127,1-15-2018-127-03,3,2,JTMDFREV2HJ7,17,49,402,2017,14,3,14,0,1,F,2,1610,5,9999,9,4,1,48,1,0,0,995,0,0,0,11530,9,9,2,5,5,1,2,1,1,1,1,3,0,0,1,1,0,0,9,0,1,4,67,99,1,1,4,K,83,0,0,0,0,0,0,0,0,0,0,80,350,0,0,0,1,12,999,999,999,9999999,999,999,999,7,0,99,99,0,0,0,995,0.2,20,9,9,0.3,0.2,0.3,809.117884354187,1,3
12165,30,82,1-30-2018-082-09,9,1,1YVFP80D045N,17,41,50,2004,4,1,3,0,1,F,2,1502,5,0,1,1,1,105,1,0,0,995,0,0,0,85233,9,9,0,2,7,7,2,1,1,1,1,2,0,0,1,1,0,0,3,1,1,3,51,1,3,4,1,A,3,0,0,0,0,0,0,0,0,0,0,998,998,0,0,0,1,1,32,-25,21,81816,998,78,32,0,4,99,99,0,99,0,998,3.4,999,999,999,3.9,7.6,8.6,9967.67105524339,10,3
12166,30,83,1-30-2018-083-03,3,1,5TDKKRFH1GS5,17,49,403,2016,14,3,14,0,1,F,2,1925,5,0,1,1,1,64,1,9,9,998,8,9,9,99999,9,9,2,4,2,1,2,1,2,1,0,2,0,0,2,1,0,0,9,1,14,2,15,99,1,4,1,A,1,0,0,0,0,0,0,0,0,0,0,998,998,0,0,0,2,1,28,-28,5,63921,998,38,28,0,2,99,99,0,99,0,998,0.0,120,15,15,0.0,0.0,0.0,2524.07573418295,10,3
12174,20,120,1-20-2018-120-06,6,1,JHMGE8H43AS0,17,37,39,2010,5,1,1,0,1,F,1,1121,5,0,1,1,1,89,1,1,8,997,8,0,0,95010,1,9,2,4,3,2,2,2,1,9,1,2,0,0,3,8,1,2,9,1,1,2,13,2,9,4,1,A,1,0,0,0,0,0,0,0,0,0,0,998,998,0,0,0,1,1,21,-21,0,19211,998,0,21,0,1,1,2,0,4,0,998,2.3,999,999,999,26.3,17.9,31.5,456.011106744132,11,3
12178,31,69,1-31-2018-069-04,4,1,NM0GE9F75E11,17,12,444,2014,20,4,20,0,1,F,9,1799,5,227,2,4,1,113,1,0,0,995,0,0,0,99501,1,2,0,1,2,1,2,1,1,1,1,3,2,3,2,1,0,0,1,0,1,6,87,1,1,1,1,C,13,0,0,0,0,0,0,0,0,0,0,998,998,0,0,0,1,12,999,999,999,9999999,999,999,999,9,0,0,0,0,0,0,998,9.8,998,998,998,99.8,99.8,99.8,840.903397138695,6,3
12179,29,91,1-29-2018-091-03,3,1,1N4AL3AP0JC4,17,35,47,2018,4,1,4,0,1,L,1,1453,5,0,1,1,1,40,1,0,0,995,0,0,0,02842,9,9,2,4,2,1,2,1,1,1,0,0,0,0,2,1,2,2,9,0,11,2,15,99,1,1,4,K,82,0,0,0,0,0,0,0,0,0,0,195,280,0,0,0,1,4,15,-3,15,20557,998,-4,19,0,4,9,97,0,0,0,995,9.8,998,998,998,99.8,99.8,99.8,160.272147474045,2,3
12179,29,91,1-29-2018-091-03,3,2,1C3CDFBB1FD3,17,7,29,2015,4,1,3,0,1,F,1,1445,5,9999,9,4,1,40,1,0,0,995,0,0,0,02840,9,9,2,4,2,1,2,1,1,1,0,0,0,0,2,1,0,0,9,0,1,4,67,99,1,1,4,K,83,0,0,0,0,0,0,0,0,0,0,280,195,0,0,0,1,4,15,-14,-5,8861,998,-75,11,0,4,9,97,0,5,0,995,9.8,998,998,998,99.8,99.8,99.8,160.272147474045,2,3
12180,20,121,1-20-2018-121-10,10,1,JTDBE30K8201,17,49,40,2002,4,1,3,0,1,L,2,1435,5,0,1,1,1,40,1,1,8,997,8,9,9,93950,1,9,0,4,2,1,2,1,1,2,0,0,0,0,2,1,0,0,9,1,1,2,12,99,1,4,1,C,11,0,0,0,0,0,0,0,0,0,0,175,0,0,0,0,1,8,999,999,999,9999999,999,999,999,7,0,99,99,0,99,0,995,0.0,120,17,11,0.0,0.0,0.0,5886.87172813238,11,3
12180,20,121,1-20-2018-121-10,10,2,3N1AB7AP0JY2,17,35,43,2018,4,1,3,0,2,L,2,1300,5,9999,9,5,,,,,,,,,,,,,,,,,,,,,,,,,,,,,,,,,,,,,,,,,,,,,,,,,,,,,,,,,,,,,,,,,,95,95,95,95,,,,,,,,,,5886.87172813238,11,3
12181,26,142,1-26-2018-142-01,1,1,JHLRD788X4C0,17,37,402,2004,14,3,14,0,1,F,3,1480,5,9999,9,4,1,105,1,1,1,257,4,0,2,95822,1,9,0,2,4,3,2,1,1,9,3,3,0,0,2,1,0,0,9,1,1,2,13,99,1,4,1,A,1,1,1,2,2,1,3,61,1,2,3,998,998,0,0,9,2,12,999,999,999,9999999,999,999,999,8,0,9,0,0,1,3,998,3.7,999,999,999,99.9,99.9,99.9,198.749616785862,10,3
12185,11,55,1-11-2018-055-09,9,1,4T1BE32K55U4,17,49,40,2005,4,1,3,0,1,R,1,1455,5,0,1,1,1,72,1,0,0,995,0,0,0,23824,1,2,0,4,2,1,2,1,1,1,0,0,0,0,1,1,0,0,1,1,1,2,13,1,1,4,1,A,1,1,1,2,2,1,4,61,1,1,2,997,997,0,0,0,1,6,999,999,999,9999999,999,999,999,6,0,99,99,0,0,3,997,1.0,120,50,11,15.1,1.0,15.0,6372.17900766885,8,3
12186,11,56,1-11-2018-056-03,3,1,2C3CCABGXFH9,17,6,51,2015,4,1,5,0,1,F,2,1797,5,0,1,1,1,72,1,0,0,995,0,0,0,23801,9,9,2,4,2,1,2,1,1,1,1,1,0,0,1,1,1,2,1,0,1,2,17,1,1,2,5,L,88,0,0,0,0,0,0,0,0,0,0,330,280,0,0,0,1,3,34,-32,-12,65261,998,-93,26,0,4,99,99,0,99,0,995,9.8,998,998,998,99.8,99.8,99.8,1567.01038923683,8,3
12186,11,56,1-11-2018-056-03,3,2,3N1AB61E07L6,17,35,43,2007,4,1,3,0,1,L,1,1296,5,9999,9,0,1,72,1,0,0,995,0,0,0,23831,9,9,2,4,2,1,2,1,1,4,1,2,0,0,1,1,1,2,1,0,1,2,17,1,1,1,5,L,89,0,0,0,0,0,0,0,0,0,0,280,330,0,0,0,2,3,5,-2,5,898,998,-45,4,0,4,2,5,0,4,0,995,9.8,998,998,998,99.8,99.8,99.8,1567.01038923683,8,3
12187,24,103,1-24-2018-103-08,8,1,1GNDS13S3821,17,20,403,2008,14,3,14,0,1,L,2,2052,5,0,1,1,1,64,1,0,1,98,2,0,1,08234,1,2,0,4,2,1,2,1,2,2,1,2,0,0,3,1,0,0,9,1,14,2,13,1,3,4,1,A,2,0,0,0,0,0,0,0,0,0,0,998,998,0,1,1,1,1,27,-13,23,70643,998,-64,27,0,1,3,17,1,3,0,998,0.4,33,33,120,13.9,3.8,14.1,201.457190504232,1,3
12189,24,105,1-24-2018-105-03,3,1,2C4RDGCG8ER2,17,7,442,2014,20,4,20,0,1,F,1,2050,5,0,1,1,1,80,1,0,1,0,2,0,0,08205,1,2,0,4,2,1,2,1,1,1,1,4,0,0,2,1,0,0,3,1,1,2,10,8,1,2,3,G,50,0,0,0,0,0,0,0,0,0,0,80,260,0,0,0,1,5,999,999,999,9999999,999,999,16,2,0,3,10,1,3,0,995,9.8,998,998,998,99.8,99.8,99.8,406.923268634647,1,3
12189,24,105,1-24-2018-105-03,3,2,1FDXE45P89DA,17,12,870,2009,61,8,60,6,1,F,9,,,,,,1,80,1,0,0,995,0,0,0,08012,9,9,0,4,2,1,2,1,1,1,1,4,0,0,2,1,0,0,9,0,1,4,62,99,1,1,3,G,51,,,,,,,,,,,,,,,,,,,,,,,,,,,95,95,95,95,,,9.8,998,998,998,99.8,99.8,99.8,406.923268634647,1,3
12191,77,45,1-77-2018-045-06,6,1,JHMFA362X9S0,17,37,31,2009,4,1,3,0,1,F,1,1304,5,0,1,1,1,72,1,0,0,995,0,0,0,22902,1,2,2,1,4,3,2,2,1,3,1,2,0,0,1,8,1,2,1,0,11,2,15,1,1,1,4,J,68,0,0,0,0,0,0,0,0,0,0,15,235,0,0,0,1,3,22,-19,-11,29395,998,-59,21,0,4,1,1,0,4,0,995,9.8,998,998,998,99.8,99.8,99.8,2039.37051595187,9,3
12191,77,45,1-77-2018-045-06,6,2,5J6YH28708L0,17,37,403,2008,14,3,14,0,1,F,1,1660,8,9999,9,4,1,72,1,0,1,0,2,0,0,22903,9,9,2,1,3,3,2,2,1,3,1,1,0,0,1,8,1,2,1,0,1,4,62,99,1,1,4,J,69,0,0,0,0,0,0,0,0,0,0,235,15,0,0,0,1,3,18,-18,3,25867,998,34,19,0,4,2,5,0,3,0,995,9.8,998,998,998,99.8,99.8,99.8,2039.37051595187,9,3
12192,23,134,1-23-2018-134-07,7,1,1N4AL3APXDC1,17,35,47,2013,4,1,4,0,1,F,1,1420,5,0,1,1,1,89,1,0,0,995,0,0,0,43054,2,2,0,4,2,1,2,1,1,1,1,2,0,0,2,1,0,0,1,1,6,2,12,7,2,4,1,B,6,0,0,0,0,0,0,0,0,0,0,998,998,0,0,9,1,1,15,-15,0,14964,998,-60,15,0,1,0,0,0,0,0,998,0.6,999,999,999,31.3,5.8,31.8,1125.9683998722,5,3
12193,23,135,1-23-2018-135-09,9,1,1MEFM50U63A6,17,14,17,2003,4,1,3,0,1,R,1,1514,8,0,1,1,1,89,1,0,0,995,0,0,0,43201,9,9,2,2,3,2,2,1,1,1,1,1,0,0,1,1,1,2,9,0,11,2,15,99,1,1,4,K,76,0,0,0,0,0,0,0,0,0,0,15,5,0,0,0,1,3,18,17,-6,26927,998,-46,21,0,4,1,1,0,4,0,995,0.9,40,40,119,13.0,5.7,14.2,991.501737265212,5,3
12193,23,135,1-23-2018-135-09,9,2,2G1WT58K4813,17,20,2,2008,4,1,4,0,1,F,1,1630,5,0,1,5,1,89,1,0,0,995,0,0,0,45177,9,9,2,2,4,2,2,1,1,1,1,3,0,0,1,1,1,2,1,0,1,4,65,99,1,1,4,K,77,0,0,0,0,0,0,0,0,0,0,5,15,0,0,0,1,3,17,-16,3,11558,998,41,13,0,4,1,1,0,4,0,995,9.8,998,998,998,99.8,99.8,99.8,991.501737265212,5,3
12194,23,136,1-23-2018-136-09,9,1,1J4FA49S01P3,17,2,403,2001,14,3,14,0,1,U,9,1388,5,9999,9,0,1,89,1,0,0,995,0,0,0,43060,1,2,0,4,2,1,2,1,1,1,1,2,0,0,1,1,0,0,9,1,1,2,13,7,9,4,1,A,1,1,2,2,2,5,4,31,9,1,999,998,998,0,0,0,1,0,999,999,999,9999999,999,999,999,9,0,0,0,0,0,2,998,0.6,999,999,999,99.9,99.9,99.9,991.501737265212,5,3
12195,73,29,1-73-2018-029-08,8,1,1FBSS31S11HB,17,12,461,2001,21,4,21,0,1,T,2,2683,5,91,8,1,1,113,1,0,0,995,0,0,3,33430,7,1,0,1,2,1,2,5,1,1,1,3,2,3,2,8,0,0,1,1,1,1,6,4,3,4,1,A,2,1,6,2,2,8,3,31,1,2,19,997,997,1,0,0,1,5,999,999,999,9999999,999,999,999,7,0,0,0,0,3,2,997,9.8,998,998,998,99.8,99.8,99.8,66.9464697469499,3,3
12197,28,73,1-28-2018-073-07,7,1,1FT8W3BT0DEA,17,12,481,2013,34,5,31,0,1,F,1,3121,5,9999,9,1,1,89,1,0,0,995,0,0,0,14895,1,2,0,4,2,1,2,1,3,1,1,2,0,0,1,1,0,0,1,1,14,1,6,3,2,4,1,A,2,1,1,2,2,4,4,49,4,2,1,998,998,0,0,0,1,10,999,999,999,9999999,999,999,999,6,0,0,0,0,0,3,998,0.8,120,43,55,27.5,2.5,27.8,124.967783847024,3,3
12198,77,46,1-77-2018-046-06,6,1,WBAPH53519A4,17,34,34,2009,4,1,3,0,1,F,1,1485,5,0,1,1,1,89,1,0,0,995,0,0,0,24477,1,2,0,2,2,1,1,2,2,4,1,3,0,0,1,2,0,0,1,0,14,3,52,2,1,1,2,D,28,0,0,0,0,0,0,0,0,0,0,220,220,0,0,0,1,3,22,-22,0,18246,998,7,17,0,4,0,0,0,0,0,995,9.8,998,998,998,99.8,99.8,99.8,2039.37051595187,9,3
12198,77,46,1-77-2018-046-06,6,2,1G1AM55B7771,17,20,22,2007,4,1,2,99,1,B,2,1310,5,9999,9,0,0,89,1,0,0,995,0,0,0,23936,9,9,0,2,2,1,1,2,2,4,1,3,0,0,1,2,0,0,1,0,2,3,53,1,1,1,2,D,29,0,0,0,0,0,0,0,0,0,0,220,220,0,0,0,1,3,27,27,0,48096,998,0,31,0,4,95,95,95,95,0,995,9.8,998,998,998,99.8,99.8,99.8,2039.37051595187,9,3
12199,48,23,1-48-2018-023-04,4,1,5XXGM4A76FG4,17,63,34,2015,4,1,4,0,1,F,1,1468,5,0,2,1,1,89,1,0,0,995,0,0,0,84341,2,2,0,5,5,1,2,1,1,1,1,3,0,0,2,1,0,0,1,0,1,6,87,1,1,1,1,C,13,0,0,0,0,0,0,0,0,0,0,998,998,0,1,0,1,10,999,999,999,9999999,999,-58,13,2,0,0,0,0,0,0,998,9.8,998,998,998,99.8,99.8,99.8,2256.22775914211,12,3
12200,32,156,1-32-2018-156-04,4,1,WD3PE7CC0C57,17,42,461,2012,22,4,28,0,1,F,1,2410,5,2948,2,1,1,80,1,0,0,995,0,0,0,76065,1,2,1,3,1,1,1,1,1,4,0,0,0,0,1,1,0,0,9,0,1,3,50,1,1,1,2,D,20,0,0,0,0,0,0,0,0,0,0,100,100,0,0,0,1,1,17,-17,0,108137,998,0,23,0,4,0,0,0,0,0,995,9.8,998,998,998,99.8,99.8,99.8,5098.14002991745,7,3
12200,32,156,1-32-2018-156-04,4,2,1G1ZB5ST8HF1,17,20,37,2017,4,1,4,0,1,B,3,1400,5,0,1,1,1,80,1,0,0,995,0,0,0,75052,2,2,1,3,1,1,1,1,1,4,0,0,0,0,1,1,0,0,9,0,5,3,53,1,1,1,2,D,21,0,0,0,0,0,0,0,0,0,0,100,100,0,0,0,1,1,61,61,0,162916,998,0,53,0,4,0,0,0,0,0,995,9.8,998,998,998,99.8,99.8,99.8,5098.14002991745,7,3
12200,32,156,1-32-2018-156-04,4,3,KMHD74LF0HU1,17,55,35,2017,4,1,3,0,1,B,2,1275,5,9999,9,4,0,80,1,0,0,995,0,0,0,75224,9,9,1,3,1,1,1,1,1,4,0,0,0,0,1,1,0,0,9,0,5,3,53,1,1,1,6,M,98,0,0,0,0,0,0,0,0,0,0,100,100,0,0,0,2,3,36,36,0,74088,998,0,39,0,4,95,95,95,95,0,995,9.8,998,998,998,99.8,99.8,99.8,5098.14002991745,7,3
12201,32,157,1-32-2018-157-04,4,1,1G1JC5SH7G41,17,20,28,2016,4,1,1,0,1,R,1,1245,5,9999,9,5,1,56,1,0,0,995,0,0,0,75062,1,1,2,1,4,4,1,1,1,1,0,0,0,0,1,1,0,0,1,0,11,2,15,1,1,1,4,J,68,0,0,0,0,0,0,0,0,0,0,265,175,0,0,0,1,1,17,-9,-15,19796,998,-3,20,0,1,0,0,0,0,0,995,9.8,998,998,998,99.8,99.8,99.8,5098.14003153389,7,3
12201,32,157,1-32-2018-157-04,4,2,1VWCV7A32FC0,17,30,46,2015,4,1,4,0,1,F,1,1546,5,0,1,2,0,56,1,0,0,995,0,0,0,75061,9,9,2,1,4,1,1,1,1,1,0,3,0,0,1,1,0,0,9,0,1,4,62,99,1,1,4,J,69,0,0,0,0,0,0,0,0,0,0,175,265,0,0,0,1,1,15,-13,7,15728,998,104,13,0,1,95,95,95,95,0,995,9.8,998,998,998,99.8,99.8,99.8,5098.14003153389,7,3
12202,32,158,1-32-2018-158-03,3,1,1G1BC5SM8J71,17,20,25,2018,4,1,3,0,1,F,2,1250,8,0,1,1,1,64,1,0,0,995,0,0,0,75212,2,2,2,1,4,1,1,1,1,4,0,3,0,0,3,1,1,2,1,0,1,3,50,2,1,1,2,D,20,0,0,0,0,0,0,0,0,0,0,180,180,0,0,0,1,5,999,999,999,9999999,999,999,26,3,0,2,6,0,4,0,995,9.8,998,998,998,99.8,99.8,99.8,1600.5455685719,7,3
12202,32,158,1-32-2018-158-03,3,2,2XKHAJ8X9EM3,17,85,884,2014,66,8,67,0,1,B,9,,,,,,0,64,1,0,0,995,0,0,0,75211,9,9,2,1,4,1,1,1,1,4,0,3,0,0,3,1,1,2,9,0,5,3,53,99,1,1,2,D,21,,,,,,,,,,,,,,,,,,,,,,,,,,,95,95,95,95,,,9.8,998,998,998,99.8,99.8,99.8,1600.5455685719,7,3
12205,66,64,1-66-2018-064-04,4,1,5FNRL6H74JB0,17,37,441,2018,20,4,20,0,1,L,1,2028,8,0,1,1,1,113,1,0,0,995,0,7,0,65109,1,2,0,2,2,2,2,1,1,1,3,2,1,3,1,8,0,0,1,1,1,4,60,7,1,2,1,C,12,0,0,0,0,0,0,0,0,0,0,998,998,0,0,0,1,8,999,999,999,9999999,999,999,999,6,0,0,0,0,0,0,998,1.0,999,42,80,99.9,0.1,99.9,247.395326966119,6,3
12206,66,65,1-66-2018-065-04,4,1,JTDKBRFUXH35,17,49,46,2017,5,1,4,0,1,F,1,1505,5,0,1,1,1,56,1,0,0,995,0,7,0,65605,1,2,2,4,3,1,2,1,1,1,1,1,0,0,3,1,1,2,1,0,1,2,17,2,1,1,5,L,88,0,0,0,0,0,0,0,0,0,0,90,0,0,0,0,1,3,24,-12,-21,37574,998,-191,14,0,4,0,0,0,0,0,995,9.8,998,998,998,99.8,99.8,99.8,247.395326966119,6,3
12206,66,65,1-66-2018-065-04,4,2,1C6RR7KT1FS5,17,7,482,2015,34,5,31,0,1,L,1,2336,5,9999,9,4,0,56,1,0,0,995,0,7,0,65712,9,9,2,4,3,1,2,1,1,1,1,1,0,0,3,1,1,2,9,0,1,2,17,1,1,1,5,L,89,0,0,0,0,0,0,0,0,0,0,0,90,0,0,0,1,3,17,-14,8,98472,998,-93,29,0,4,95,95,95,95,0,995,9.8,998,998,998,99.8,99.8,99.8,247.395326966119,6,3
12207,59,85,1-59-2018-085-02,2,1,2GKALMEK4F62,17,23,402,2015,14,3,14,0,1,F,2,1748,5,9999,9,1,1,48,1,0,0,995,0,0,0,47802,9,9,0,4,4,2,2,2,1,1,3,2,0,0,1,2,0,0,9,0,1,4,62,2,1,1,3,G,51,0,0,0,0,0,0,0,0,0,0,185,5,0,0,0,1,1,33,-33,0,113924,998,0,40,0,1,1,2,0,4,0,995,9.8,998,998,998,99.8,99.8,99.8,51.3567577406289,6,3