CASEID,PSU,CASENO,CASENUMBER,CATEGORY,VEHNO,VIN,VINLENGTH,MAKE,MODEL,MODELYR,BODYTYPE,BODYCAT,VEHCLASS,SPECUSE,TRANSTAT,DAMPLANE,DAMSEV,CURBWT,CURBSRC,CARGOWT,CARGOSRC,INSPTYPE,TOWSTAT,SPEEDLIMIT,DRPRESENT,PARALCOHOL,ALCTEST,ALCTESTRESULT,ALCTESTSRC,PARDRUG,DRUGTEST,ZIP,RACE,ETHNICITY,RELTOJUNCT,TRAFFLOW,RDLANES,INITLANE,SURFTYPE,SURFCOND,ALIGNMENT,PROFILE,LINERIGHT,LINELEFT,RUMBINIT,RUMBROAD,LIGHTCOND,WEATHER,TRAFDEV,TRAFFUNCT,DISTRACT,PREFHE,PREMOVE,CRITCAT,CRITEVENT,MANEUVER,PRESTAB,PRELOC,CRASHCAT,CRASHCONF,CRASHTYPE,ROLLTYPE,ROLLTURN,ROLLINTRPT,ROLLPREMAN,ROLLINITYP,ROLLINLOC,ROLLOBJ,ROLLTRIP,ROLLDIR,ROLLDIST,DVANGTHIS,DVANGOTH,TOWHITCH,TRAJDOC,TREEPOLE,DVEVENT,DVBASIS,DVTOTAL,DVLONG,DVLAT,DVENERGY,DVSPEED,DVMOMENT,DVBES,DVEST,DVCONF,VAIS,VISS,VINJURED,VTREAT,INITOBJCLASS,HEADANGLECAT,SHLDRWIDTH,STRKLENGTH,STRKWIDTH,STRKHEIGHT,EDGEDISTX,EDGEDISTY,EDGEDISTZ,CASEWGT,PSUSTRAT,VERSION
12293,13,121,1-13-2018-121-04,4,2,2C3CDYBTXEH1,17,7,28,2014,2,1,5,0,1,F,1,1852,5,9999,9,0,1,64,1,0,0,995,0,0,0,75201,2,9,3,1,2,2,2,1,1,1,3,1,0,0,1,1,0,0,9,0,1,3,51,99,1,1,2,D,24,0,0,0,0,0,0,0,0,0,0,95,90,0,0,0,1,3,11,-11,0,11500,998,0,12,0,4,0,0,0,0,0,995,9.8,998,998,998,99.8,99.8,99.8,2033.90267864735,7,3
12294,30,85,1-30-2018-085-03,3,1,2G4WS52J9113,17,18,7,2001,4,1,3,0,1,F,1,1528,5,0,1,1,1,105,1,0,0,995,0,0,0,85122,9,9,0,2,4,1,2,1,1,1,1,3,0,0,3,1,0,0,1,0,1,3,50,2,1,1,2,D,20,0,0,0,0,0,0,0,0,0,0,0,0,0,0,0,1,3,22,-22,0,29984,998,31,20,0,4,2,5,0,4,0,995,9.8,998,998,998,99.8,99.8,99.8,718.900557665106,10,3
12294,30,85,1-30-2018-085-03,3,2,1FTEW1E54JKD,17,12,481,2018,34,5,31,0,1,B,1,2130,5,9999,9,4,1,105,1,0,0,995,0,0,0,34476,9,9,0,2,3,1,2,1,1,1,1,3,0,0,3,1,0,0,1,0,5,3,53,1,1,1,2,D,21,0,0,0,0,0,0,0,0,0,0,0,0,0,0,0,1,3,18,18,0,33479,998,0,20,0,4,1,3,0,4,0,995,9.8,998,998,998,99.8,99.8,99.8,718.900557665106,10,3
12295,30,86,1-30-2018-086-04,4,1,JTDKN3DU1A00,17,49,46,2010,5,1,3,0,1,R,9,1380,5,9999,9,0,0,48,1,0,0,995,0,0,0,85308,9,9,2,1,2,1,2,1,1,1,0,1,0,0,1,8,2,2,1,0,1,2,17,99,1,1,5,L,87,0,0,0,0,0,0,0,0,0,0,260,175,0,0,0,1,0,999,999,999,9999999,999,999,999,9,0,95,95,95,95,0,995,9.8,998,998,998,99.8,99.8,99.8,2051.97185736766,10,3
12295,30,86,1-30-2018-086-04,4,2,1N4BL3AP8GC1,17,35,47,2016,4,1,4,0,1,F,9,1576,5,9999,9,0,1,48,1,0,0,995,0,0,0,85351,9,9,2,1,3,1,2,1,1,1,0,3,0,0,1,8,0,0,1,0,1,2,17,99,1,1,5,L,86,0,0,0,0,0,0,0,0,0,0,175,260,0,0,0,1,0,999,999,999,9999999,999,999,999,9,0,99,99,0,99,0,995,9.8,998,998,998,99.8,99.8,99.8,2051.97185736766,10,3
12297,17,143,1-17-2018-143-07,7,1,KNDJT2A27B73,17,63,37,2011,6,1,2,0,1,F,1,1315,5,0,1,4,1,48,1,9,0,995,0,9,0,52804,2,2,2,4,2,1,2,1,1,1,0,3,0,0,1,1,1,2,3,0,1,3,50,3,2,1,2,D,20,0,0,0,0,0,0,0,0,0,0,70,90,0,0,0,1,12,999,999,999,9999999,999,999,999,2,0,0,0,0,0,0,995,9.8,998,998,998,99.8,99.8,99.8,393.25834929915,4,3
12297,17,143,1-17-2018-143-07,7,2,JN8AR07Y4YW4,17,35,401,2000,14,3,14,0,1,B,9,1900,5,9999,9,0,0,48,1,9,0,995,0,9,0,61201,9,9,2,4,2,1,2,1,1,1,0,4,0,0,1,1,1,2,9,0,5,3,52,99,1,1,2,D,21,0,0,0,0,0,0,0,0,0,0,90,70,0,0,0,1,0,999,999,999,9999999,999,999,999,9,0,95,95,95,95,0,995,9.8,998,998,998,99.8,99.8,99.8,393.25834929915,4,3
12298,17,144,1-17-2018-144-06,6,1,1C3CDFBA0DD1,17,7,29,2013,4,1,3,0,1,L,1,1471,5,0,1,1,1,48,1,9,0,995,0,7,0,61201,1,2,2,4,3,1,1,1,1,4,2,1,0,0,1,1,1,2,1,0,1,2,17,1,1,1,5,L,89,0,0,0,0,0,0,0,0,0,0,0,80,0,0,0,1,1,18,-6,16,18402,998,53,16,0,4,1,1,0,0,0,995,0.0,119,18,16,4.0,3.0,5.0,110.734461015395,4,3
12298,17,144,1-17-2018-144-06,6,2,1C3CDWEAXCD5,17,7,25,2012,5,1,2,0,1,F,1,1345,5,0,1,1,1,48,1,8,0,995,0,1,0,52803,9,9,2,4,3,1,2,1,1,1,2,1,0,0,1,1,1,2,9,0,1,2,17,2,1,1,5,L,88,0,0,0,0,0,0,0,0,0,0,80,0,0,0,0,1,1,19,-16,-10,33599,998,-101,20,0,4,1,3,0,4,0,995,9.8,998,998,998,99.8,99.8,99.8,110.734461015395,4,3
12298,17,144,1-17-2018-144-06,6,3,4DRBUSKM08B6,17,84,983,2008,52,7,58,3,1,F,9,,,,,,0,48,1,9,0,995,0,7,0,61201,9,9,2,4,3,2,1,1,1,2,1,2,0,0,1,1,1,2,9,0,4,4,78,1,1,1,6,M,98,,,,,,,,,,,,,,,,,,,,,,,,,,,95,95,95,95,,,9.8,998,998,998,99.8,99.8,99.8,110.734461015395,4,3
12299,17,145,1-17-2018-145-07,7,1,1HGCV1F5XJA1,17,37,32,2018,4,1,4,0,1,F,1,1496,5,0,1,2,0,89,1,9,0,995,0,9,0,61244,9,9,2,1,5,3,2,1,1,1,1,2,0,3,1,1,1,2,9,0,11,2,15,99,1,1,4,J,68,0,0,0,0,0,0,0,0,0,0,320,230,0,0,0,1,3,14,-14,0,12183,998,-29,14,0,4,95,95,95,95,0,995,9.8,998,998,998,99.8,99.8,99.8,393.25834929915,4,3
12299,17,145,1-17-2018-145-07,7,2,5XXGR4A6XCG0,17,63,34,2012,4,1,4,0,1,L,1,1535,5,0,1,1,1,89,1,9,0,995,0,9,0,61265,1,2,2,1,5,2,2,1,1,1,1,3,0,3,1,1,1,2,1,0,1,3,55,4,1,1,4,J,69,0,0,0,0,0,0,0,0,0,0,230,320,0,0,0,1,3,13,0,13,28264,998,-191,13,0,4,0,0,0,0,0,995,9.8,998,998,998,99.8,99.8,99.8,393.25834929915,4,3
12302,29,94,1-29-2018-094-07,7,1,1J8GL48K06W1,17,2,405,2006,14,3,14,0,1,L,1,1819,5,0,1,1,1,64,1,0,0,995,0,0,0,01571,1,2,2,4,4,1,2,1,1,1,1,3,0,0,1,1,0,0,1,1,15,2,10,1,1,1,2,F,47,0,0,0,0,0,0,0,0,0,0,220,225,0,0,0,1,8,999,999,999,9999999,999,999,999,6,0,0,0,0,0,0,995,9.8,998,998,998,99.8,99.8,99.8,1067.56691618103,2,3
12302,29,94,1-29-2018-094-07,7,2,KNDJT2A25B71,17,63,37,2011,6,1,2,0,1,R,1,1315,5,0,1,1,1,64,1,0,0,995,0,0,0,02719,1,2,2,4,4,2,2,1,1,1,3,2,0,0,1,1,0,0,1,0,1,4,60,1,1,1,2,F,45,0,0,0,0,0,0,0,0,0,0,225,220,0,0,0,1,5,999,999,999,9999999,999,999,5,1,0,0,0,0,0,0,995,9.8,998,998,998,99.8,99.8,99.8,1067.56691618103,2,3
12303,29,95,1-29-2018-095-09,9,1,1B3HB48B27D5,17,7,25,2007,5,1,2,0,1,L,1,1345,5,0,2,5,1,48,1,8,9,998,8,7,9,02746,9,1,2,4,2,1,2,2,1,1,0,0,0,0,3,8,2,2,1,0,1,2,17,1,1,1,5,L,89,0,0,0,0,0,0,0,0,0,0,285,5,0,0,0,1,1,15,0,15,11154,998,6,14,0,1,0,0,0,0,0,995,9.8,998,998,998,99.8,99.8,99.8,940.074741126343,2,3
12303,29,95,1-29-2018-095-09,9,2,2G1WH52K1492,17,20,2,2004,4,1,4,1,1,F,1,1572,5,0,1,1,1,48,1,8,0,995,0,7,0,02721,1,2,2,4,2,1,2,2,1,1,0,0,0,0,3,8,0,0,3,0,1,4,66,2,1,1,5,L,88,0,0,0,0,0,0,0,0,0,0,5,285,0,0,0,1,1,12,-12,-2,10800,998,-26,12,0,1,1,1,0,6,0,995,9.8,998,998,998,99.8,99.8,99.8,940.074741126343,2,3
12304,14,63,1-14-2018-063-10,10,1,1FTNW20S03EA,17,12,481,2003,34,5,31,0,1,B,1,2527,5,91,1,2,0,56,1,0,0,995,0,0,0,78130,9,9,3,3,3,2,2,1,1,1,3,0,0,0,1,1,0,0,1,1,15,2,10,99,1,1,2,D,25,0,0,0,0,0,0,0,0,0,0,20,30,0,0,0,1,3,9,8,4,17128,998,-129,10,0,4,95,95,95,95,0,995,9.8,998,998,998,99.8,99.8,99.8,23936.8367783949,8,3
12304,14,63,1-14-2018-063-10,10,2,1G1ZU64884F1,17,20,37,2004,5,1,4,0,1,F,1,1569,5,0,1,1,1,56,1,0,0,995,0,0,0,78130,1,9,3,3,3,2,2,1,1,1,3,0,0,0,1,1,0,0,1,0,1,3,51,99,1,1,2,D,24,0,0,0,0,0,0,0,0,0,0,30,20,0,0,0,1,3,15,-14,-5,10125,998,-12,13,0,4,0,0,0,0,0,995,9.8,998,998,998,99.8,99.8,99.8,23936.8367783949,8,3
12305,14,64,1-14-2018-064-03,3,1,JTHBK1GG3E20,17,59,31,2014,4,1,4,0,1,F,1,1610,5,0,1,1,1,113,1,0,0,995,0,0,0,78133,1,9,1,3,4,1,2,1,1,9,1,3,0,0,1,6,0,0,9,0,1,3,51,99,1,1,2,D,24,0,0,0,0,0,0,0,0,0,0,5,5,0,0,0,1,1,23,-23,0,52717,998,0,28,0,1,0,0,0,4,0,995,9.8,998,998,998,99.8,99.8,99.8,1505.57980644435,8,3
12305,14,64,1-14-2018-064-03,3,2,3C4PDCAB3CT3,17,7,27,2012,6,1,4,0,1,B,1,1722,5,0,1,1,1,113,1,0,0,995,0,0,0,78253,2,9,1,3,4,1,2,1,1,9,1,3,0,0,1,6,0,0,9,0,2,3,52,2,1,1,2,D,25,0,0,0,0,0,0,0,0,0,0,5,5,0,0,0,1,1,21,21,0,11909,998,0,13,0,1,0,0,0,0,0,995,9.8,998,998,998,99.8,99.8,99.8,1505.57980644435,8,3
12306,22,81,1-22-2018-081-01,1,1,1G3NL52T8YC4,17,21,21,2000,8,1,3,0,1,L,1,1396,5,0,2,1,1,40,1,0,1,0,1,0,3,83540,1,2,2,1,2,1,2,2,1,1,1,2,0,0,1,8,2,2,9,0,4,2,17,2,1,1,5,L,89,0,0,0,0,0,0,0,0,0,0,160,250,0,0,0,1,1,22,-4,22,45460,998,-188,17,0,4,2,6,0,1,0,995,9.8,998,998,998,99.8,99.8,99.8,75.2631464758967,12,3
12306,22,81,1-22-2018-081-01,1,2,4T3ZF19C5WU0,17,49,442,1998,20,4,20,0,1,F,1,1705,5,9999,9,2,0,105,1,8,0,995,0,7,0,83871,9,9,2,1,3,2,2,2,1,1,1,3,0,0,1,8,0,0,9,0,1,4,66,99,1,1,5,L,88,0,0,0,0,0,0,0,0,0,0,250,160,0,0,0,1,1,19,-19,-3,58020,998,-46,28,0,4,95,95,95,95,0,995,9.8,998,998,998,99.8,99.8,99.8,75.2631464758967,12,3
12307,33,97,1-33-2018-097-07,7,1,5TFUU4EN6BX0,17,49,472,2011,34,5,31,0,1,F,1,1834,5,0,1,1,1,56,1,0,0,995,0,0,0,95965,1,2,0,4,2,1,2,1,1,1,0,0,0,0,1,1,0,0,1,1,1,6,87,3,1,4,1,B,7,0,0,0,0,0,0,0,0,0,0,998,998,0,0,1,3,1,12,-12,0,12050,998,-37,12,0,4,0,0,0,0,0,998,1.2,120,9,120,30.4,6.5,31.2,1030.23743745852,12,3
12308,33,98,1-33-2018-098-02,2,1,3FAHP08136R1,17,12,23,2006,4,1,3,0,1,L,2,1490,5,0,1,1,1,56,1,0,1,0,2,0,1,95928,1,2,2,4,2,1,2,1,1,2,0,0,0,0,1,8,2,2,1,0,11,2,15,9,1,1,4,K,82,0,0,0,0,0,0,0,0,0,0,240,355,0,1,0,1,1,26,-9,25,20518,998,70,17,0,1,3,19,1,3,0,995,9.8,998,998,998,99.8,99.8,99.8,23.7983979496905,12,3
12308,33,98,1-33-2018-098-02,2,2,3VWD17AJ1GM3,17,30,40,2016,4,1,3,0,1,F,2,1364,5,0,1,1,1,105,1,0,1,0,2,0,0,95942,1,1,2,4,2,1,2,1,1,1,3,2,0,0,1,8,0,0,9,0,1,4,67,3,1,2,4,K,83,0,0,0,0,0,0,0,0,0,0,355,240,0,1,0,1,1,29,-28,-5,79480,998,-34,37,0,1,2,5,0,4,0,995,1.3,999,999,999,0.0,0.0,0.0,23.7983979496905,12,3
12309,18,74,1-18-2018-074-01,1,1,1N4AL11D36N4,17,35,47,2006,4,1,4,0,1,L,3,1378,5,0,1,1,1,89,1,0,1,0,3,0,1,55812,1,2,2,4,3,2,2,1,1,1,1,2,0,0,1,1,2,2,9,0,11,2,15,99,1,1,4,K,82,0,0,0,0,0,0,0,0,0,0,355,85,0,1,0,1,5,999,999,999,9999999,999,999,63,5,0,5,43,1,1,0,995,9.8,998,998,998,99.8,99.8,99.8,80.1280895353133,6,3
12309,18,74,1-18-2018-074-01,1,2,5KJJAECV04PM,17,98,881,2004,66,8,67,0,1,F,9,,,,,,1,89,1,0,0,995,0,0,0,54722,9,9,2,4,3,2,2,1,1,1,1,2,0,0,1,1,0,0,9,0,1,4,67,2,2,1,4,K,83,,,,,,,,,,,,,,,,,,,,,,,,,,,95,95,95,95,,,9.8,998,998,998,99.8,99.8,99.8,80.1280895353133,6,3
12310,18,75,1-18-2018-075-06,6,1,2GNFLCEK0D61,17,20,404,2013,14,3,14,0,1,F,1,1782,5,0,1,1,1,72,1,0,0,995,0,0,0,54771,1,2,0,1,3,3,2,1,1,1,3,0,0,0,1,1,0,0,9,1,1,2,12,7,1,4,3,G,50,0,0,0,0,0,0,0,0,0,0,140,330,0,0,0,1,1,14,-13,-5,11491,998,-25,12,0,4,1,2,0,4,0,995,0.6,8,9,999,5.3,1.9,5.5,188.586578051038,6,3
12310,18,75,1-18-2018-075-06,6,2,2C4RDGBG6DR7,17,7,442,2013,20,4,20,0,1,F,1,2050,5,0,1,1,1,72,1,0,0,995,0,0,0,54479,1,2,0,1,3,1,2,1,1,1,0,3,0,0,1,1,0,0,1,0,1,4,62,1,1,1,3,G,51,0,0,0,0,0,0,0,0,0,0,330,140,0,0,0,1,1,12,-12,-2,14521,998,13,13,0,4,0,0,0,5,0,995,9.8,998,998,998,99.8,99.8,99.8,188.586578051038,6,3
12312,12,77,1-12-2018-077-04,4,1,3C4PDCAB2JT2,17,7,27,2018,6,1,4,0,1,F,1,1732,5,0,1,1,1,72,1,0,0,995,0,0,0,73401,1,2,0,4,2,1,2,2,1,4,0,0,0,0,1,2,0,0,1,1,1,1,5,4,2,4,1,B,7,0,0,0,0,0,0,0,0,0,0,998,998,0,0,4,1,10,999,999,999,9999999,999,-43,12,2,0,0,0,0,0,0,998,0.0,5,5,100,15.4,4.1,15.4,760.314971852383,9,3
12313,26,145,1-26-2018-145-01,1,1,JTKKT6245501,17,49,48,2005,5,1,1,0,1,L,2,1080,8,0,1,1,1,40,1,9,1,241,2,9,1,95842,1,2,2,4,2,1,2,1,1,1,0,0,0,0,1,8,2,2,9,0,11,2,15,99,1,1,4,K,82,0,0,0,0,0,0,0,0,0,0,290,65,0,0,0,1,1,39,-13,36,77890,998,-5,41,0,1,4,26,1,1,0,995,9.8,998,998,998,99.8,99.8,99.8,46.3997812305645,10,3
12313,26,145,1-26-2018-145-01,1,2,JTJHA31U5500,17,59,403,2005,14,3,14,0,1,F,1,1844,5,0,1,1,1,64,1,0,0,995,0,0,0,95825,1,9,2,4,5,2,2,1,1,1,3,2,0,0,1,8,0,0,9,0,1,4,67,2,1,1,4,K,83,0,0,0,0,0,0,0,0,0,0,65,290,0,0,0,1,1,24,-22,8,34492,998,39,21,0,1,99,99,0,99,0,995,9.8,998,998,998,99.8,99.8,99.8,46.3997812305645,10,3
12314,26,146,1-26-2018-146-05,5,1,1FAHP36N39W2,17,12,37,2009,4,1,2,0,1,F,3,1189,5,0,1,1,1,72,1,1,1,241,2,0,1,95842,2,9,0,5,5,1,2,1,1,3,1,3,0,0,3,1,0,0,9,1,1,2,13,99,1,4,1,A,1,0,0,0,0,0,0,0,0,0,0,60,240,0,1,0,2,1,61,-61,0,196583,998,-8,63,0,2,2,5,0,3,0,995,2.6,120,16,16,23.2,2.6,23.3,59.126421426402,10,3
12314,26,146,1-26-2018-146-05,5,2,JT2BG22K7W02,17,49,40,1998,4,1,3,0,1,F,3,1360,5,0,1,5,1,72,1,0,0,995,0,0,0,95626,1,1,0,5,5,1,2,1,1,2,1,3,0,0,3,1,0,0,1,0,1,4,62,1,1,1,6,M,98,0,0,0,0,0,0,0,0,0,0,240,60,0,1,0,2,1,52,-52,0,138284,998,2,49,0,2,2,5,0,3,0,995,9.8,998,998,998,99.8,99.8,99.8,59.126421426402,10,3
12317,20,124,1-20-2018-124-05,5,1,1GKS2AE06BR2,17,23,421,2011,15,3,15,0,1,F,1,2511,5,0,1,1,1,105,1,0,1,0,2,0,2,93925,9,1,0,2,2,1,2,1,1,9,1,3,2,3,2,1,0,0,9,1,1,2,13,99,9,4,1,A,1,1,3,9,6,1,3,61,1,1,18,998,998,0,0,0,1,1,14,-14,0,20825,998,0,14,0,1,2,12,0,3,3,998,3.6,999,999,999,36.4,12.6,38.4,33.8478858279198,11,3
12319,26,147,1-26-2018-147-06,6,1,JF2SH666X9H7,17,48,401,2009,14,3,14,0,1,R,9,1483,5,9999,9,0,1,40,1,1,8,997,8,0,0,95746,1,2,2,4,5,3,2,1,1,1,1,2,0,0,3,1,1,2,9,0,11,2,15,7,1,1,4,J,68,0,0,0,0,0,0,0,0,0,0,5,265,0,0,0,1,0,999,999,999,9999999,999,999,999,9,0,1,1,0,4,0,995,9.8,998,998,998,99.8,99.8,99.8,889.943754030233,10,3
12319,26,147,1-26-2018-147-06,6,2,JTHBK2628720,17,59,35,2007,4,1,3,0,1,F,9,1567,5,9999,9,4,1,40,1,0,0,995,0,0,0,95816,1,9,2,1,2,1,2,1,1,1,3,3,0,0,3,1,1,2,9,0,1,2,17,99,1,1,4,J,69,0,0,0,0,0,0,0,0,0,0,265,5,0,0,0,1,12,999,999,999,9999999,999,999,999,9,0,0,0,0,0,0,995,9.8,998,998,998,99.8,99.8,99.8,889.943754030233,10,3
12320,21,128,1-21-2018-128-01,1,1,JTHBA30G5551,17,59,31,2005,4,1,3,0,1,T,3,1570,5,0,2,5,1,113,1,1,1,98,2,0,2,92557,2,2,0,1,3,2,2,1,1,9,1,3,0,3,2,1,0,0,3,1,15,3,51,2,1,2,2,D,24,1,12,2,5,1,1,61,1,1,126,997,997,0,0,0,2,6,999,999,999,9999999,999,999,999,8,0,2,5,0,4,3,997,9.8,998,998,998,99.8,99.8,99.8,33.7653749903808,11,3
12320,21,128,1-21-2018-128-01,1,2,JN1AJ0HP1AM7,17,58,40,2010,6,1,4,0,1,L,9,1776,5,9999,9,5,1,113,1,0,1,0,3,0,1,93021,9,1,0,1,3,2,2,1,1,9,1,3,0,3,2,1,0,0,1,0,1,3,53,1,1,1,2,D,25,1,10,2,2,1,4,61,1,1,60,997,997,0,0,0,3,6,999,999,999,9999999,999,999,999,9,0,3,22,1,1,3,997,3.4,999,999,999,39.7,10.7,40.9,33.7653749903808,11,3
12321,21,129,1-21-2018-129-09,9,1,19UYA42601A0,17,54,37,2001,2,1,3,0,1,F,9,1592,5,0,2,0,1,105,1,0,0,995,0,0,0,92376,9,1,0,2,4,4,1,1,1,9,3,2,0,0,3,1,0,0,1,1,1,2,12,1,9,4,1,B,6,0,0,0,0,0,0,0,0,0,0,998,998,0,0,0,1,0,999,999,999,9999999,999,999,999,9,0,0,0,0,0,0,998,3.1,999,999,999,99.9,99.9,99.9,904.124049382222,11,3
12322,21,130,1-21-2018-130-01,1,1,1GCEC14X17Z6,17,20,481,2007,34,5,31,0,1,T,2,1836,5,9999,9,4,1,105,1,1,1,170,3,0,2,92544,9,1,0,2,5,3,2,1,3,9,3,3,0,0,2,1,0,0,9,1,14,2,13,99,1,4,1,A,1,1,3,2,2,2,4,31,4,2,12,997,997,0,0,0,2,6,999,999,999,9999999,999,999,999,7,0,9,0,0,1,2,997,3.6,999,999,999,27.7,3.6,27.9,15.7219216252342,11,3
12327,15,130,1-15-2018-130-04,4,1,SAJBJ4FX7JCY,17,39,37,2018,4,1,5,0,1,F,1,1763,5,9999,9,0,1,48,1,8,9,998,8,7,9,11530,9,9,2,4,4,2,2,2,1,1,3,2,0,0,1,8,0,0,9,0,11,2,15,99,1,1,4,J,68,0,0,0,0,0,0,0,0,0,0,185,70,0,0,0,1,3,7,-7,-1,2601,998,-38,6,0,4,0,0,0,0,0,995,9.8,998,998,998,99.8,99.8,99.8,1631.3703379252,1,3
12327,15,130,1-15-2018-130-04,4,2,6G2ER577X9L2,17,22,24,2009,4,1,5,0,1,L,1,1762,5,0,1,1,1,48,1,8,9,998,8,7,9,11001,9,9,2,4,4,1,2,2,1,1,0,3,0,0,1,8,0,0,9,0,1,4,62,99,9,1,4,J,69,0,0,0,0,0,0,0,0,0,0,70,185,0,0,0,1,3,7,-4,6,6460,998,-70,9,0,4,99,99,0,99,0,995,0.0,25,10,15,0.0,0.0,0.0,1631.3703379252,1,3
12328,12,78,1-12-2018-078-04,4,1,2C3CDXAT5HH5,17,7,24,2017,4,1,5,5,1,F,1,1934,5,0,1,1,1,56,1,0,0,995,0,0,0,73401,1,2,3,4,4,2,1,2,1,1,3,2,0,0,1,8,0,0,1,0,1,4,71,2,1,1,5,L,86,0,0,0,0,0,0,0,0,0,0,260,350,0,0,0,1,5,999,999,999,9999999,999,999,10,2,0,0,0,0,0,0,995,9.8,998,998,998,99.8,99.8,99.8,760.314971852383,9,3
12328,12,78,1-12-2018-078-04,4,2,JTHBJ46G1922,17,59,31,2009,4,1,4,0,1,R,1,1624,5,0,1,5,0,56,1,0,0,995,0,0,0,73401,9,9,3,4,2,1,2,2,1,4,0,0,0,0,1,8,0,0,9,0,1,2,17,1,1,1,5,L,87,0,0,0,0,0,0,0,0,0,0,350,260,0,0,0,1,5,999,999,999,9999999,999,999,20,2,0,95,95,95,95,0,995,9.8,998,998,998,99.8,99.8,99.8,760.314971852383,9,3
12346,11,59,1-11-2018-059-05,5,1,1N4AA5AP2BC8,17,35,39,2011,4,1,4,0,1,F,1,1630,5,0,1,1,1,97,1,0,1,189,2,0,1,23225,2,9,0,2,3,1,2,1,1,1,1,3,0,0,2,1,0,0,1,1,1,2,13,99,1,4,1,A,1,0,0,0,0,0,0,0,0,0,0,998,998,0,0,0,1,10,999,999,999,9999999,999,-8,24,2,0,2,9,0,3,0,998,3.7,120,20,60,45.0,3.7,45.7,216.825071210048,8,3
12346,11,59,1-11-2018-059-05,5,2,5LMFU28R13LJ,17,13,421,2003,15,3,15,0,1,F,1,2619,5,9999,9,0,1,97,1,0,0,995,0,0,0,23803,9,9,0,2,3,3,2,1,1,1,3,1,0,0,2,1,0,0,1,0,1,3,50,99,1,1,6,M,98,0,0,0,0,0,0,0,0,0,0,10,115,0,0,0,2,3,9,-9,0,12380,998,0,11,0,4,0,0,0,0,0,995,9.8,998,998,998,99.8,99.8,99.8,216.825071210048,8,3
12347,77,48,1-77-2018-048-05,5,1,JA3AU26U39U0,17,52,46,2009,4,1,2,0,1,F,9,1325,5,9999,9,0,1,89,1,1,8,997,8,9,9,22701,9,9,2,2,5,2,2,1,1,1,1,1,0,2,2,1,1,2,3,1,1,3,50,99,1,2,2,D,20,0,0,0,0,0,0,0,0,0,0,225,225,0,0,0,1,0,999,999,999,9999999,999,999,999,9,0,9,97,0,99,0,995,9.8,998,998,998,99.8,99.8,99.8,169.383861572532,9,3
12347,77,48,1-77-2018-048-05,5,2,JTMRFREV9JJ2,17,49,402,2018,14,3,14,0,1,B,2,1610,5,0,1,1,1,89,1,0,0,995,0,0,0,22980,9,9,2,2,5,3,2,1,1,1,1,1,0,2,2,1,1,2,1,0,5,3,53,1,1,1,2,D,21,0,0,0,0,0,0,0,0,0,0,225,225,0,0,0,1,5,999,999,999,9999999,999,999,999,7,0,99,99,0,99,0,995,9.8,998,998,998,99.8,99.8,99.8,169.383861572532,9,3
12348,77,49,1-77-2018-049-02,2,1,2C4RC1BGXGR1,17,6,441,2016,20,4,20,0,1,F,1,2115,5,0,1,1,1,72,1,0,1,0,2,0,0,22701,1,2,0,4,2,1,2,2,3,4,1,2,1,0,1,2,6,2,3,1,14,2,13,3,2,4,1,A,1,0,0,0,0,0,0,0,0,0,0,998,998,0,1,1,1,1,12,-12,0,14706,998,72,12,0,4,1,1,0,3,0,998,0.6,52,52,120,44.4,3.6,44.5,191.424290157716,9,3
12349,24,109,1-24-2018-109-07,7,1,1GKDT13S2423,17,23,401,2004,14,3,14,0,1,B,1,2092,5,0,1,2,0,80,1,0,0,995,0,0,0,08201,9,9,3,4,2,1,2,1,1,1,1,2,0,0,1,1,0,0,1,0,2,3,53,1,1,1,2,D,29,0,0,0,0,0,0,0,0,0,0,260,260,0,0,0,1,1,10,10,0,9100,998,39,10,0,4,95,95,95,95,0,995,9.8,998,998,998,99.8,99.8,99.8,847.902634374638,1,3
12349,24,109,1-24-2018-109-07,7,2,5XYKT3A69CG2,17,63,402,2012,14,3,14,0,1,F,1,1635,5,0,1,1,1,80,1,0,0,995,0,0,0,08201,1,2,3,4,2,1,2,1,1,1,1,2,0,0,1,1,0,0,3,0,1,3,52,1,1,1,2,D,28,0,0,0,0,0,0,0,0,0,0,260,260,0,0,0,1,1,13,-13,0,12906,998,56,13,0,4,0,0,0,0,0,995,9.8,998,998,998,99.8,99.8,99.8,847.902634374638,1,3
12350,24,110,1-24-2018-110-09,9,1,1N4AL11E05N9,17,35,47,2005,4,1,4,0,1,F,3,1378,5,0,1,1,1,56,1,0,0,995,0,0,0,08232,2,2,1,2,4,2,2,2,1,1,3,3,0,0,3,2,0,0,9,1,1,2,13,99,9,4,1,A,2,1,1,2,5,6,1,98,3,1,999,998,998,0,0,0,3,7,999,999,999,9999999,999,999,999,8,0,1,1,0,4,7,998,9.9,999,999,999,99.9,99.9,99.9,896.672027343173,1,3
12352,28,77,1-28-2018-077-10,10,1,1C3LC56R27N5,17,6,43,2007,4,1,3,0,1,L,1,1552,5,0,1,1,1,64,1,0,0,995,0,0,0,16912,1,2,0,4,2,1,2,1,1,2,0,0,0,0,2,1,0,0,1,1,1,6,87,3,2,4,1,A,3,1,5,2,2,1,4,61,1,2,28,997,997,0,0,0,2,6,999,999,999,9999999,999,999,999,6,0,0,0,0,0,3,997,0.0,120,120,110,2.3,2.5,3.4,1068.69356032007,3,3