CASEID,PSU,CASENO,CASENUMBER,CATEGORY,VEHNO,VIN,VINLENGTH,MAKE,MODEL,MODELYR,BODYTYPE,BODYCAT,VEHCLASS,SPECUSE,TRANSTAT,DAMPLANE,DAMSEV,CURBWT,CURBSRC,CARGOWT,CARGOSRC,INSPTYPE,TOWSTAT,SPEEDLIMIT,DRPRESENT,PARALCOHOL,ALCTEST,ALCTESTRESULT,ALCTESTSRC,PARDRUG,DRUGTEST,ZIP,RACE,ETHNICITY,RELTOJUNCT,TRAFFLOW,RDLANES,INITLANE,SURFTYPE,SURFCOND,ALIGNMENT,PROFILE,LINERIGHT,LINELEFT,RUMBINIT,RUMBROAD,LIGHTCOND,WEATHER,TRAFDEV,TRAFFUNCT,DISTRACT,PREFHE,PREMOVE,CRITCAT,CRITEVENT,MANEUVER,PRESTAB,PRELOC,CRASHCAT,CRASHCONF,CRASHTYPE,ROLLTYPE,ROLLTURN,ROLLINTRPT,ROLLPREMAN,ROLLINITYP,ROLLINLOC,ROLLOBJ,ROLLTRIP,ROLLDIR,ROLLDIST,DVANGTHIS,DVANGOTH,TOWHITCH,TRAJDOC,TREEPOLE,DVEVENT,DVBASIS,DVTOTAL,DVLONG,DVLAT,DVENERGY,DVSPEED,DVMOMENT,DVBES,DVEST,DVCONF,VAIS,VISS,VINJURED,VTREAT,INITOBJCLASS,HEADANGLECAT,SHLDRWIDTH,STRKLENGTH,STRKWIDTH,STRKHEIGHT,EDGEDISTX,EDGEDISTY,EDGEDISTZ,CASEWGT,PSUSTRAT,VERSION
12390,59,91,1-59-2018-091-08,8,1,1HGCM56445A0,17,37,32,2005,4,1,3,0,1,F,1,1504,5,0,1,1,1,80,1,8,1,0,2,9,2,46226,9,9,2,4,2,1,2,1,1,9,0,1,0,0,3,1,2,2,9,1,1,2,13,99,1,4,1,A,1,0,0,0,0,0,0,0,0,0,0,998,998,0,0,0,1,12,999,999,999,9999999,999,999,999,1,0,9,97,0,6,0,998,9.9,999,999,999,0.0,0.0,0.0,88.5736254686737,6,3
12391,33,99,1-33-2018-099-06,6,1,5J6RE4H30AL0,17,37,402,2010,14,3,14,0,1,T,2,1597,5,0,1,1,1,105,1,0,0,995,0,0,0,95928,1,2,0,1,2,1,2,1,1,1,1,3,2,3,1,1,0,0,9,1,1,3,52,4,1,4,1,A,1,1,4,2,6,2,4,31,4,2,12,997,997,0,0,0,2,6,999,999,999,9999999,999,999,999,7,0,1,2,0,4,2,997,9.8,998,998,998,99.8,99.8,99.8,266.932884724468,12,3
12392,33,100,1-33-2018-100-02,2,1,JTHGL5EF8F50,17,59,32,2015,4,1,5,0,1,F,1,1940,8,0,1,1,1,56,1,0,0,995,0,0,0,95966,1,2,3,5,5,3,2,2,2,1,4,4,0,0,1,2,0,0,9,0,11,2,15,2,1,2,4,J,68,0,0,0,0,0,0,0,0,0,0,180,45,0,1,0,1,1,18,-16,-9,13062,998,-75,12,0,1,3,10,1,3,0,995,9.8,998,998,998,99.8,99.8,99.8,23.7983979496905,12,3
12392,33,100,1-33-2018-100-02,2,2,4TANL42N5YZ6,17,49,472,2000,34,5,30,0,1,F,2,1170,5,0,1,1,1,56,1,0,0,995,0,0,0,95965,1,2,3,4,5,2,2,2,3,1,3,2,0,0,1,2,0,0,9,0,14,4,62,99,1,1,4,J,69,0,0,0,0,0,0,0,0,0,0,45,180,0,1,0,1,1,29,-29,5,70059,998,67,34,0,1,0,0,0,0,0,995,9.8,998,998,998,99.8,99.8,99.8,23.7983979496905,12,3
12393,33,101,1-33-2018-101-02,2,1,1FTEX1EP9JKF,17,12,481,2018,34,5,31,0,1,F,1,2081,5,0,1,1,1,89,1,0,1,0,2,0,1,95969,1,2,0,1,2,1,2,1,1,2,1,3,0,0,1,8,0,0,3,1,1,2,12,1,1,4,1,B,6,0,0,0,0,0,0,0,0,0,0,998,998,0,0,0,1,1,20,-20,0,32214,998,0,20,0,1,2,12,0,3,0,998,3.0,999,999,999,99.9,99.9,99.9,23.7983979496905,12,3
12393,33,101,1-33-2018-101-02,2,2,5TFUMSF18JX0,17,49,482,2018,34,5,31,0,1,9,9,2450,5,9999,9,0,0,89,1,0,0,995,0,0,0,95969,9,9,0,1,2,2,2,1,1,2,3,2,0,0,1,8,0,0,1,0,1,8,98,99,1,1,6,M,98,0,0,0,0,0,0,0,0,0,0,998,998,0,0,0,5,0,999,999,999,9999999,999,999,999,9,0,95,95,95,95,0,998,9.8,998,998,998,99.8,99.8,99.8,23.7983979496905,12,3
12394,29,96,1-29-2018-096-04,4,1,4T3ZF13C7WU0,17,49,442,1998,20,4,20,0,1,F,1,1705,5,0,1,1,1,80,1,0,0,995,0,0,9,02745,7,1,0,2,3,1,2,1,1,9,1,3,0,0,3,1,0,0,9,1,6,2,10,99,1,2,2,F,47,0,0,0,0,0,0,0,0,0,0,998,998,0,0,0,3,1,23,-21,-8,46842,998,-74,23,0,4,2,6,0,8,0,998,2.2,120,999,999,3.0,2.2,4.0,1852.00149778656,2,3
12394,29,96,1-29-2018-096-04,4,2,JM1GL1VM4J13,17,41,50,2018,4,1,4,0,1,F,1,1474,5,0,1,1,1,80,1,0,0,995,0,0,9,02745,1,2,0,2,3,2,2,1,1,9,1,3,0,0,3,1,0,0,1,0,1,4,61,2,1,1,2,F,45,0,0,0,0,0,0,0,0,0,0,998,998,0,0,0,2,1,12,-9,-8,18779,998,-143,12,0,1,1,3,0,4,0,998,2.2,120,999,999,2.2,3.0,4.0,1852.00149778656,2,3
12395,29,97,1-29-2018-097-08,8,1,JTDKB20U5877,17,49,46,2008,4,1,3,0,1,L,1,1335,5,0,1,1,1,48,1,8,1,0,2,7,2,02746,1,2,0,1,2,2,2,2,1,2,3,2,0,0,3,8,0,0,1,1,1,1,1,8,1,4,1,B,7,0,0,0,0,0,0,0,0,0,0,998,998,0,1,1,1,1,13,-13,0,13260,998,-82,13,0,1,3,10,1,3,0,998,0.3,117,117,120,24.3,3.2,24.5,291.356327797082,2,3
12396,17,147,1-17-2018-147-10,10,1,1FAFP56285A2,17,12,17,2005,4,1,3,0,1,F,9,1500,5,9999,9,0,1,72,1,1,1,427,1,7,0,61265,1,2,0,4,4,1,2,1,1,1,1,3,0,0,3,1,0,0,9,1,4,2,13,99,1,4,1,A,1,0,0,0,0,0,0,0,0,0,0,998,998,0,0,0,1,0,999,999,999,9999999,999,999,999,9,0,0,0,0,4,0,998,1.2,119,119,-4,24.0,18.0,30.0,3800.32404864604,4,3
12397,17,148,1-17-2018-148-06,6,1,4T4BF3EK0BR1,17,49,40,2011,4,1,4,0,1,F,1,1500,5,0,1,1,1,48,1,9,0,995,0,9,0,61265,1,2,2,4,2,1,1,1,1,1,0,4,0,0,1,1,2,2,2,0,1,2,17,1,1,1,5,L,87,0,0,0,0,0,0,0,0,0,0,260,190,0,0,0,2,1,17,-15,-9,24597,998,-40,19,0,4,0,0,0,0,0,995,9.8,998,998,998,99.8,99.8,99.8,206.694093042604,4,3
12397,17,148,1-17-2018-148-06,6,2,2T3BF4DV6BW1,17,49,402,2011,14,3,14,0,1,L,1,1613,5,0,1,1,1,48,1,9,0,995,0,9,0,61201,3,2,2,4,2,1,1,1,1,2,0,4,0,0,1,1,0,0,1,0,1,4,66,2,1,1,5,L,86,0,0,0,0,0,0,0,0,0,0,190,260,0,0,0,2,1,15,-3,14,9873,998,-25,12,0,1,1,1,0,4,0,995,9.8,998,998,998,99.8,99.8,99.8,206.694093042604,4,3
12398,15,131,1-15-2018-131-04,4,1,WDDZF4KB3HA0,17,42,48,2017,4,1,5,0,1,F,9,1765,5,0,2,6,1,64,1,8,9,998,8,7,9,11530,3,2,0,4,4,1,2,1,1,1,0,1,0,0,1,1,0,0,1,1,8,8,98,1,1,6,2,F,49,0,0,0,0,0,0,0,0,0,0,150,170,0,0,0,1,5,999,999,999,9999999,999,999,999,9,0,0,0,0,0,0,995,9.8,998,998,998,99.8,99.8,99.8,936.102607379454,1,3
12398,15,131,1-15-2018-131-04,4,2,999999999999,99,99,898,2012,78,8,78,0,1,R,9,,,,,,0,64,1,8,9,998,8,7,9,11554,9,9,0,4,4,1,2,1,1,1,1,3,0,0,1,1,0,0,9,0,1,4,64,99,1,1,2,F,49,,,,,,,,,,,,,,,,,,,,,,,,,,,95,95,95,95,,,9.8,998,998,998,99.8,99.8,99.8,936.102607379454,1,3
12399,15,132,1-15-2018-132-09,9,1,3HGCM56476G7,17,37,32,2006,4,1,3,0,1,R,1,1440,5,0,1,1,1,48,1,8,9,998,8,7,9,11530,9,9,2,5,5,1,2,1,1,2,1,3,0,0,3,8,0,0,9,0,1,4,67,99,1,1,4,K,83,0,0,0,0,0,0,0,0,0,0,180,80,0,0,0,1,3,5,3,-5,3763,998,2,8,0,4,99,99,0,8,0,995,0.2,40,15,15,0.0,0.0,0.0,1133.58441125572,1,3
12399,15,132,1-15-2018-132-09,9,2,1HGCP2F70BA0,17,37,32,2011,4,1,4,0,1,F,1,1523,5,9999,9,0,0,40,1,8,9,998,8,7,9,11010,9,9,2,4,2,1,2,1,1,2,0,2,0,0,3,8,2,2,9,0,11,2,15,99,1,1,4,K,82,0,0,0,0,0,0,0,0,0,0,80,180,0,0,0,1,3,6,-4,-4,1622,998,-143,4,0,4,95,95,95,95,0,995,9.8,998,998,998,99.8,99.8,99.8,1133.58441125572,1,3
12400,16,144,1-16-2018-144-03,3,1,1G4GB5G34EF2,17,18,22,2014,4,1,4,0,1,L,1,1772,5,0,1,1,1,40,1,0,0,995,0,0,0,45224,1,2,2,4,2,1,2,1,1,1,0,0,0,0,3,1,2,2,1,0,11,2,15,1,1,1,4,J,68,0,0,0,0,0,0,0,0,0,0,45,165,0,0,0,1,1,13,-6,11,17056,998,32,15,0,1,3,11,1,6,0,995,9.8,998,998,998,99.8,99.8,99.8,621.967130656562,5,3
12400,16,144,1-16-2018-144-03,3,2,1J4GL58K44W1,17,2,405,2004,14,3,14,0,1,F,1,1834,5,0,1,1,1,56,1,0,0,995,0,0,0,45238,1,2,2,4,4,1,2,1,1,2,0,3,0,0,3,1,0,0,1,0,1,4,67,3,1,1,4,J,69,0,0,0,0,0,0,0,0,0,0,165,45,0,0,0,1,1,13,-13,0,9593,998,0,11,0,1,1,1,0,4,0,995,1.0,74,34,15,3.8,1.0,3.1,621.967130656562,5,3
12401,16,145,1-16-2018-145-09,9,1,2G4WS52J3Y12,17,18,7,2000,4,1,3,0,1,F,1,1528,5,0,2,1,1,56,1,8,0,995,0,7,0,45053,1,2,0,4,2,1,2,2,2,1,1,2,0,0,2,2,6,2,1,1,14,2,12,7,1,4,1,B,6,0,0,0,0,0,0,0,0,0,0,998,998,0,1,1,1,1,15,-15,0,15711,998,50,15,0,1,0,0,0,0,0,998,0.1,20,20,66,1.5,1.2,2.0,2483.18606027885,5,3
12403,21,131,1-21-2018-131-09,9,1,4T1BF18B4WU2,17,49,43,1998,4,1,3,0,1,F,1,1560,5,0,2,1,1,40,1,0,0,995,0,0,0,92411,2,2,2,4,2,1,2,2,2,1,0,0,0,0,1,8,0,0,9,1,14,2,12,1,1,4,1,B,6,0,0,0,0,0,0,0,0,0,0,998,998,0,0,0,1,98,999,999,999,9999999,999,999,999,6,0,1,1,0,99,0,998,1.6,120,15,24,0.0,0.0,0.0,4893.44267386113,11,3
12404,18,77,1-18-2018-077-04,4,1,1GNDT13W4Y24,17,20,401,2000,14,3,14,0,1,F,2,1871,5,0,1,1,1,56,1,0,0,995,0,0,0,54014,1,2,2,1,3,3,2,1,3,1,1,0,0,0,1,8,1,2,3,0,11,2,15,2,1,1,4,J,68,0,0,0,0,0,0,0,0,0,0,130,0,0,0,0,1,3,25,-21,-12,61010,998,-105,23,0,1,0,0,0,0,0,995,9.8,998,998,998,99.8,99.8,99.8,2957.34087382597,6,3
12404,18,77,1-18-2018-077-04,4,2,5TDJKRFH9GS2,17,49,403,2016,14,3,14,0,1,F,1,2035,5,0,1,1,1,56,1,0,0,995,0,0,0,54701,1,2,2,1,2,2,2,1,1,1,3,0,0,0,1,8,1,2,1,0,1,4,62,1,1,1,4,J,69,0,0,0,0,0,0,0,0,0,0,0,130,0,0,0,1,3,22,-21,7,61010,998,76,24,0,4,0,0,0,0,0,995,9.8,998,998,998,99.8,99.8,99.8,2957.34087382597,6,3
12405,28,78,1-28-2018-078-03,3,1,2C4RDGCG4CR2,17,7,442,2012,20,4,20,0,1,F,1,1960,5,0,1,1,1,72,1,0,0,995,0,0,0,16923,1,2,2,4,2,1,2,1,1,4,1,2,1,0,1,1,2,2,1,0,1,2,17,3,1,1,5,L,88,0,0,0,0,0,0,0,0,0,0,110,15,0,0,0,1,1,12,-11,-4,11253,998,-22,12,0,4,1,1,0,4,0,995,9.8,998,998,998,99.8,99.8,99.8,46.4229311416256,3,3
12405,28,78,1-28-2018-078-03,3,2,1G1JC6SH7G41,17,20,28,2016,5,1,1,0,1,L,1,1230,5,0,1,1,1,72,1,0,1,0,2,0,1,14885,9,9,2,4,2,1,2,1,1,4,0,0,0,0,1,1,2,2,2,0,1,2,17,2,1,1,5,L,89,0,0,0,0,0,0,0,0,0,0,15,110,0,0,0,1,1,18,-9,15,27360,998,103,17,0,1,2,5,0,3,0,995,9.8,998,998,998,99.8,99.8,99.8,46.4229311416256,3,3
12407,31,74,1-31-2018-074-09,9,1,2G2WR5245411,17,22,20,2004,4,1,4,0,1,F,1,1625,5,0,2,5,1,89,1,0,8,997,8,0,0,62938,1,2,0,4,2,1,2,1,3,3,1,2,2,2,2,1,0,0,1,1,14,4,62,4,1,4,1,A,3,0,0,0,0,0,0,0,0,0,0,998,998,0,0,0,1,1,13,-13,0,13428,998,46,13,0,4,0,0,0,6,0,998,1.1,83,83,76,35.6,2.8,35.7,1028.28319278908,6,3
12408,31,75,1-31-2018-075-04,4,1,1FTNE2EL9EDB,17,12,461,2014,21,4,21,0,1,L,1,2268,5,9999,9,0,0,89,1,0,9,998,8,0,0,42003,9,9,2,1,2,1,2,1,1,1,1,2,0,0,1,1,0,0,9,0,12,3,51,99,1,1,6,M,98,0,0,0,0,0,0,0,0,0,0,145,170,0,0,0,1,3,3,1,3,978,998,10,3,0,4,95,95,95,95,0,995,9.8,998,998,998,99.8,99.8,99.8,1115.7684835236,6,3
12408,31,75,1-31-2018-075-04,4,2,2G1125S30F92,17,20,2,2015,4,1,4,0,1,F,1,1717,5,0,1,1,1,89,1,0,9,998,8,0,0,62844,9,9,2,1,2,1,2,1,1,1,1,2,0,0,1,1,0,0,9,0,1,4,61,2,1,1,6,M,98,0,0,0,0,0,0,0,0,0,0,170,145,0,0,0,1,3,21,-18,-10,20013,998,-58,15,0,4,99,99,0,99,0,995,9.8,998,998,998,99.8,99.8,99.8,1115.7684835236,6,3
12409,30,90,1-30-2018-090-07,7,1,1NXBR32EX4Z2,17,49,32,2004,4,1,2,0,1,R,3,1135,5,9999,9,0,1,56,1,0,0,995,0,0,0,85043,9,9,2,5,6,3,2,1,1,1,4,4,0,0,4,1,0,0,9,0,11,2,15,99,1,1,4,J,68,0,0,0,0,0,0,0,0,0,0,255,165,0,0,0,1,3,40,-14,-38,101933,998,43,44,0,4,0,0,0,0,0,995,9.8,998,998,998,99.8,99.8,99.8,602.423489473882,10,3
12409,30,90,1-30-2018-090-07,7,2,2C3CDYBT2DH6,17,7,28,2013,2,1,5,0,1,F,2,1852,5,0,1,1,1,56,1,0,0,995,0,0,0,85006,1,1,2,5,6,1,2,1,1,1,0,3,0,0,4,1,0,0,1,0,1,4,62,4,1,1,4,J,69,0,0,0,0,0,0,0,0,0,0,165,255,0,0,0,1,3,26,-25,9,43755,998,77,22,0,4,1,1,0,5,0,995,9.8,998,998,998,99.8,99.8,99.8,602.423489473882,10,3
12410,59,92,1-59-2018-092-08,8,1,1G2NE52F74M6,17,22,18,2004,4,1,3,0,1,L,1,1393,5,0,1,1,1,48,1,0,0,995,0,0,0,47804,9,9,2,4,3,1,2,1,1,1,0,1,0,0,1,1,1,2,9,0,1,4,66,2,1,1,5,L,89,0,0,0,0,0,0,0,0,0,0,0,80,0,0,0,1,3,13,0,13,14178,998,64,14,0,4,99,99,0,99,0,995,9.8,998,998,998,99.8,99.8,99.8,88.5736254686737,6,3
12410,59,92,1-59-2018-092-08,8,2,1GNDT13S6222,17,20,401,2002,14,3,14,0,1,F,1,2099,5,9999,9,0,1,48,1,0,0,995,0,0,0,62821,9,9,2,4,5,1,2,1,1,1,0,1,0,0,1,1,1,2,9,0,1,4,66,99,1,1,5,L,88,0,0,0,0,0,0,0,0,0,0,80,0,0,0,0,1,3,9,-9,-2,5360,998,-39,8,0,4,1,2,0,4,0,995,9.8,998,998,998,99.8,99.8,99.8,88.5736254686737,6,3
12412,11,60,1-11-2018-060-02,2,1,1G11D5SL8FF2,17,20,37,2015,4,1,3,0,1,F,2,1625,5,0,1,1,1,97,1,1,1,229,2,0,2,23237,1,9,1,3,2,2,2,1,2,9,3,1,0,0,2,1,0,0,1,1,14,2,12,2,1,4,1,B,6,0,0,0,0,0,0,0,0,0,0,998,998,0,0,0,1,10,999,999,999,9999999,999,-37,29,3,0,2,5,0,4,0,998,0.8,999,999,999,99.9,99.9,99.9,349.847731166731,8,3
12412,11,60,1-11-2018-060-02,2,2,JTHBE1BL3FA0,17,59,34,2015,4,1,4,0,1,R,1,1765,5,0,1,1,1,97,1,0,0,995,0,0,0,23803,9,9,1,3,2,1,2,1,2,9,1,3,0,0,2,1,0,0,1,0,14,4,61,99,1,1,6,M,98,0,0,0,0,0,0,0,0,0,0,160,150,0,0,0,2,3,7,6,-2,5072,998,-33,8,0,4,0,0,0,0,0,995,9.8,998,998,998,99.8,99.8,99.8,349.847731166731,8,3
12413,28,79,1-28-2018-079-10,10,1,3GCEK13J18G3,17,20,481,2008,34,5,31,0,1,F,2,2440,8,9999,9,1,1,56,1,1,1,210,1,0,0,16901,1,2,0,4,2,1,2,2,3,4,1,2,0,0,2,1,0,0,9,1,14,2,13,2,1,4,1,A,1,0,0,0,0,0,0,0,0,0,0,998,998,0,0,1,1,11,999,999,999,9999999,999,999,999,7,0,0,0,0,0,0,998,0.3,17,17,109,20.9,4.1,21.6,89.0826665600421,3,3
12414,24,111,1-24-2018-111-03,3,1,WBAKP9C54EDZ,17,34,35,2014,4,1,5,1,1,R,1,2010,5,0,1,1,1,80,1,0,0,995,0,0,0,18940,9,9,2,4,2,1,2,2,1,1,1,2,0,0,1,4,2,2,9,0,1,2,17,10,1,1,5,L,87,0,0,0,0,0,0,0,0,0,0,50,350,0,0,0,1,5,999,999,999,9999999,999,999,7,1,0,1,2,0,6,0,995,9.8,998,998,998,99.8,99.8,99.8,630.978317039458,1,3
12414,24,111,1-24-2018-111-03,3,2,1GDP8C1327F4,17,23,881,2007,63,8,60,0,1,F,9,,,,,,0,72,1,0,0,995,0,0,0,08232,9,9,2,4,2,1,2,2,1,1,1,2,0,0,1,4,0,0,9,0,1,4,66,99,1,1,5,L,86,,,,,,,,,,,,,,,,,,,,,,,,,,,95,95,95,95,,,9.8,998,998,998,99.8,99.8,99.8,630.978317039458,1,3
12416,77,50,1-77-2018-050-06,6,1,JF2SH6CC5AG7,17,48,401,2010,14,3,14,0,1,F,1,1483,5,0,1,1,1,56,1,0,0,995,0,0,0,22968,1,2,0,4,2,1,2,2,3,2,0,2,0,0,2,2,6,2,1,0,14,6,90,2,1,1,1,C,12,0,0,0,0,0,0,0,0,0,0,998,998,0,0,0,1,9,999,999,999,9999999,999,999,999,6,0,0,0,0,4,0,998,9.8,998,998,998,99.8,99.8,99.8,263.452946235441,9,3
12418,12,80,1-12-2018-080-06,6,1,5FNYF3H21DB0,17,37,421,2013,15,3,15,0,1,T,2,1963,5,0,1,1,1,64,1,0,8,997,8,0,0,73401,1,2,0,4,2,1,2,1,2,1,0,0,0,0,3,1,0,0,9,1,14,2,12,1,1,4,1,B,6,1,4,2,2,1,3,61,1,2,15,997,997,0,0,0,2,6,999,999,999,9999999,999,999,999,7,0,0,0,0,4,3,997,0.0,10,10,37,25.7,1.9,26.0,741.652525069151,9,3
12420,23,143,1-23-2018-143-07,7,1,2CNDL33F4962,17,20,404,2009,14,3,14,0,1,F,9,1697,5,9999,9,0,1,113,1,0,0,995,0,0,0,43205,9,9,0,2,3,1,2,1,1,1,1,3,2,3,2,1,0,0,9,0,1,6,87,99,1,1,1,C,13,0,0,0,0,0,0,0,0,0,0,998,998,0,0,0,1,0,999,999,999,9999999,999,999,999,9,0,0,0,0,0,0,998,9.8,998,998,998,99.8,99.8,99.8,433.397380828106,5,3
12421,23,144,1-23-2018-144-02,2,1,1FA6P0H7XG51,17,12,23,2016,4,1,4,0,1,R,3,1558,5,9999,9,0,1,89,1,0,1,0,2,0,1,43011,9,9,2,4,2,1,2,2,1,1,1,2,0,0,2,2,2,2,9,0,1,2,17,99,1,1,5,L,87,0,0,0,0,0,0,0,0,0,0,0,250,0,0,0,1,3,73,-37,-63,613031,998,68,85,0,4,2,5,0,3,0,995,0.6,8,8,119,2.0,2.6,3.2,58.0100435530798,5,3
12421,23,144,1-23-2018-144-02,2,2,1FMCU9G98GUB,17,12,402,2016,14,3,14,0,1,F,3,1713,5,0,1,1,1,89,1,0,0,995,0,0,0,43011,1,2,2,4,2,1,2,2,1,1,1,2,0,0,2,2,0,0,1,0,1,2,17,1,1,1,5,L,86,0,0,0,0,0,0,0,0,0,0,250,0,0,0,0,1,3,70,-69,12,217404,998,33,53,0,4,2,4,0,3,0,995,9.8,998,998,998,99.8,99.8,99.8,58.0100435530798,5,3
12424,66,69,1-66-2018-069-04,4,1,4T1BF1FK9FU9,17,49,40,2015,4,1,4,0,1,R,1,1467,5,0,1,1,1,72,1,0,0,995,0,7,0,63501,1,2,2,4,2,1,2,1,1,1,1,2,0,0,2,1,2,2,1,0,4,4,66,1,1,1,5,L,87,0,0,0,0,0,0,0,0,0,0,90,0,0,0,0,1,1,13,-12,-7,12235,998,75,13,0,4,0,0,0,0,0,995,9.8,998,998,998,99.8,99.8,99.8,921.618035809545,6,3
12424,66,69,1-66-2018-069-04,4,2,4T1BF1FK8DU2,17,49,40,2013,4,1,3,0,1,F,1,1441,5,0,1,1,1,56,1,0,0,995,0,7,0,65536,1,2,2,4,2,1,2,1,1,2,0,0,0,0,2,1,2,2,1,0,4,3,55,2,1,1,5,L,86,0,0,0,0,0,0,0,0,0,0,0,90,0,0,0,1,1,17,-8,14,30804,998,161,17,0,4,0,0,0,0,0,995,9.8,998,998,998,99.8,99.8,99.8,921.618035809545,6,3
12425,76,22,1-76-2018-022-07,7,1,2G1WB5EK1B12,17,20,2,2011,4,1,4,0,1,F,1,1613,5,0,1,1,1,89,1,8,9,998,8,7,9,13839,1,2,0,4,2,1,2,3,3,4,1,2,0,0,4,4,0,0,1,1,14,1,6,2,2,4,1,B,7,0,0,0,0,0,0,0,0,0,0,998,998,0,0,9,1,10,999,999,999,9999999,999,17,13,2,0,0,0,0,0,0,998,1.3,999,999,999,5.7,2.0,5.9,890.12422754003,3,3
12426,27,75,1-27-2018-075-07,7,1,5J6RM4H5XDL0,17,37,402,2013,14,3,14,0,1,T,2,1583,5,0,1,1,1,72,1,0,0,995,0,0,9,01225,1,2,0,4,2,1,2,5,3,4,0,2,0,0,1,8,0,0,1,1,14,1,5,5,2,4,1,A,2,1,4,2,2,5,4,31,1,2,11,997,997,0,0,0,1,6,999,999,999,9999999,999,999,999,7,0,0,0,0,0,2,997,9.8,998,998,998,99.8,99.8,99.8,61.9625476670562,3,3
12427,16,146,1-16-2018-146-09,9,1,1FTEX1EP6JFD,17,12,481,2018,34,5,31,0,1,L,1,2081,5,0,1,2,0,56,1,0,0,995,0,0,0,45243,9,9,2,4,2,1,2,2,1,2,1,2,0,0,5,2,2,2,1,0,11,2,15,1,1,1,4,J,68,0,0,0,0,0,0,0,0,0,0,220,350,0,0,0,1,12,999,999,999,9999999,999,999,999,1,0,95,95,95,95,0,995,9.8,998,998,998,99.8,99.8,99.8,1926.41161307855,5,3
12427,16,146,1-16-2018-146-09,9,2,KMHWF35V7XA0,17,55,33,1999,4,1,3,0,1,F,1,1409,5,0,1,1,1,56,1,0,0,995,0,0,0,45042,9,9,2,4,2,1,2,2,1,1,1,2,0,0,5,2,0,0,1,0,1,4,66,99,1,1,4,J,69,0,0,0,0,0,0,0,0,0,0,350,220,0,0,0,1,12,999,999,999,9999999,999,999,999,2,0,1,2,0,4,0,995,9.8,998,998,998,99.8,99.8,99.8,1926.41161307855,5,3
12429,54,26,1-54-2018-026-10,10,1,1GCDC14H5ME2,17,20,481,1991,34,5,31,0,1,F,1,1744,5,0,1,1,1,72,1,0,0,995,0,0,0,35653,1,2,2,1,3,2,2,2,1,1,3,1,0,2,1,2,1,2,1,0,1,3,51,4,1,1,2,D,24,0,0,0,0,0,0,0,0,0,0,180,180,0,0,0,1,1,18,-18,0,38370,998,-48,22,0,1,0,0,0,0,0,995,9.8,998,998,998,99.8,99.8,99.8,218.811086204579,9,3
12429,54,26,1-54-2018-026-10,10,2,YV1RS5929726,17,51,47,2007,4,1,3,0,1,B,1,1455,5,0,1,1,1,72,1,0,0,995,0,0,0,35653,2,2,2,1,3,2,2,2,1,1,3,1,0,2,1,2,1,2,1,0,2,3,53,2,1,1,2,D,25,0,0,0,0,0,0,0,0,0,0,180,180,0,0,0,1,1,22,22,0,19917,998,-55,17,0,1,0,0,0,0,0,995,9.8,998,998,998,99.8,99.8,99.8,218.811086204579,9,3
12430,73,31,1-73-2018-031-06,6,1,1C3CDZAB6DN7,17,7,26,2013,4,1,3,0,1,F,1,1636,5,0,1,1,1,80,1,0,0,995,0,0,0,04441,9,9,3,4,2,1,2,1,1,1,1,4,0,0,1,1,0,0,1,0,6,4,61,99,1,2,4,J,73,0,0,0,0,0,0,0,0,0,0,130,125,0,0,0,1,3,15,-14,-5,8767,998,-19,11,0,4,99,99,0,99,0,995,9.8,998,998,998,99.8,99.8,99.8,117.783349417783,3,3
12430,73,31,1-73-2018-031-06,6,2,1ZVBP8EN0A51,17,12,3,2010,1,1,3,0,1,L,1,1814,5,0,1,1,1,80,1,0,0,995,0,0,0,04930,9,9,3,4,2,1,2,1,1,1,1,4,0,0,1,1,0,0,1,0,11,2,15,99,1,2,4,J,72,0,0,0,0,0,0,0,0,0,0,125,130,0,0,0,1,3,13,13,5,20339,998,31,16,0,4,0,0,0,0,0,995,9.8,998,998,998,99.8,99.8,99.8,117.783349417783,3,3
12432,25,80,1-25-2018-080-03,3,1,1N6AD0EVXFN7,17,35,472,2015,34,5,30,0,1,F,1,2085,5,0,1,1,1,64,1,0,0,995,0,0,0,04064,1,2,2,4,5,1,2,1,1,1,1,1,0,0,1,1,1,2,3,0,1,2,17,3,1,1,5,L,88,0,0,0,0,0,0,0,0,0,0,70,340,0,0,0,1,5,999,999,999,9999999,999,999,11,2,0,0,0,0,4,0,995,9.8,998,998,998,99.8,99.8,99.8,84.0324700937112,2,3
12432,25,80,1-25-2018-080-03,3,2,JHHUDM1H2HK0,17,98,806,2017,64,8,60,0,1,L,9,,,,,,0,40,1,0,0,995,0,0,0,04064,9,9,2,1,3,2,2,1,1,1,1,0,0,0,1,1,1,2,1,0,1,4,66,99,1,1,5,L,89,,,,,,,,,,,,,,,,,,,,,,,,,,,95,95,95,95,,,9.8,998,998,998,99.8,99.8,99.8,84.0324700937112,2,3