CASEID,PSU,CASENO,CASENUMBER,CATEGORY,VEHNO,VIN,VINLENGTH,MAKE,MODEL,MODELYR,BODYTYPE,BODYCAT,VEHCLASS,SPECUSE,TRANSTAT,DAMPLANE,DAMSEV,CURBWT,CURBSRC,CARGOWT,CARGOSRC,INSPTYPE,TOWSTAT,SPEEDLIMIT,DRPRESENT,PARALCOHOL,ALCTEST,ALCTESTRESULT,ALCTESTSRC,PARDRUG,DRUGTEST,ZIP,RACE,ETHNICITY,RELTOJUNCT,TRAFFLOW,RDLANES,INITLANE,SURFTYPE,SURFCOND,ALIGNMENT,PROFILE,LINERIGHT,LINELEFT,RUMBINIT,RUMBROAD,LIGHTCOND,WEATHER,TRAFDEV,TRAFFUNCT,DISTRACT,PREFHE,PREMOVE,CRITCAT,CRITEVENT,MANEUVER,PRESTAB,PRELOC,CRASHCAT,CRASHCONF,CRASHTYPE,ROLLTYPE,ROLLTURN,ROLLINTRPT,ROLLPREMAN,ROLLINITYP,ROLLINLOC,ROLLOBJ,ROLLTRIP,ROLLDIR,ROLLDIST,DVANGTHIS,DVANGOTH,TOWHITCH,TRAJDOC,TREEPOLE,DVEVENT,DVBASIS,DVTOTAL,DVLONG,DVLAT,DVENERGY,DVSPEED,DVMOMENT,DVBES,DVEST,DVCONF,VAIS,VISS,VINJURED,VTREAT,INITOBJCLASS,HEADANGLECAT,SHLDRWIDTH,STRKLENGTH,STRKWIDTH,STRKHEIGHT,EDGEDISTX,EDGEDISTY,EDGEDISTZ,CASEWGT,PSUSTRAT,VERSION
12492,77,51,1-77-2018-051-08,8,1,JM1BJ222XY02,17,41,35,2000,4,1,2,0,1,F,3,1142,5,0,1,1,1,40,1,9,8,997,8,9,2,22903,9,9,0,4,2,1,2,1,3,2,1,2,0,0,2,1,0,0,9,1,14,1,6,99,9,4,1,C,11,0,0,0,0,0,0,0,0,0,0,998,998,0,0,2,2,10,999,999,999,9999999,999,-10,60,5,0,3,14,1,3,0,998,0.0,34,34,60,5.8,0.1,5.8,139.849216568665,9,3
12492,77,51,1-77-2018-051-08,8,2,1FA6P8TH2J51,17,12,3,2018,2,1,3,0,2,L,1,1603,8,0,1,5,,,,,,,,,,,,,,,,,,,,,,,,,,,,,,,,,,,,,,,,,,,,,,,,,,,,,,,,,,,,,,,,,,95,95,95,95,,,,,,,,,,139.849216568665,9,3
12494,28,80,1-28-2018-080-09,9,1,1GNCT18W1WK2,17,20,421,1998,15,3,15,0,1,R,9,1844,5,0,2,0,1,89,1,0,0,995,0,0,0,17522,1,2,3,4,2,1,5,5,1,4,0,0,0,0,1,1,0,0,2,1,10,2,10,1,1,2,4,K,80,0,0,0,0,0,0,0,0,0,0,999,85,0,0,0,99,0,999,999,999,9999999,999,999,999,9,0,0,0,0,0,0,995,9.8,998,998,998,99.8,99.8,99.8,91.7363075057956,3,3
12494,28,80,1-28-2018-080-09,9,2,1J4FY29PXVP4,17,2,403,1997,14,3,14,0,1,F,1,1403,5,0,1,1,1,89,1,0,0,995,0,0,0,16720,1,2,3,4,2,1,5,5,1,4,0,0,0,0,1,1,0,0,1,0,1,4,72,1,1,1,4,K,81,0,0,0,0,0,0,0,0,0,0,85,999,0,0,0,1,1,15,-14,5,15235,998,52,15,0,4,1,3,0,4,0,995,9.8,998,998,998,99.8,99.8,99.8,91.7363075057956,3,3
12498,32,165,1-32-2018-165-02,2,1,1J4HA5H15BL6,17,2,403,2011,14,3,14,0,1,F,2,2007,5,0,1,1,1,89,1,0,0,995,0,0,0,75019,1,9,2,1,3,1,1,1,1,1,0,3,0,0,1,1,1,2,9,0,1,2,17,4,1,1,5,L,86,0,0,0,0,0,0,0,0,0,0,355,95,0,0,0,1,3,27,-25,9,40330,998,72,20,0,4,99,99,0,5,0,995,9.8,998,998,998,99.8,99.8,99.8,248.371052745513,7,3
12498,32,165,1-32-2018-165-02,2,2,5NPE34AF1FH0,17,55,33,2015,4,1,4,0,1,R,2,1475,5,0,1,4,1,89,1,0,1,0,2,0,2,76051,2,2,2,1,3,3,1,1,1,1,3,1,0,0,1,1,1,2,9,0,1,4,66,99,1,1,5,L,87,0,0,0,0,0,0,0,0,0,0,95,355,0,0,0,1,3,35,-17,-30,113722,998,-48,41,0,4,2,9,0,3,0,995,9.8,998,998,998,99.8,99.8,99.8,248.371052745513,7,3
12500,16,147,1-16-2018-147-03,3,1,5N1AT2MV5FC8,17,35,51,2015,6,1,3,0,1,F,1,1610,5,0,1,5,1,56,1,0,0,995,0,0,0,45241,7,2,0,4,4,2,2,2,2,2,3,2,0,0,1,2,0,0,3,1,14,1,8,1,1,2,3,G,50,0,0,0,0,0,0,0,0,0,0,120,315,0,0,0,1,12,999,999,999,9999999,999,999,999,1,0,1,1,0,4,0,995,9.8,998,998,998,99.8,99.8,99.8,297.68209184486,5,3
12500,16,147,1-16-2018-147-03,3,2,2HKYF18426H5,17,37,421,2006,15,3,15,0,2,L,9,2007,5,9999,9,0,,,,,,,,,,,,,,,,,,,,,,,,,,,,,,,,,,,,,,,,,,,,,,,,,,,,,,,,,,,,,,,,,,95,95,95,95,,,,,,,,,,297.68209184486,5,3
12502,48,26,1-48-2018-026-06,6,1,1G1ZD5E04CF1,17,20,37,2012,4,1,4,0,1,F,1,1551,5,0,2,1,1,121,1,0,0,995,0,0,0,84321,1,2,0,2,3,3,2,1,1,1,3,3,1,3,2,1,0,0,1,0,1,6,87,1,1,1,1,C,13,0,0,0,0,0,0,0,0,0,0,998,998,0,1,0,1,10,999,999,999,9999999,999,-12,22,2,0,1,2,0,6,0,998,9.8,998,998,998,99.8,99.8,99.8,109.375998944374,12,3
12503,10,80,1-10-2018-080-04,4,1,4S4BSACC1J33,17,48,38,2018,6,1,3,0,1,L,1,1614,5,0,2,4,1,56,1,0,0,995,0,0,0,45458,1,2,2,4,2,1,2,2,1,2,0,0,0,0,1,2,2,2,1,0,1,2,17,9,1,1,5,L,89,0,0,0,0,0,0,0,0,0,0,105,180,0,0,0,1,12,999,999,999,9999999,999,999,999,6,0,0,0,0,0,0,995,9.8,998,998,998,99.8,99.8,99.8,299.254155554967,4,3
12503,10,80,1-10-2018-080-04,4,2,2C3CCAGG2GH2,17,6,51,2016,4,1,5,0,1,F,1,2047,5,0,8,4,0,56,1,0,0,995,0,0,0,45458,9,9,2,4,2,1,2,2,1,2,0,2,0,0,1,2,0,0,1,0,1,4,66,7,1,1,5,L,88,0,0,0,0,0,0,0,0,0,0,180,105,0,0,0,1,12,999,999,999,9999999,999,999,999,6,0,95,95,95,95,0,995,9.8,998,998,998,99.8,99.8,99.8,299.254155554967,4,3
12508,52,92,1-52-2018-092-02,2,1,1B7HM16Y7NS6,17,7,481,1992,34,5,31,0,1,R,1,1926,5,0,1,1,1,113,1,0,0,995,0,0,0,59088,1,2,0,4,2,1,1,5,1,1,1,4,1,1,1,8,0,0,1,1,1,1,5,98,4,2,5,L,87,0,0,0,0,0,0,0,0,0,0,270,185,0,0,0,1,1,9,-3,-8,4039,998,-170,5,0,4,1,2,0,4,0,995,9.8,998,998,998,99.8,99.8,99.8,23.6553293117935,12,3
12508,52,92,1-52-2018-092-02,2,2,1FMCU9GD3HUD,17,12,402,2017,14,3,14,0,1,F,1,1668,5,0,1,1,1,113,1,0,0,995,0,0,0,59072,7,1,0,4,2,1,2,5,1,1,1,4,1,1,1,8,0,0,1,1,1,4,62,8,1,2,5,L,86,0,0,0,0,0,0,0,0,0,0,185,270,0,0,0,1,1,9,-8,4,15375,998,66,13,0,3,3,22,1,3,0,995,2.1,120,50,60,4.2,0.0,4.1,23.6553293117935,12,3
12512,14,66,1-14-2018-066-02,2,1,1FTSW31P44EC,17,12,481,2004,34,5,31,0,1,R,9,2723,5,9999,9,0,1,89,1,0,1,0,2,0,1,78070,1,2,0,4,2,1,2,2,1,2,1,2,0,0,2,2,0,0,9,1,1,1,6,99,4,2,3,I,66,9,99,9,9,99,9,99,9,9,999,180,110,0,0,0,1,0,999,999,999,9999999,999,999,999,9,0,3,14,1,3,9,995,9.8,998,998,998,99.8,99.8,99.8,306.268082769781,8,3
12512,14,66,1-14-2018-066-02,2,2,5NPE34AF8FH1,17,55,33,2015,4,1,4,0,1,F,3,1475,5,9999,9,1,1,89,1,0,0,995,0,0,0,78133,1,2,0,4,2,1,2,2,1,4,1,2,0,0,2,2,0,0,9,0,1,4,62,99,1,1,3,I,66,0,0,0,0,0,0,0,0,0,0,110,180,0,0,0,1,98,999,999,999,9999999,999,999,999,8,0,3,13,1,3,0,995,9.8,998,998,998,99.8,99.8,99.8,306.268082769781,8,3
12515,13,126,1-13-2018-126-09,9,1,999999999999,99,99,999,9999,99,10,99,99,1,F,9,,,,,,0,64,1,0,0,995,0,0,0,99999,9,9,2,4,2,1,2,1,1,4,0,0,0,0,3,1,2,2,9,1,10,2,16,99,1,2,4,K,80,,,,,,,,,,,,,,,,,,,,,,,,,,,95,95,95,95,,,9.8,998,998,998,99.8,99.8,99.8,507.393556464364,7,3
12515,13,126,1-13-2018-126-09,9,2,F10BLC59930,11,12,481,1976,39,5,39,0,1,F,9,9999,9,9999,9,0,1,64,1,0,0,995,0,0,0,76010,1,9,2,4,4,2,2,1,1,1,3,2,0,0,3,1,0,0,9,0,1,4,67,99,1,1,4,K,81,0,0,0,0,0,0,0,0,0,0,90,250,0,0,0,1,0,999,999,999,9999999,999,999,999,9,0,1,1,0,4,0,995,9.8,998,998,998,99.8,99.8,99.8,507.393556464364,7,3
12518,26,153,1-26-2018-153-02,2,1,KL8CH6SA7JC4,17,20,29,2018,5,1,1,0,1,F,3,1019,5,0,1,1,1,64,1,1,1,180,2,0,2,95824,9,1,2,1,3,1,2,1,1,1,1,3,0,0,3,1,1,2,9,0,1,2,17,99,1,1,4,J,69,0,0,0,0,0,0,0,0,0,0,340,85,0,0,0,1,1,43,-41,15,20233,998,52,20,0,1,2,9,0,3,0,995,9.8,998,998,998,99.8,99.8,99.8,53.6728328452944,10,3
12518,26,153,1-26-2018-153-02,2,2,JF1ZCAC10E96,17,48,46,2014,3,1,2,0,1,R,2,1280,5,68,2,1,1,64,1,0,9,998,8,0,9,95828,1,2,2,1,3,3,2,1,1,1,1,0,0,0,3,1,1,2,1,0,11,4,63,1,1,1,4,J,68,0,0,0,0,0,0,0,0,0,0,85,340,0,0,0,1,1,32,-16,-28,142234,998,29,48,0,1,3,22,1,3,0,995,9.8,998,998,998,99.8,99.8,99.8,53.6728328452944,10,3
12520,30,92,1-30-2018-092-04,4,1,5N1AT2MT8FC8,17,35,51,2015,6,1,3,0,1,F,1,1550,5,0,1,1,1,121,1,0,0,995,0,0,0,85226,1,2,0,3,2,2,2,1,3,2,3,2,1,3,5,1,0,0,1,0,14,3,50,4,1,1,2,D,20,0,0,0,0,0,0,0,0,0,0,345,340,0,0,0,1,1,17,-17,3,19066,998,-4,17,0,1,1,1,0,6,0,995,9.8,998,998,998,99.8,99.8,99.8,5678.92652354039,10,3
12520,30,92,1-30-2018-092-04,4,2,1FT7W2BT2GEC,17,12,481,2016,34,5,31,0,1,B,1,3149,5,0,1,2,0,121,1,0,0,995,0,0,0,85901,9,9,0,3,2,2,2,1,3,2,3,2,1,3,5,1,0,0,1,0,5,3,53,1,1,1,2,D,21,0,0,0,0,0,0,0,0,0,0,340,345,0,0,0,1,1,9,9,-2,8976,998,14,9,0,1,95,95,95,95,0,995,9.8,998,998,998,99.8,99.8,99.8,5678.92652354039,10,3
12525,17,151,1-17-2018-151-02,2,1,1FAHP35N69W1,17,12,37,2009,4,1,2,0,1,F,1,1189,5,0,1,1,1,72,1,9,0,995,0,7,0,61201,2,2,2,4,7,3,1,2,1,1,3,3,0,0,3,2,1,2,1,0,1,3,50,4,1,1,2,D,20,0,0,0,0,0,0,0,0,0,0,90,90,0,0,0,1,1,13,-13,0,8649,998,0,13,0,4,1,1,0,4,0,995,9.8,998,998,998,99.8,99.8,99.8,66.5018356291825,4,3
12525,17,151,1-17-2018-151-02,2,2,1FMCU0F79HUC,17,12,402,2017,14,3,14,0,1,B,1,1668,5,0,1,1,1,72,1,9,0,995,0,7,0,61264,1,2,2,4,7,3,1,2,1,1,3,3,0,0,3,2,1,2,1,0,5,3,53,1,1,1,2,D,21,0,0,0,0,0,0,0,0,0,0,90,90,0,0,0,1,1,10,10,0,6296,998,0,10,0,4,1,1,0,4,0,995,9.8,998,998,998,99.8,99.8,99.8,66.5018356291825,4,3
12525,17,151,1-17-2018-151-02,2,3,2G2WP5229512,17,22,20,2005,4,1,4,0,1,B,9,1577,5,9999,9,0,0,72,1,9,0,995,0,7,0,61201,9,9,2,4,7,3,1,2,1,1,3,3,0,0,3,2,1,2,9,0,5,3,53,99,1,1,6,M,98,0,0,0,0,0,0,0,0,0,0,90,90,0,0,0,2,0,999,999,999,9999999,999,999,999,9,0,95,95,95,95,0,995,9.8,998,998,998,99.8,99.8,99.8,66.5018356291825,4,3
12528,18,79,1-18-2018-079-06,6,1,1G1ZC5EUXBF3,17,20,37,2011,4,1,4,0,1,F,3,1549,5,0,1,1,1,56,1,1,1,329,2,0,1,54729,1,2,2,1,4,3,2,1,1,1,3,1,0,0,3,1,1,2,3,0,1,3,50,2,1,1,2,D,20,0,0,0,0,0,0,0,0,0,0,195,205,0,0,0,1,1,47,-47,0,65441,998,42,31,0,4,1,1,0,4,0,995,9.9,999,999,999,0.8,0.4,0.9,47.4756726492071,6,3
12528,18,79,1-18-2018-079-06,6,2,1FMFU18L04LB,17,12,422,2004,15,3,15,0,1,B,2,2579,5,0,1,1,1,56,1,0,0,995,0,0,0,54729,1,2,2,1,4,3,2,1,1,1,3,1,0,0,3,1,1,2,1,0,5,3,53,1,1,1,2,D,21,0,0,0,0,0,0,0,0,0,0,205,195,0,0,0,1,1,27,27,-5,192311,998,98,36,0,4,1,1,0,4,0,995,9.8,998,998,998,99.8,99.8,99.8,47.4756726492071,6,3
12533,31,78,1-31-2018-078-05,5,1,1G1ZC5EU9BF1,17,20,37,2011,4,1,4,0,1,F,1,1549,5,0,1,1,1,89,1,0,0,995,0,0,0,62959,2,9,0,4,2,1,2,1,1,1,1,2,0,0,2,1,0,0,9,0,1,6,87,99,1,1,1,C,13,0,0,0,0,0,0,0,0,0,0,998,998,0,0,0,1,10,999,999,999,9999999,999,-1,19,2,0,0,0,0,4,0,998,9.8,998,998,998,99.8,99.8,99.8,258.451364364423,6,3
12538,33,103,1-33-2018-103-06,6,1,JTHBJ46G2922,17,59,31,2009,4,1,4,0,1,F,1,1624,5,0,1,1,1,40,1,0,1,0,2,1,9,95973,1,1,0,4,2,1,2,1,1,1,0,0,0,0,3,1,0,0,9,1,1,2,13,2,1,4,1,A,1,0,0,0,0,0,0,0,0,0,0,998,998,0,0,0,1,10,999,999,999,9999999,999,-15,23,2,0,1,2,0,4,0,998,0.0,999,10,103,4.0,0.0,4.0,102.947141323222,12,3
12543,21,134,1-21-2018-134-05,5,1,1NXBU4EE3AZ2,17,49,32,2010,4,1,2,0,1,9,9,1279,5,9999,9,0,1,105,1,0,1,0,2,0,2,91350,1,1,0,2,4,2,1,1,2,9,3,3,0,0,2,1,0,0,3,1,14,2,12,99,9,4,1,B,6,0,0,0,0,0,0,0,0,0,0,998,998,0,0,0,1,0,999,999,999,9999999,999,999,999,9,0,2,5,0,3,0,998,4.2,120,999,999,0.0,0.0,0.0,38.2529428549158,11,3
12549,27,77,1-27-2018-077-10,10,1,3C4FY58B54T2,17,6,52,2004,6,1,2,0,1,B,1,1408,5,0,1,2,0,48,1,8,9,998,8,7,9,01247,9,9,2,4,2,1,2,8,1,4,0,2,0,0,1,1,1,2,1,0,5,3,52,1,1,1,2,D,21,0,0,0,0,0,0,0,0,0,0,230,230,0,0,0,1,98,999,999,999,9999999,999,999,999,6,0,95,95,95,95,0,995,9.8,998,998,998,99.8,99.8,99.8,50.7712561216653,3,3
12549,27,77,1-27-2018-077-10,10,2,SHSRD788X4U2,17,37,402,2004,14,3,14,0,1,F,1,1480,5,0,1,1,1,48,1,8,9,998,8,7,9,01247,1,2,2,4,2,1,2,8,1,4,0,2,0,0,1,1,1,2,1,0,2,3,50,2,1,1,2,D,20,0,0,0,0,0,0,0,0,0,0,230,230,0,0,0,1,98,999,999,999,9999999,999,999,999,6,0,0,0,0,0,0,995,9.8,998,998,998,99.8,99.8,99.8,50.7712561216653,3,3
12552,11,62,1-11-2018-062-03,3,1,5TESM92N53Z2,17,49,472,2003,34,5,30,0,1,L,1,1483,5,0,1,1,1,72,1,0,0,995,0,0,0,23236,9,9,2,4,2,1,2,5,1,1,0,0,0,0,1,1,2,2,1,0,1,2,19,99,1,1,5,L,89,0,0,0,0,0,0,0,0,0,0,50,130,0,0,0,1,1,24,0,24,26407,998,-21,21,0,4,99,99,0,99,0,995,9.8,998,998,998,99.8,99.8,99.8,270.553182971186,8,3
12552,11,62,1-11-2018-062-03,3,2,1FAHP2E88EG1,17,12,17,2014,4,1,4,0,1,F,1,1822,5,0,1,1,1,72,1,0,0,995,0,0,0,23237,2,9,2,1,4,2,2,1,3,1,1,3,0,0,1,1,0,0,1,0,14,4,68,3,2,1,5,L,88,0,0,0,0,0,0,0,0,0,0,130,50,0,0,0,1,1,19,-19,-3,36193,998,-37,22,0,4,0,0,0,4,0,995,9.8,998,998,998,99.8,99.8,99.8,270.553182971186,8,3
12560,24,115,1-24-2018-115-03,3,1,JF2SJAEC9JH5,17,48,401,2018,14,3,14,0,1,F,1,1552,8,0,1,1,1,89,1,0,1,0,2,0,0,08330,1,2,2,2,2,2,2,1,1,1,1,2,0,0,1,1,1,2,1,0,1,4,66,7,1,1,5,L,88,1,4,2,6,2,4,54,4,1,19,300,225,0,0,0,1,1,16,-15,-6,9853,998,-8,13,0,4,2,5,0,3,3,995,1.0,999,999,999,0.0,1.0,0.5,88.3608436169945,1,3
12560,24,115,1-24-2018-115-03,3,2,JTEHH20VX201,17,49,402,2002,14,3,14,0,1,L,1,1305,5,0,1,1,1,40,1,0,1,0,2,0,0,08330,2,2,2,4,3,1,2,1,1,1,0,1,0,0,1,1,1,2,1,0,1,2,17,8,1,1,5,L,89,0,0,0,0,0,0,0,0,0,0,225,300,0,0,0,1,1,19,-3,19,42626,998,114,21,0,4,1,1,0,4,0,995,1.0,999,999,999,1.5,1.0,1.7,88.3608436169945,1,3
12565,77,53,1-77-2018-053-10,10,1,JHMCD5650SC0,17,37,32,1995,4,1,3,0,1,F,9,1305,5,9999,9,0,1,72,1,0,0,995,0,0,0,22937,1,2,0,4,2,1,2,2,3,2,0,0,0,0,1,2,0,0,1,1,14,1,5,98,9,4,1,A,2,0,0,0,0,0,0,0,0,0,0,998,998,0,0,0,1,0,999,999,999,9999999,999,999,999,9,0,1,2,0,6,0,998,0.0,120,75,55,5.6,2.7,6.0,1657.13240246054,9,3
12566,32,167,1-32-2018-167-03,3,1,1FDRF3GT7GED,17,12,481,2016,40,6,45,6,1,L,1,3116,5,9999,9,4,1,48,1,0,0,995,0,0,0,75201,9,9,2,1,4,2,1,1,1,1,1,1,0,0,3,1,1,2,9,0,1,3,55,99,1,1,5,L,89,0,0,0,0,0,0,0,0,0,0,260,350,0,0,0,1,5,999,999,999,9999999,999,999,18,2,0,0,0,0,0,0,995,0.0,999,999,120,2.3,3.9,4.1,370.949241126472,7,3
12566,32,167,1-32-2018-167-03,3,2,2GNALBEKXF11,17,20,404,2015,14,3,14,0,1,F,1,1706,5,0,1,1,1,48,1,0,0,995,0,0,0,75227,9,9,2,4,2,1,2,1,1,1,0,0,0,0,3,1,1,2,9,0,1,3,55,9,1,1,5,L,88,0,0,0,0,0,0,0,0,0,0,350,260,0,0,0,1,5,999,999,999,9999999,999,999,13,2,0,9,97,0,5,0,995,9.8,998,998,998,99.8,99.8,99.8,370.949241126472,7,3
12578,10,81,1-10-2018-081-04,4,1,1FTEW1EF8GFB,17,12,481,2016,34,5,30,0,1,R,2,2217,9,9999,9,0,0,40,1,0,0,995,0,0,0,45066,9,9,2,4,2,1,2,1,1,1,1,1,0,0,5,1,2,2,1,0,1,2,17,99,1,1,5,L,87,0,0,0,0,0,0,0,0,0,0,340,250,0,0,0,1,3,28,-14,-24,130095,998,62,37,0,4,95,95,95,95,0,995,9.8,998,998,998,99.8,99.8,99.8,143.695774956901,4,3
12578,10,81,1-10-2018-081-04,4,2,5FNRL5H61FB0,17,37,441,2015,20,4,20,0,1,F,2,2067,5,0,1,1,1,80,1,0,0,995,0,0,0,45066,1,2,2,4,2,1,2,1,1,1,1,2,0,0,5,1,0,0,1,0,1,4,66,2,1,1,5,L,86,0,0,0,0,0,0,0,0,0,0,250,340,0,0,0,1,3,29,-25,14,47768,998,113,19,0,4,1,1,0,0,0,995,9.8,998,998,998,99.8,99.8,99.8,143.695774956901,4,3
12585,13,127,1-13-2018-127-07,7,1,3LNHM26T09R6,17,13,13,2009,4,1,3,0,1,F,2,1603,5,0,1,1,1,64,1,0,0,995,0,0,0,75050,1,9,3,1,2,2,2,1,1,1,3,0,0,0,3,1,0,0,9,1,1,2,12,99,1,4,1,B,6,0,0,0,0,0,0,0,0,0,0,998,998,0,0,1,1,8,999,999,999,9999999,999,999,999,7,0,99,99,0,99,0,998,0.0,19,19,45,9.0,3.4,9.6,245.72291174231,7,3
12599,30,93,1-30-2018-093-03,3,1,5FNRL5H60EB1,17,37,441,2014,20,4,20,0,1,R,1,2067,5,0,2,0,1,72,1,0,0,995,0,0,0,85258,7,9,2,1,4,4,2,1,1,1,1,0,0,0,5,1,1,2,9,0,11,2,15,99,1,1,4,J,68,0,0,0,0,0,0,0,0,0,0,80,325,0,0,0,1,3,14,-5,-13,31691,998,46,19,0,4,1,1,0,99,0,995,0.0,12,12,999,2.4,1.2,2.5,99.9351801812094,10,3
12599,30,93,1-30-2018-093-03,3,2,JM1BM1V70G13,17,41,51,2016,4,1,3,0,1,F,1,1327,5,0,1,1,1,72,1,0,0,995,0,0,0,85023,1,2,2,1,4,3,2,1,1,1,3,1,0,0,5,1,1,2,1,0,1,4,62,2,1,1,4,J,69,0,0,0,0,0,0,0,0,0,0,325,80,0,0,0,1,3,22,-22,0,14262,998,52,15,0,4,1,2,0,4,0,995,9.8,998,998,998,99.8,99.8,99.8,99.9351801812094,10,3
12601,26,154,1-26-2018-154-05,5,1,4T1BF1FK5CU0,17,49,40,2012,4,1,3,0,1,F,2,1441,5,0,1,1,1,64,1,1,1,280,2,0,1,95823,1,9,2,1,6,4,2,1,1,1,3,1,0,0,3,1,1,2,9,0,1,3,50,2,1,1,2,D,20,0,0,0,0,0,0,0,0,0,0,75,75,0,0,0,1,3,29,-29,0,38391,998,-12,25,0,4,2,6,0,3,0,995,9.8,998,998,998,99.8,99.8,99.8,47.1565872283539,10,3
12601,26,154,1-26-2018-154-05,5,2,1GKEK13T55R2,17,23,421,2005,15,3,15,0,1,B,1,2506,5,9999,9,0,0,64,1,0,0,995,0,0,0,95828,9,9,2,1,6,4,2,1,1,1,3,1,0,0,3,1,1,2,9,0,5,3,53,1,1,1,2,D,21,0,0,0,0,0,0,0,0,0,0,75,75,0,0,0,1,3,17,17,0,40404,998,0,20,0,4,95,95,95,95,0,995,9.8,998,998,998,99.8,99.8,99.8,47.1565872283539,10,3
12601,26,154,1-26-2018-154-05,5,3,1NXBR32E15Z3,17,49,32,2005,4,1,2,0,1,B,2,1135,5,9999,9,4,0,64,1,0,0,995,0,0,0,95822,9,9,2,1,6,4,2,1,1,1,3,1,0,0,3,1,1,2,9,0,5,3,53,1,1,1,6,M,98,0,0,0,0,0,0,0,0,0,0,75,75,0,0,0,2,12,999,999,999,9999999,999,999,999,7,0,95,95,95,95,0,995,9.8,998,998,998,99.8,99.8,99.8,47.1565872283539,10,3
12604,22,87,1-22-2018-087-09,9,1,1HGCM563X6A0,17,37,32,2006,4,1,3,0,1,T,9,1440,5,9999,9,0,1,40,1,1,2,996,1,7,0,83501,1,2,0,5,3,1,2,1,1,1,0,2,0,0,3,1,0,0,3,1,1,2,11,1,1,4,1,A,1,1,4,2,1,7,4,2,3,2,999,90,90,0,0,0,2,0,999,999,999,9999999,999,999,999,9,0,1,1,0,0,1,995,9.8,998,998,998,99.8,99.8,99.8,35.3459878157341,12,3
12604,22,87,1-22-2018-087-09,9,2,2C3JA53G15H1,17,6,51,2005,4,1,5,0,2,L,1,1710,5,9999,9,4,,,,,,,,,,,,,,,,,,,,,,,,,,,,,,,,,,,,,,,,,,,,,,,,,,,,,,,,,,,,,,,,,,95,95,95,95,,,,,,,,,,35.3459878157341,12,3
12614,21,135,1-21-2018-135-06,6,1,3FAHP0JA1BR1,17,12,23,2011,4,1,3,0,1,F,1,1490,5,0,1,1,1,64,1,9,0,995,0,9,0,99999,9,9,2,4,3,2,2,1,1,1,1,2,0,0,5,1,2,2,9,0,1,3,50,2,1,1,2,D,20,0,0,0,0,0,0,0,0,0,0,80,80,0,0,0,1,3,22,-22,0,14262,998,0,16,0,4,99,99,0,99,0,995,9.8,998,998,998,99.8,99.8,99.8,16.5122610838324,11,3
12614,21,135,1-21-2018-135-06,6,2,JTHBF30G9200,17,59,31,2002,4,1,3,0,1,B,1,1560,5,0,2,4,1,64,1,0,0,995,0,0,0,92376,9,1,2,4,3,2,2,1,1,1,1,2,0,0,5,1,2,2,9,0,5,3,53,1,1,1,2,D,21,0,0,0,0,0,0,0,0,0,0,80,80,0,0,0,1,3,19,19,0,37595,998,0,24,0,4,0,0,0,6,0,995,9.8,998,998,998,99.8,99.8,99.8,16.5122610838324,11,3
12619,20,129,1-20-2018-129-03,3,1,JHMCB7644MC0,17,37,32,1991,4,1,3,0,1,F,1,1253,5,9999,9,0,1,56,1,0,0,995,0,0,0,93905,9,1,2,5,2,1,2,1,2,1,1,2,0,0,2,8,0,0,9,0,11,2,15,99,1,1,4,J,68,0,0,0,0,0,0,0,0,0,0,40,260,0,0,0,1,3,8,-6,5,2794,998,130,5,0,4,0,0,0,0,0,995,9.8,998,998,998,99.8,99.8,99.8,95.8462662828593,11,3
12619,20,129,1-20-2018-129-03,3,2,3GCUKREC3EG3,17,20,481,2014,34,5,31,0,1,L,1,2409,5,0,2,1,1,56,1,0,0,995,0,0,0,93905,7,1,2,4,2,1,2,1,3,1,1,2,0,0,2,8,0,0,1,0,14,4,62,9,1,1,4,J,69,0,0,0,0,0,0,0,0,0,0,260,40,0,0,0,1,3,4,-1,4,5660,998,-142,6,0,4,0,0,0,0,0,995,9.8,998,998,998,99.8,99.8,99.8,95.8462662828593,11,3
12622,33,105,1-33-2018-105-10,10,1,2T1BB02E6VC1,17,49,32,1997,4,1,1,0,1,R,1,1045,5,0,1,1,1,48,1,1,9,998,8,9,9,95973,1,2,2,1,2,1,2,1,1,1,0,5,0,0,3,1,1,2,9,1,11,2,15,99,1,2,4,J,68,0,0,0,0,0,0,0,0,0,0,90,345,0,0,0,1,3,13,-5,-13,10028,998,-32,14,0,4,0,0,0,0,0,995,9.8,998,998,998,99.8,99.8,99.8,37.5853869898296,12,3
12622,33,105,1-33-2018-105-10,10,2,3G5DB03E75S5,17,18,401,2005,14,3,14,0,1,F,1,1792,5,0,1,1,1,48,1,0,9,998,8,0,9,95928,2,2,2,1,3,3,2,1,1,1,5,0,0,0,3,1,1,2,1,0,1,4,62,4,1,2,4,J,69,0,0,0,0,0,0,0,0,0,0,345,90,0,0,0,1,3,8,-8,0,3354,998,0,7,0,4,1,1,0,0,0,995,9.8,998,998,998,99.8,99.8,99.8,37.5853869898296,12,3